ClipIndex,RelativePath,Label,Dataset,Seed,DecodedFrames,Resolution
0,side kick/0jD38s-_XXA.mp4,side kick,k400,0,32,224x224
1,playing harp/XZ4TXa4UWb0.mp4,playing harp,k400,0,32,224x224
2,setting table/iIiNA95QWXY.mp4,setting table,k400,0,32,224x224
3,folding clothes/gFyntktO8p0.mp4,folding clothes,k400,0,32,224x224
4,somersaulting/3cSB60I9K6Y.mp4,somersaulting,k400,0,32,224x224
5,washing dishes/xks8SjXSW-M.mp4,washing dishes,k400,0,32,224x224
6,bungee jumping/zt6a5C_m0PQ.mp4,bungee jumping,k400,0,32,224x224
7,flipping pancake/JknRHxe8PMs.mp4,flipping pancake,k400,0,32,224x224
8,eating doughnuts/GXcgP-XFg6k.mp4,eating doughnuts,k400,0,32,224x224
9,swinging legs/i0n5CTTDaO4.mp4,swinging legs,k400,0,32,224x224
10,sled dog racing/jGCN3P8J584.mp4,sled dog racing,k400,0,32,224x224
11,mopping floor/wRvXGahbfzs.mp4,mopping floor,k400,0,32,224x224
12,bouncing on trampoline/83yKtBN2-fg.mp4,bouncing on trampoline,k400,0,32,224x224
13,climbing tree/aJJmEir_Ipk.mp4,climbing tree,k400,0,32,224x224
14,punching bag/FoDEAHzmkpM.mp4,punching bag,k400,0,32,224x224
15,arm wrestling/VOJxu3gsGgg.mp4,arm wrestling,k400,0,32,224x224
16,barbequing/L5rL7EJSbHw.mp4,barbequing,k400,0,32,224x224
17,eating ice cream/_LMykjP85Uc.mp4,eating ice cream,k400,0,32,224x224
18,biking through snow/2ntnetxjdj8.mp4,biking through snow,k400,0,32,224x224
19,playing recorder/KHVqcXbDArY.mp4,playing recorder,k400,0,32,224x224
20,building shed/-QFgr_vuykY.mp4,building shed,k400,0,32,224x224
21,recording music/jfnZ6Zaqp4Y.mp4,recording music,k400,0,32,224x224
22,capoeira/aL1h6vGkRaA.mp4,capoeira,k400,0,32,224x224
23,riding scooter/AfmlzNQj4_k.mp4,riding scooter,k400,0,32,224x224
24,trapezing/Dm718Ltyt2Q.mp4,trapezing,k400,0,32,224x224
25,walking the dog/CO0ZjEbsol4.mp4,walking the dog,k400,0,32,224x224
26,trapezing/aw9ZpTLxWLA.mp4,trapezing,k400,0,32,224x224
27,driving car/E2tDkF68daw.mp4,driving car,k400,0,32,224x224
28,cleaning shoes/DLXRv1AoLv0.mp4,cleaning shoes,k400,0,32,224x224
29,playing trumpet/slupGPbZj18.mp4,playing trumpet,k400,0,32,224x224
30,cleaning windows/uafazjx8pX8.mp4,cleaning windows,k400,0,32,224x224
31,pushing wheelchair/gQ1mZ_feqIM.mp4,pushing wheelchair,k400,0,32,224x224
32,tickling/Jq8eDgY8sNA.mp4,tickling,k400,0,32,224x224
33,jetskiing/EifxoYGB7Ew.mp4,jetskiing,k400,0,32,224x224
34,dunking basketball/uct41DYNSP0.mp4,dunking basketball,k400,0,32,224x224
35,riding or walking with horse/qayc69fTgns.mp4,riding or walking with horse,k400,0,32,224x224
36,brushing hair/Qk-3RGy0rwk.mp4,brushing hair,k400,0,32,224x224
37,surfing water/FGQVPyxhbwM.mp4,surfing water,k400,0,32,224x224
38,writing/3KXsfxdUAJ4.mp4,writing,k400,0,32,224x224
39,running on treadmill/DayLrPiV-CQ.mp4,running on treadmill,k400,0,32,224x224
40,tapping guitar/eM0FUowh19c.mp4,tapping guitar,k400,0,32,224x224
41,drinking/0iBdotM2pUY.mp4,drinking,k400,0,32,224x224
42,baking cookies/7QDJMWK9BFo.mp4,baking cookies,k400,0,32,224x224
43,hammer throw/5dvJR1YvDDI.mp4,hammer throw,k400,0,32,224x224
44,springboard diving/A7Gk0xmmMlg.mp4,springboard diving,k400,0,32,224x224
45,snowkiting/oa5hJb2efQI.mp4,snowkiting,k400,0,32,224x224
46,motorcycling/gK8svOkt1C4.mp4,motorcycling,k400,0,32,224x224
47,shuffling cards/sLIS4c2dUwc.mp4,shuffling cards,k400,0,32,224x224
48,flying kite/5ydddkVzuWQ.mp4,flying kite,k400,0,32,224x224
49,doing nails/ZwHb9JTVaIk.mp4,doing nails,k400,0,32,224x224
50,krumping/JuBKT-ftmzU.mp4,krumping,k400,0,32,224x224
51,eating hotdog/IK6C7-nYsf8.mp4,eating hotdog,k400,0,32,224x224
52,vault/oKpLLx0WRjk.mp4,vault,k400,0,32,224x224
53,playing harmonica/8vLjOkynnzM.mp4,playing harmonica,k400,0,32,224x224
54,laughing/ymhNuz5z-mM.mp4,laughing,k400,0,32,224x224
55,throwing discus/TZ983_redXo.mp4,throwing discus,k400,0,32,224x224
56,smoking hookah/Gbcs2r8cOQQ.mp4,smoking hookah,k400,0,32,224x224
57,riding camel/r7sZeLXrLNo.mp4,riding camel,k400,0,32,224x224
58,crawling baby/mlBgC0FU8os.mp4,crawling baby,k400,0,32,224x224
59,waxing eyebrows/EFUO9d68jwM.mp4,waxing eyebrows,k400,0,32,224x224
60,country line dancing/0RbEI2D8NHg.mp4,country line dancing,k400,0,32,224x224
61,crying/gbIY81mOio0.mp4,crying,k400,0,32,224x224
62,hammer throw/TfUEJLAiVoQ.mp4,hammer throw,k400,0,32,224x224
63,catching or throwing frisbee/fVBGOm-PnVE.mp4,catching or throwing frisbee,k400,0,32,224x224
64,making jewelry/6fYelkDFeWk.mp4,making jewelry,k400,0,32,224x224
65,feeding birds/KlL7aVaVzc8.mp4,feeding birds,k400,0,32,224x224
66,playing xylophone/Ya0ktENGbcM.mp4,playing xylophone,k400,0,32,224x224
67,cleaning floor/fP84rkcBzPA.mp4,cleaning floor,k400,0,32,224x224
68,playing recorder/OTKaeQGNad4.mp4,playing recorder,k400,0,32,224x224
69,swinging on something/hiUlICwrksI.mp4,swinging on something,k400,0,32,224x224
70,opening present/iBpxG-YWNws.mp4,opening present,k400,0,32,224x224
71,cooking chicken/DEAu1SQZg6c.mp4,cooking chicken,k400,0,32,224x224
72,skiing (not slalom or crosscountry)/b1JWOzRx61g.mp4,skiing (not slalom or crosscountry),k400,0,32,224x224
73,playing cello/CgQSFpuXQso.mp4,playing cello,k400,0,32,224x224
74,capoeira/txpOMPhfA_E.mp4,capoeira,k400,0,32,224x224
75,rock climbing/RhWRNQC0TRo.mp4,rock climbing,k400,0,32,224x224
76,playing piano/dMKKPrgy9Cw.mp4,playing piano,k400,0,32,224x224
77,dribbling basketball/y5ay0mjjIJ0.mp4,dribbling basketball,k400,0,32,224x224
78,crying/ZIKHczBeO-M.mp4,crying,k400,0,32,224x224
79,cleaning windows/hhEmjbnyk3A.mp4,cleaning windows,k400,0,32,224x224
80,diving cliff/f0XxH_VREUE.mp4,diving cliff,k400,0,32,224x224
81,snowkiting/QEIiW2CqYys.mp4,snowkiting,k400,0,32,224x224
82,playing violin/NJ4SiXNzQUk.mp4,playing violin,k400,0,32,224x224
83,trapezing/idRiyNogFl0.mp4,trapezing,k400,0,32,224x224
84,cooking on campfire/v6YR_KztaqQ.mp4,cooking on campfire,k400,0,32,224x224
85,crying/o3eiIQb3YsM.mp4,crying,k400,0,32,224x224
86,snatch weight lifting/19m9ZmEOstE.mp4,snatch weight lifting,k400,0,32,224x224
87,getting a tattoo/F7KRv4NThuI.mp4,getting a tattoo,k400,0,32,224x224
88,pushing cart/7P1rQA02ESw.mp4,pushing cart,k400,0,32,224x224
89,playing volleyball/cACMrMb3Rmo.mp4,playing volleyball,k400,0,32,224x224
90,archery/x0iY6hxL6Sw.mp4,archery,k400,0,32,224x224
91,cheerleading/YwBBcB5_qTQ.mp4,cheerleading,k400,0,32,224x224
92,ice fishing/C4paPXc3jbk.mp4,ice fishing,k400,0,32,224x224
93,rock climbing/kYzSiLx-c9E.mp4,rock climbing,k400,0,32,224x224
94,finger snapping/VXuaeIzPmEQ.mp4,finger snapping,k400,0,32,224x224
95,sanding floor/yRE0geFLJZk.mp4,sanding floor,k400,0,32,224x224
96,playing violin/nJagW-LI_4Q.mp4,playing violin,k400,0,32,224x224
97,tobogganing/wKNXmH8lYyc.mp4,tobogganing,k400,0,32,224x224
98,frying vegetables/hoNQss0-2Po.mp4,frying vegetables,k400,0,32,224x224
99,making a cake/JbjhdnEXQSc.mp4,making a cake,k400,0,32,224x224
100,waxing eyebrows/_d_BlPmbmRg.mp4,waxing eyebrows,k400,0,32,224x224
101,playing trombone/WBQ5KeJzzwg.mp4,playing trombone,k400,0,32,224x224
102,lunge/T9NSvh1-9WA.mp4,lunge,k400,0,32,224x224
103,folding clothes/jgs6nhIOjAI.mp4,folding clothes,k400,0,32,224x224
104,tango dancing/_6PYt-fmMto.mp4,tango dancing,k400,0,32,224x224
105,making pizza/MwojzrZ-mOg.mp4,making pizza,k400,0,32,224x224
106,brush painting/ALZxokw2VXs.mp4,brush painting,k400,0,32,224x224
107,headbanging/MtiyZuTPuM8.mp4,headbanging,k400,0,32,224x224
108,mowing lawn/OGm-hY42q6E.mp4,mowing lawn,k400,0,32,224x224
109,running on treadmill/9ScAzNBxMmY.mp4,running on treadmill,k400,0,32,224x224
110,flying kite/kGC-4mYyi1I.mp4,flying kite,k400,0,32,224x224
111,sharpening pencil/mv_7gMPZct8.mp4,sharpening pencil,k400,0,32,224x224
112,climbing ladder/l_crty3OqBw.mp4,climbing ladder,k400,0,32,224x224
113,checking tires/D0YTcllsZnA.mp4,checking tires,k400,0,32,224x224
114,surfing crowd/EHxt-Sz6YPs.mp4,surfing crowd,k400,0,32,224x224
115,crying/2g92H6n22OA.mp4,crying,k400,0,32,224x224
116,playing cello/m3RzaUa9QG0.mp4,playing cello,k400,0,32,224x224
117,hula hooping/0XMoZoVWkl0.mp4,hula hooping,k400,0,32,224x224
118,climbing a rope/nXVJnt8LZvI.mp4,climbing a rope,k400,0,32,224x224
119,somersaulting/3FoDfywuxd8.mp4,somersaulting,k400,0,32,224x224
120,throwing discus/N3mNdeuvpwM.mp4,throwing discus,k400,0,32,224x224
121,tango dancing/jGQG0ni4p9I.mp4,tango dancing,k400,0,32,224x224
122,hurling (sport)/N8alDD1NckY.mp4,hurling (sport),k400,0,32,224x224
123,breakdancing/_snlvqeStGI.mp4,breakdancing,k400,0,32,224x224
124,blowing leaves/Gq3y_BOcpgg.mp4,blowing leaves,k400,0,32,224x224
125,eating ice cream/jwS_vX3Dtec.mp4,eating ice cream,k400,0,32,224x224
126,ice fishing/D2ZdQ1762YY.mp4,ice fishing,k400,0,32,224x224
127,stomping grapes/3OBBdGQqs7I.mp4,stomping grapes,k400,0,32,224x224
128,climbing ladder/uO2F_CbuGDs.mp4,climbing ladder,k400,0,32,224x224
129,cutting watermelon/jwHIXpTQbIM.mp4,cutting watermelon,k400,0,32,224x224
130,playing paintball/8bM5PhOfOXU.mp4,playing paintball,k400,0,32,224x224
131,diving cliff/WLp9lvDXfNU.mp4,diving cliff,k400,0,32,224x224
132,blowing out candles/H1Eg8lNbP8o.mp4,blowing out candles,k400,0,32,224x224
133,push up/f4jLZpGsS_Y.mp4,push up,k400,0,32,224x224
134,passing American football (not in game)/qFH7CsEelRE.mp4,passing American football (not in game),k400,0,32,224x224
135,long jump/Tb-LcydZGxY.mp4,long jump,k400,0,32,224x224
136,kitesurfing/bOGmb_SGMkc.mp4,kitesurfing,k400,0,32,224x224
137,swimming breast stroke/qwASyGCh_Zc.mp4,swimming breast stroke,k400,0,32,224x224
138,playing didgeridoo/oN0EpQSZbnU.mp4,playing didgeridoo,k400,0,32,224x224
139,playing trombone/L6ZahNKQXpk.mp4,playing trombone,k400,0,32,224x224
140,ice climbing/_yQOoRN9Wf8.mp4,ice climbing,k400,0,32,224x224
141,chopping wood/1QEqcxAWH78.mp4,chopping wood,k400,0,32,224x224
142,playing piano/9FUbczQBBeA.mp4,playing piano,k400,0,32,224x224
143,canoeing or kayaking/i0X5PJitw_U.mp4,canoeing or kayaking,k400,0,32,224x224
144,pushing car/ZSNYYBxZC0o.mp4,pushing car,k400,0,32,224x224
145,ironing/yR0fzrrtdNw.mp4,ironing,k400,0,32,224x224
146,crossing river/JozAka0LyUE.mp4,crossing river,k400,0,32,224x224
147,blasting sand/ryZzdwPXrFY.mp4,blasting sand,k400,0,32,224x224
148,celebrating/_HKhaJVitzs.mp4,celebrating,k400,0,32,224x224
149,zumba/uJq41mLYHwc.mp4,zumba,k400,0,32,224x224
150,capoeira/4Fyr8Q4scPE.mp4,capoeira,k400,0,32,224x224
151,eating chips/ByFuPDDXJ70.mp4,eating chips,k400,0,32,224x224
152,riding mule/x3huex73K94.mp4,riding mule,k400,0,32,224x224
153,playing saxophone/ZCDgCncqWYw.mp4,playing saxophone,k400,0,32,224x224
154,hitting baseball/nVHE8T3xkJA.mp4,hitting baseball,k400,0,32,224x224
155,dancing gangnam style/mlGoc5gHRSo.mp4,dancing gangnam style,k400,0,32,224x224
156,opening present/gBuH2vD7moc.mp4,opening present,k400,0,32,224x224
157,playing tennis/T3Q10NrKG8k.mp4,playing tennis,k400,0,32,224x224
158,pull ups/8DUYT_PGwjg.mp4,pull ups,k400,0,32,224x224
159,massaging back/nArwzECtgXU.mp4,massaging back,k400,0,32,224x224
160,mowing lawn/dq8f6lBI2ws.mp4,mowing lawn,k400,0,32,224x224
161,taking a shower/StHM1MGA4XQ.mp4,taking a shower,k400,0,32,224x224
162,shining shoes/fYD1U_jdf1M.mp4,shining shoes,k400,0,32,224x224
163,somersaulting/MiN84MPUlLk.mp4,somersaulting,k400,0,32,224x224
164,dining/8vAaCZPzUYE.mp4,dining,k400,0,32,224x224
165,climbing tree/Hqqv4KerL6k.mp4,climbing tree,k400,0,32,224x224
166,climbing ladder/boHGaE8c8i4.mp4,climbing ladder,k400,0,32,224x224
167,triple jump/n1mLHIIOtX0.mp4,triple jump,k400,0,32,224x224
168,tying bow tie/hhIUBxu8DLM.mp4,tying bow tie,k400,0,32,224x224
169,golf driving/iuvXKUO8dGU.mp4,golf driving,k400,0,32,224x224
170,bookbinding/pCwPoYtSrCk.mp4,bookbinding,k400,0,32,224x224
171,balloon blowing/0e13-uPv0DM.mp4,balloon blowing,k400,0,32,224x224
172,tango dancing/_3UJof8sS9Q.mp4,tango dancing,k400,0,32,224x224
173,shoveling snow/iQhEJOOiPaI.mp4,shoveling snow,k400,0,32,224x224
174,knitting/dyPeDKbk7ic.mp4,knitting,k400,0,32,224x224
175,punching bag/2ooVtQIIQKk.mp4,punching bag,k400,0,32,224x224
176,curling hair/qgQ16kKOt2M.mp4,curling hair,k400,0,32,224x224
177,capoeira/NEIDwzrmgCg.mp4,capoeira,k400,0,32,224x224
178,drinking beer/owahEqTQQY0.mp4,drinking beer,k400,0,32,224x224
179,surfing crowd/ZLDupUg5YSA.mp4,surfing crowd,k400,0,32,224x224
180,playing guitar/b4BbK0ZzOLY.mp4,playing guitar,k400,0,32,224x224
181,sanding floor/plGkWpdNx0E.mp4,sanding floor,k400,0,32,224x224
182,tango dancing/7HPFvIGgTR0.mp4,tango dancing,k400,0,32,224x224
183,dancing ballet/DhqzAVMHKZk.mp4,dancing ballet,k400,0,32,224x224
184,riding mountain bike/CF917VDeAw0.mp4,riding mountain bike,k400,0,32,224x224
185,waxing chest/VSaEMT9JsB4.mp4,waxing chest,k400,0,32,224x224
186,spinning poi/DLV9hhzTx9Q.mp4,spinning poi,k400,0,32,224x224
187,bartending/Bu00M4cZMdM.mp4,bartending,k400,0,32,224x224
188,playing monopoly/yVgOP3oEUa4.mp4,playing monopoly,k400,0,32,224x224
189,finger snapping/HGBFmkmmIrE.mp4,finger snapping,k400,0,32,224x224
190,playing recorder/pioyE3lyxg4.mp4,playing recorder,k400,0,32,224x224
191,drawing/2wESWDzLjlg.mp4,drawing,k400,0,32,224x224
192,laying bricks/KZxYcspdyvw.mp4,laying bricks,k400,0,32,224x224
193,doing aerobics/g7SfXXNNiXU.mp4,doing aerobics,k400,0,32,224x224
194,catching or throwing baseball/lv9a8by_oqc.mp4,catching or throwing baseball,k400,0,32,224x224
195,extinguishing fire/gjK3VAs_AH8.mp4,extinguishing fire,k400,0,32,224x224
196,contact juggling/hx3-p-We63M.mp4,contact juggling,k400,0,32,224x224
197,feeding goats/YgCkiak_xa8.mp4,feeding goats,k400,0,32,224x224
198,using segway/6Lnz-s6V0cU.mp4,using segway,k400,0,32,224x224
199,hammer throw/iHF4ME7heSM.mp4,hammer throw,k400,0,32,224x224
200,gymnastics tumbling/_PLQS-xMsFc.mp4,gymnastics tumbling,k400,0,32,224x224
201,stretching arm/abhVixzt4oQ.mp4,stretching arm,k400,0,32,224x224
202,tossing salad/f_RJrp1ucrQ.mp4,tossing salad,k400,0,32,224x224
203,golf driving/lWP5GOof2CQ.mp4,golf driving,k400,0,32,224x224
204,stretching arm/Q5Cm3eukAwY.mp4,stretching arm,k400,0,32,224x224
205,belly dancing/AVbdiD7D1r8.mp4,belly dancing,k400,0,32,224x224
206,snorkeling/FrMW2IBCUHY.mp4,snorkeling,k400,0,32,224x224
207,tai chi/cy061h50Jv4.mp4,tai chi,k400,0,32,224x224
208,hula hooping/K8VThbCsWp8.mp4,hula hooping,k400,0,32,224x224
209,laughing/94vY3aLcdKc.mp4,laughing,k400,0,32,224x224
210,lunge/UhYwuOo2kCk.mp4,lunge,k400,0,32,224x224
211,washing hands/Re6W9I_DDtg.mp4,washing hands,k400,0,32,224x224
212,shaking hands/ifEeMXb2mFY.mp4,shaking hands,k400,0,32,224x224
213,tap dancing/zBb9hTyLjfM.mp4,tap dancing,k400,0,32,224x224
214,hammer throw/Q1lYF35RNL8.mp4,hammer throw,k400,0,32,224x224
215,chopping wood/XSTrdWiSMWk.mp4,chopping wood,k400,0,32,224x224
216,stretching arm/06yuBTzN910.mp4,stretching arm,k400,0,32,224x224
217,welding/mBDFiHQxTJI.mp4,welding,k400,0,32,224x224
218,clapping/hupvdEqBkO8.mp4,clapping,k400,0,32,224x224
219,tying knot (not on a tie)/lXI4brV6wks.mp4,tying knot (not on a tie),k400,0,32,224x224
220,biking through snow/_7JeyG1rP2I.mp4,biking through snow,k400,0,32,224x224
221,feeding goats/yizzCqrr1G0.mp4,feeding goats,k400,0,32,224x224
222,mowing lawn/R0OtUVbdwHs.mp4,mowing lawn,k400,0,32,224x224
223,wrestling/Kat3CuvSVxU.mp4,wrestling,k400,0,32,224x224
224,trimming or shaving beard/bVMxBXeYMr0.mp4,trimming or shaving beard,k400,0,32,224x224
225,brushing teeth/-LR0gXR8c9c.mp4,brushing teeth,k400,0,32,224x224
226,dancing charleston/iCIW_bMX9GM.mp4,dancing charleston,k400,0,32,224x224
227,long jump/SHtWoCMw2J8.mp4,long jump,k400,0,32,224x224
228,playing chess/zmORdRqw-aY.mp4,playing chess,k400,0,32,224x224
229,giving or receiving award/1idvXPxy3pk.mp4,giving or receiving award,k400,0,32,224x224
230,pole vault/Z-vQNpG4JKs.mp4,pole vault,k400,0,32,224x224
231,eating carrots/7ojtnCZOEA8.mp4,eating carrots,k400,0,32,224x224
232,cartwheeling/zd6abdEQkZc.mp4,cartwheeling,k400,0,32,224x224
233,crawling baby/RQW-uUkVp2o.mp4,crawling baby,k400,0,32,224x224
234,kicking field goal/pNDibgCq6WI.mp4,kicking field goal,k400,0,32,224x224
235,jumping into pool/nX48z_oGJhU.mp4,jumping into pool,k400,0,32,224x224
236,getting a haircut/yTrUohK8IDY.mp4,getting a haircut,k400,0,32,224x224
237,bee keeping/zbkL1yR2tnQ.mp4,bee keeping,k400,0,32,224x224
238,pole vault/UkpD_T1-qB4.mp4,pole vault,k400,0,32,224x224
239,hurling (sport)/cyv3mr24MrM.mp4,hurling (sport),k400,0,32,224x224
240,sweeping floor/EaqJJv_Usds.mp4,sweeping floor,k400,0,32,224x224
241,windsurfing/5tV5jfN3kg4.mp4,windsurfing,k400,0,32,224x224
242,sweeping floor/2Mf_Svl0SpA.mp4,sweeping floor,k400,0,32,224x224
243,skiing (not slalom or crosscountry)/DR-AcAXDcHg.mp4,skiing (not slalom or crosscountry),k400,0,32,224x224
244,playing bass guitar/v902x7-D3pg.mp4,playing bass guitar,k400,0,32,224x224
245,breakdancing/5L0lN47ap7k.mp4,breakdancing,k400,0,32,224x224
246,playing bagpipes/fowp05ctgvw.mp4,playing bagpipes,k400,0,32,224x224
247,texting/cDxTiQJSfu0.mp4,texting,k400,0,32,224x224
248,skydiving/njRWP1epo3s.mp4,skydiving,k400,0,32,224x224
249,kicking soccer ball/KdT1I9eLht8.mp4,kicking soccer ball,k400,0,32,224x224
250,snowboarding/SvN1aPQ87Yw.mp4,snowboarding,k400,0,32,224x224
251,feeding goats/u3hAkcNNLEo.mp4,feeding goats,k400,0,32,224x224
252,golf chipping/qCBglmpqPGI.mp4,golf chipping,k400,0,32,224x224
253,cheerleading/4EC-kva83co.mp4,cheerleading,k400,0,32,224x224
254,massaging back/pZSD7zuWjck.mp4,massaging back,k400,0,32,224x224
255,juggling fire/tDmdjOhEM10.mp4,juggling fire,k400,0,32,224x224
256,blowing out candles/PtGkIJmDE0w.mp4,blowing out candles,k400,0,32,224x224
257,dancing gangnam style/Uu65xZKZ3pM.mp4,dancing gangnam style,k400,0,32,224x224
258,smoking hookah/aSU04g-DQt0.mp4,smoking hookah,k400,0,32,224x224
259,swimming backstroke/iM-n7AoY_Ao.mp4,swimming backstroke,k400,0,32,224x224
260,texting/HdFcgjEW0SM.mp4,texting,k400,0,32,224x224
261,golf putting/tXDECYQ1FvM.mp4,golf putting,k400,0,32,224x224
262,juggling balls/b_OkXIGLw5Q.mp4,juggling balls,k400,0,32,224x224
263,eating spaghetti/Pvi8QbzDLI0.mp4,eating spaghetti,k400,0,32,224x224
264,spray painting/Q13KhCqTHGA.mp4,spray painting,k400,0,32,224x224
265,doing nails/4k486jWOuNE.mp4,doing nails,k400,0,32,224x224
266,watering plants/OfbQJh3gn0o.mp4,watering plants,k400,0,32,224x224
267,pumping gas/VGytX-yaFAU.mp4,pumping gas,k400,0,32,224x224
268,robot dancing/_vEg-YP23Uw.mp4,robot dancing,k400,0,32,224x224
269,cooking egg/aifqco3Ef18.mp4,cooking egg,k400,0,32,224x224
270,blowing leaves/01ThiJHpMjI.mp4,blowing leaves,k400,0,32,224x224
271,abseiling/oMzFvZunGQg.mp4,abseiling,k400,0,32,224x224
272,peeling potatoes/F4VtbJe1xQk.mp4,peeling potatoes,k400,0,32,224x224
273,hitting baseball/6-VOf5giyOY.mp4,hitting baseball,k400,0,32,224x224
274,marching/Ml3MQbnWMCc.mp4,marching,k400,0,32,224x224
275,sailing/1ms3xv2_ikU.mp4,sailing,k400,0,32,224x224
276,scuba diving/338K7A52ux4.mp4,scuba diving,k400,0,32,224x224
277,folding napkins/SE40pYk5i7g.mp4,folding napkins,k400,0,32,224x224
278,archery/w_iV1ahB0gI.mp4,archery,k400,0,32,224x224
279,playing squash or racquetball/YLYm0o25rlk.mp4,playing squash or racquetball,k400,0,32,224x224
280,juggling balls/YUfbchuzIZw.mp4,juggling balls,k400,0,32,224x224
281,decorating the christmas tree/ZXJqPwNtKpE.mp4,decorating the christmas tree,k400,0,32,224x224
282,headbutting/qKSQMhOPan4.mp4,headbutting,k400,0,32,224x224
283,opening bottle/FGFvkNuOX10.mp4,opening bottle,k400,0,32,224x224
284,testifying/ulrDqU7ch94.mp4,testifying,k400,0,32,224x224
285,jetskiing/_toG7_YkHm4.mp4,jetskiing,k400,0,32,224x224
286,sneezing/kG410JF5bXE.mp4,sneezing,k400,0,32,224x224
287,reading book/NFN4CNk_pbU.mp4,reading book,k400,0,32,224x224
288,ski jumping/OA8biMcVqX0.mp4,ski jumping,k400,0,32,224x224
289,playing tennis/ZOuXHgqwo28.mp4,playing tennis,k400,0,32,224x224
290,eating carrots/Nf2bjAC-5WE.mp4,eating carrots,k400,0,32,224x224
291,extinguishing fire/RsMyK2FL3pI.mp4,extinguishing fire,k400,0,32,224x224
292,playing keyboard/IWr68OylMG0.mp4,playing keyboard,k400,0,32,224x224
293,presenting weather forecast/gCxZCDjr3kI.mp4,presenting weather forecast,k400,0,32,224x224
294,using computer/ncfBYifrx2A.mp4,using computer,k400,0,32,224x224
295,driving car/akz3X3C9XmY.mp4,driving car,k400,0,32,224x224
296,playing didgeridoo/XZXcaRmwQjA.mp4,playing didgeridoo,k400,0,32,224x224
297,bungee jumping/P1HYBq_wBaI.mp4,bungee jumping,k400,0,32,224x224
298,cleaning shoes/gHH8Exqd9a4.mp4,cleaning shoes,k400,0,32,224x224
299,capoeira/0rjz79WV_Ko.mp4,capoeira,k400,0,32,224x224
300,jogging/UHGo1gCZpJI.mp4,jogging,k400,0,32,224x224
301,cutting watermelon/4BFTtVxX_o0.mp4,cutting watermelon,k400,0,32,224x224
302,waxing legs/-cGkTtq8_qA.mp4,waxing legs,k400,0,32,224x224
303,ice fishing/tBGeBbO8gh0.mp4,ice fishing,k400,0,32,224x224
304,catching or throwing softball/ZrbdMwNCcqg.mp4,catching or throwing softball,k400,0,32,224x224
305,jetskiing/K6WvOSZlbxM.mp4,jetskiing,k400,0,32,224x224
306,playing bass guitar/WR4MxnrOhOY.mp4,playing bass guitar,k400,0,32,224x224
307,throwing discus/SsccvnGFVo8.mp4,throwing discus,k400,0,32,224x224
308,washing feet/azgFrGhWmy4.mp4,washing feet,k400,0,32,224x224
309,headbanging/hUFcPDXfWBw.mp4,headbanging,k400,0,32,224x224
310,roller skating/E9uvVnXBgn0.mp4,roller skating,k400,0,32,224x224
311,shredding paper/CoVEOkcl9BE.mp4,shredding paper,k400,0,32,224x224
312,breading or breadcrumbing/3RFfz4X4SBg.mp4,breading or breadcrumbing,k400,0,32,224x224
313,reading newspaper/RZbxnGwlIQo.mp4,reading newspaper,k400,0,32,224x224
314,wrestling/Kav8U9n-xJU.mp4,wrestling,k400,0,32,224x224
315,long jump/HM8VdlSydSo.mp4,long jump,k400,0,32,224x224
316,weaving basket/CrU23kmcJ3Y.mp4,weaving basket,k400,0,32,224x224
317,deadlifting/3WlS6-AvL7Q.mp4,deadlifting,k400,0,32,224x224
318,writing/VagljxsX22A.mp4,writing,k400,0,32,224x224
319,golf chipping/qzQ3ejnUMK8.mp4,golf chipping,k400,0,32,224x224
320,riding mechanical bull/LUmnEddMTVM.mp4,riding mechanical bull,k400,0,32,224x224
321,playing cymbals/bJ-XbDjc950.mp4,playing cymbals,k400,0,32,224x224
322,ironing/zi8UgeG79ec.mp4,ironing,k400,0,32,224x224
323,riding mountain bike/LDSeYeN5G8s.mp4,riding mountain bike,k400,0,32,224x224
324,cleaning windows/TL6ProvPAPM.mp4,cleaning windows,k400,0,32,224x224
325,playing drums/8CZoXElKD2k.mp4,playing drums,k400,0,32,224x224
326,giving or receiving award/hIigwpv93dM.mp4,giving or receiving award,k400,0,32,224x224
327,mopping floor/z9khJDjFpS8.mp4,mopping floor,k400,0,32,224x224
328,bungee jumping/aZK7tkIdWMo.mp4,bungee jumping,k400,0,32,224x224
329,robot dancing/N3N52tGPVIo.mp4,robot dancing,k400,0,32,224x224
330,bee keeping/rk7tB903XDU.mp4,bee keeping,k400,0,32,224x224
331,washing hands/T7dmW7EbORI.mp4,washing hands,k400,0,32,224x224
332,salsa dancing/dimT0h0nCjs.mp4,salsa dancing,k400,0,32,224x224
333,playing saxophone/8SJE3xapjJ8.mp4,playing saxophone,k400,0,32,224x224
334,taking a shower/Z7hqRzsVDlo.mp4,taking a shower,k400,0,32,224x224
335,juggling balls/dALSC0R1ArA.mp4,juggling balls,k400,0,32,224x224
336,laughing/1vGlHgc2v2I.mp4,laughing,k400,0,32,224x224
337,country line dancing/3QI-e6O8_8k.mp4,country line dancing,k400,0,32,224x224
338,kicking field goal/hhA5QMn7k6M.mp4,kicking field goal,k400,0,32,224x224
339,riding or walking with horse/yb5HorXDsjk.mp4,riding or walking with horse,k400,0,32,224x224
340,drumming fingers/sA3dICzPvsw.mp4,drumming fingers,k400,0,32,224x224
341,waxing chest/zXuxhCTkCWU.mp4,waxing chest,k400,0,32,224x224
342,kitesurfing/_wMj2kKM4j0.mp4,kitesurfing,k400,0,32,224x224
343,barbequing/GQdxNpKauGg.mp4,barbequing,k400,0,32,224x224
344,trimming or shaving beard/rYXUwjdS6o4.mp4,trimming or shaving beard,k400,0,32,224x224
345,cooking egg/0xciMnHCZL0.mp4,cooking egg,k400,0,32,224x224
346,changing oil/nVvQl7gMCtk.mp4,changing oil,k400,0,32,224x224
347,dribbling basketball/nwPRR-31R9M.mp4,dribbling basketball,k400,0,32,224x224
348,cracking neck/221zud22V7k.mp4,cracking neck,k400,0,32,224x224
349,writing/7oXUwaSgVB0.mp4,writing,k400,0,32,224x224
350,singing/f-sVF9O_-UA.mp4,singing,k400,0,32,224x224
351,punching person (boxing)/0cO01qAfB9s.mp4,punching person (boxing),k400,0,32,224x224
352,beatboxing/FDq18iULERY.mp4,beatboxing,k400,0,32,224x224
353,beatboxing/6A1GUkCdQsM.mp4,beatboxing,k400,0,32,224x224
354,playing trumpet/kHMxeRaw9h0.mp4,playing trumpet,k400,0,32,224x224
355,hurdling/fMszObkTxKc.mp4,hurdling,k400,0,32,224x224
356,skiing (not slalom or crosscountry)/cbUiKPpyh_0.mp4,skiing (not slalom or crosscountry),k400,0,32,224x224
357,kitesurfing/9WHjE1U4zuc.mp4,kitesurfing,k400,0,32,224x224
358,javelin throw/PmWF-HawRw0.mp4,javelin throw,k400,0,32,224x224
359,balloon blowing/g473Uj-y_aI.mp4,balloon blowing,k400,0,32,224x224
360,arranging flowers/vSV67EvZEBs.mp4,arranging flowers,k400,0,32,224x224
361,drinking/f0MNaVl9zZw.mp4,drinking,k400,0,32,224x224
362,washing feet/a0Q9sVSLaZw.mp4,washing feet,k400,0,32,224x224
363,pumping fist/_YRc74XW_PY.mp4,pumping fist,k400,0,32,224x224
364,washing dishes/m5ZcpDHZWd0.mp4,washing dishes,k400,0,32,224x224
365,playing kickball/M950O9AaJA4.mp4,playing kickball,k400,0,32,224x224
366,laughing/Z3xd8bXlzeU.mp4,laughing,k400,0,32,224x224
367,balloon blowing/9-eWJ7CLvUI.mp4,balloon blowing,k400,0,32,224x224
368,celebrating/WqkTvr8DhxQ.mp4,celebrating,k400,0,32,224x224
369,snowkiting/heDftfeJ0Ek.mp4,snowkiting,k400,0,32,224x224
370,brushing hair/6P-7DD452a4.mp4,brushing hair,k400,0,32,224x224
371,playing bass guitar/zzyTugOJAPc.mp4,playing bass guitar,k400,0,32,224x224
372,playing paintball/ytrQs4tSR8c.mp4,playing paintball,k400,0,32,224x224
373,eating ice cream/-chFCJcgA4k.mp4,eating ice cream,k400,0,32,224x224
374,roller skating/YVEFIon-1_k.mp4,roller skating,k400,0,32,224x224
375,archery/YNX_RgFNqH0.mp4,archery,k400,0,32,224x224
376,flipping pancake/DwughryDfBo.mp4,flipping pancake,k400,0,32,224x224
377,opening bottle/NlzF4bGAlco.mp4,opening bottle,k400,0,32,224x224
378,playing harp/Ir_LZY5AEp8.mp4,playing harp,k400,0,32,224x224
379,celebrating/vFD4s1iskc0.mp4,celebrating,k400,0,32,224x224
380,cutting watermelon/C_E5poOYgfw.mp4,cutting watermelon,k400,0,32,224x224
381,dribbling basketball/38vqd5APY-c.mp4,dribbling basketball,k400,0,32,224x224
382,cleaning toilet/kpsMUrX39LA.mp4,cleaning toilet,k400,0,32,224x224
383,tango dancing/3p15Yp_5NHo.mp4,tango dancing,k400,0,32,224x224
384,riding camel/PTFZyZnYnEU.mp4,riding camel,k400,0,32,224x224
385,playing recorder/Lqul2FpG1Z4.mp4,playing recorder,k400,0,32,224x224
386,trapezing/vsEdG8LeeMk.mp4,trapezing,k400,0,32,224x224
387,waxing legs/TyfDtN6cle8.mp4,waxing legs,k400,0,32,224x224
388,smoking/z7ADwl0GSrk.mp4,smoking,k400,0,32,224x224
389,headbutting/R-SsA5v-eq0.mp4,headbutting,k400,0,32,224x224
390,triple jump/uAmYDJmZOB0.mp4,triple jump,k400,0,32,224x224
391,blowing glass/V5HdrJcPmNs.mp4,blowing glass,k400,0,32,224x224
392,gargling/slt_hsULGSs.mp4,gargling,k400,0,32,224x224
393,throwing ball/i2jIzuhaRDM.mp4,throwing ball,k400,0,32,224x224
394,washing hands/NJd31YWEaCw.mp4,washing hands,k400,0,32,224x224
395,skydiving/is2ycOS2Qfg.mp4,skydiving,k400,0,32,224x224
396,playing didgeridoo/2mjD0RqgXKU.mp4,playing didgeridoo,k400,0,32,224x224
397,playing didgeridoo/Kgtl64sOR5E.mp4,playing didgeridoo,k400,0,32,224x224
398,petting cat/L8IuxL6lBEg.mp4,petting cat,k400,0,32,224x224
399,mowing lawn/9LHA5eSAo80.mp4,mowing lawn,k400,0,32,224x224
400,playing poker/GsHJ2EmnIt4.mp4,playing poker,k400,0,32,224x224
401,jumpstyle dancing/QmgTWdRn8Kk.mp4,jumpstyle dancing,k400,0,32,224x224
402,cutting watermelon/U7j5SPovOvg.mp4,cutting watermelon,k400,0,32,224x224
403,making sushi/0iG-4WNfNNc.mp4,making sushi,k400,0,32,224x224
404,singing/mlytTkMdosw.mp4,singing,k400,0,32,224x224
405,jumpstyle dancing/oeUaJXI282I.mp4,jumpstyle dancing,k400,0,32,224x224
406,water skiing/cgwWyprRb1c.mp4,water skiing,k400,0,32,224x224
407,feeding goats/zqNq4D8uWCI.mp4,feeding goats,k400,0,32,224x224
408,flipping pancake/c5EUULFQTtM.mp4,flipping pancake,k400,0,32,224x224
409,reading book/UA9S-MI2yN8.mp4,reading book,k400,0,32,224x224
410,singing/C0yamxWNx0Q.mp4,singing,k400,0,32,224x224
411,playing trumpet/mPdRhwBxyCY.mp4,playing trumpet,k400,0,32,224x224
412,egg hunting/m-VMI4iGXy4.mp4,egg hunting,k400,0,32,224x224
413,cooking chicken/kYmeb-vu2rI.mp4,cooking chicken,k400,0,32,224x224
414,kicking soccer ball/OMZY77l8S0Q.mp4,kicking soccer ball,k400,0,32,224x224
415,stretching arm/8brx9AGy9EA.mp4,stretching arm,k400,0,32,224x224
416,mopping floor/r-nPLO3vHfU.mp4,mopping floor,k400,0,32,224x224
417,kitesurfing/52_xm6M8MZw.mp4,kitesurfing,k400,0,32,224x224
418,playing trumpet/puBiO-kEji8.mp4,playing trumpet,k400,0,32,224x224
419,dancing gangnam style/shLyaFjQrj8.mp4,dancing gangnam style,k400,0,32,224x224
420,salsa dancing/KsDEyYe_1Lo.mp4,salsa dancing,k400,0,32,224x224
421,cleaning toilet/aX01rWlmYJE.mp4,cleaning toilet,k400,0,32,224x224
422,pole vault/yjQPe0E3fOA.mp4,pole vault,k400,0,32,224x224
423,folding napkins/__d67949Ag8.mp4,folding napkins,k400,0,32,224x224
424,playing guitar/IjHG73xnORg.mp4,playing guitar,k400,0,32,224x224
425,trimming trees/KwcVj79FDkM.mp4,trimming trees,k400,0,32,224x224
426,triple jump/8egFPqBorac.mp4,triple jump,k400,0,32,224x224
427,playing monopoly/JkPobpM9jZw.mp4,playing monopoly,k400,0,32,224x224
428,ice climbing/FcdxugSE6Po.mp4,ice climbing,k400,0,32,224x224
429,ski jumping/ULGVsCMxAxE.mp4,ski jumping,k400,0,32,224x224
430,reading book/DYI5zLfweQo.mp4,reading book,k400,0,32,224x224
431,biking through snow/noxwfYxM9U0.mp4,biking through snow,k400,0,32,224x224
432,smoking hookah/JDHcYNWtO5k.mp4,smoking hookah,k400,0,32,224x224
433,arm wrestling/8EQS03dXIh0.mp4,arm wrestling,k400,0,32,224x224
434,cleaning pool/XROfW4F23Ew.mp4,cleaning pool,k400,0,32,224x224
435,tai chi/jouJTig82eA.mp4,tai chi,k400,0,32,224x224
436,pumping gas/oQSVf4rbbeg.mp4,pumping gas,k400,0,32,224x224
437,auctioning/a-1VxopxYks.mp4,auctioning,k400,0,32,224x224
438,faceplanting/OJo2--4-0KI.mp4,faceplanting,k400,0,32,224x224
439,salsa dancing/70NgUhNF0P4.mp4,salsa dancing,k400,0,32,224x224
440,crying/i5I5QLrlMmE.mp4,crying,k400,0,32,224x224
441,ice skating/Hb0P1KbzzLQ.mp4,ice skating,k400,0,32,224x224
442,tobogganing/NaB542o0wNc.mp4,tobogganing,k400,0,32,224x224
443,scrambling eggs/NuuMTA3W004.mp4,scrambling eggs,k400,0,32,224x224
444,playing guitar/bmWvBhkhoPg.mp4,playing guitar,k400,0,32,224x224
445,blowing glass/qJjzQ2b-8jE.mp4,blowing glass,k400,0,32,224x224
446,tapping guitar/m8EPKEQTc1Y.mp4,tapping guitar,k400,0,32,224x224
447,crawling baby/QSpVXQxzi5w.mp4,crawling baby,k400,0,32,224x224
448,scuba diving/BUHcAV4YohE.mp4,scuba diving,k400,0,32,224x224
449,skipping rope/-0WBheGENmk.mp4,skipping rope,k400,0,32,224x224
450,shoveling snow/6etrrFzuPuY.mp4,shoveling snow,k400,0,32,224x224
451,throwing ball/YIiPLFhM_uE.mp4,throwing ball,k400,0,32,224x224
452,crawling baby/eQEfAnTL_Rk.mp4,crawling baby,k400,0,32,224x224
453,gymnastics tumbling/8hS_vJ9bPXs.mp4,gymnastics tumbling,k400,0,32,224x224
454,passing American football (in game)/CajPMTN4s0E.mp4,passing American football (in game),k400,0,32,224x224
455,breakdancing/sanyFXJCxWI.mp4,breakdancing,k400,0,32,224x224
456,riding or walking with horse/68vL3IsnDoc.mp4,riding or walking with horse,k400,0,32,224x224
457,playing saxophone/-bdoDGMmaAw.mp4,playing saxophone,k400,0,32,224x224
458,crossing river/nTFkutS5mmI.mp4,crossing river,k400,0,32,224x224
459,pushing cart/rdYw71vHxpw.mp4,pushing cart,k400,0,32,224x224
460,high kick/ohFkfC9Pkuw.mp4,high kick,k400,0,32,224x224
461,driving tractor/3yfppu7DNW0.mp4,driving tractor,k400,0,32,224x224
462,pumping gas/hLsiUrbYLg4.mp4,pumping gas,k400,0,32,224x224
463,dancing gangnam style/f7E98ii83tM.mp4,dancing gangnam style,k400,0,32,224x224
464,canoeing or kayaking/MGRBCoWt2PI.mp4,canoeing or kayaking,k400,0,32,224x224
465,walking the dog/IuB-sexZWpM.mp4,walking the dog,k400,0,32,224x224
466,playing trumpet/1hQMO7nzd_Y.mp4,playing trumpet,k400,0,32,224x224
467,surfing water/Gv9SM5UaFYI.mp4,surfing water,k400,0,32,224x224
468,bowling/2KIKwGatrww.mp4,bowling,k400,0,32,224x224
469,surfing crowd/ZA_tjHemUK0.mp4,surfing crowd,k400,0,32,224x224
470,vault/7iaSzJxUKAc.mp4,vault,k400,0,32,224x224
471,jumping into pool/ZO-xBh3WkRQ.mp4,jumping into pool,k400,0,32,224x224
472,playing cello/l9neqDIBwKo.mp4,playing cello,k400,0,32,224x224
473,egg hunting/AqnIKZwlPmw.mp4,egg hunting,k400,0,32,224x224
474,blowing out candles/6AWh1i6cqJY.mp4,blowing out candles,k400,0,32,224x224
475,playing tennis/MPSYgxhG2hI.mp4,playing tennis,k400,0,32,224x224
476,blowing nose/btrDEXbW3n8.mp4,blowing nose,k400,0,32,224x224
477,presenting weather forecast/SlzEblqYh14.mp4,presenting weather forecast,k400,0,32,224x224
478,playing basketball/1VKAS6g5EW0.mp4,playing basketball,k400,0,32,224x224
479,shuffling cards/787iDRk38AM.mp4,shuffling cards,k400,0,32,224x224
480,slacklining/Nq7mWrIWc-w.mp4,slacklining,k400,0,32,224x224
481,passing American football (not in game)/sfwUroiZyOo.mp4,passing American football (not in game),k400,0,32,224x224
482,playing basketball/ARI30DM2Qxk.mp4,playing basketball,k400,0,32,224x224
483,baking cookies/ysacoaKDCMA.mp4,baking cookies,k400,0,32,224x224
484,sled dog racing/7IvOUvN4saA.mp4,sled dog racing,k400,0,32,224x224
485,playing basketball/ZPuw9XbX8o8.mp4,playing basketball,k400,0,32,224x224
486,playing harp/jY5xBUa26HQ.mp4,playing harp,k400,0,32,224x224
487,somersaulting/14xIK73Gz0g.mp4,somersaulting,k400,0,32,224x224
488,bungee jumping/bj5VNiMv1uQ.mp4,bungee jumping,k400,0,32,224x224
489,spraying/gOl_q3SsXpo.mp4,spraying,k400,0,32,224x224
490,petting cat/8qzkPKxLU4s.mp4,petting cat,k400,0,32,224x224
491,cheerleading/n6UEAAWubgA.mp4,cheerleading,k400,0,32,224x224
492,hitting baseball/_MWqIXidkAE.mp4,hitting baseball,k400,0,32,224x224
493,shining shoes/OfD-f36paxM.mp4,shining shoes,k400,0,32,224x224
494,swinging legs/lJjp9gGE-O0.mp4,swinging legs,k400,0,32,224x224
495,golf putting/uZZtblfFjC8.mp4,golf putting,k400,0,32,224x224
496,using computer/LrDCJ7r-anc.mp4,using computer,k400,0,32,224x224
497,news anchoring/3Dm9M_F1f0w.mp4,news anchoring,k400,0,32,224x224
498,knitting/aFi0nhA1uHU.mp4,knitting,k400,0,32,224x224
499,opening present/LzcNKoDLhP8.mp4,opening present,k400,0,32,224x224
500,cheerleading/MZIvyGAhI0M.mp4,cheerleading,k400,0,32,224x224
501,canoeing or kayaking/hyfl_SU-Dmk.mp4,canoeing or kayaking,k400,0,32,224x224
502,sticking tongue out/u8IzdU9M5Q4.mp4,sticking tongue out,k400,0,32,224x224
503,walking the dog/ghBgTKf9Xb0.mp4,walking the dog,k400,0,32,224x224
504,kissing/rIewS2RaZCc.mp4,kissing,k400,0,32,224x224
505,playing cymbals/_8LUlTes_X4.mp4,playing cymbals,k400,0,32,224x224
506,breakdancing/FeTme_4pL9g.mp4,breakdancing,k400,0,32,224x224
507,jumping into pool/7yG3qqI9YEA.mp4,jumping into pool,k400,0,32,224x224
508,high kick/rmtGGCCPAD8.mp4,high kick,k400,0,32,224x224
509,eating watermelon/8GDK5QAQo9k.mp4,eating watermelon,k400,0,32,224x224
510,playing poker/V5v0e4N__t8.mp4,playing poker,k400,0,32,224x224
511,wrapping present/TkAhZkxIRf0.mp4,wrapping present,k400,0,32,224x224
512,planting trees/-Fax95mvLZc.mp4,planting trees,k400,0,32,224x224
513,shaking hands/_InogHFjmNA.mp4,shaking hands,k400,0,32,224x224
514,triple jump/p77EXI-aGck.mp4,triple jump,k400,0,32,224x224
515,brushing hair/2Yl-og5VAI0.mp4,brushing hair,k400,0,32,224x224
516,reading book/rq9XkcRLZeM.mp4,reading book,k400,0,32,224x224
517,bungee jumping/ExsyckAA1_o.mp4,bungee jumping,k400,0,32,224x224
518,doing nails/KCmQgAnAXTg.mp4,doing nails,k400,0,32,224x224
519,scuba diving/ztmZjv-QXcQ.mp4,scuba diving,k400,0,32,224x224
520,kicking field goal/3PHvkN4CxBI.mp4,kicking field goal,k400,0,32,224x224
521,hurdling/EcQuCO8R35E.mp4,hurdling,k400,0,32,224x224
522,contact juggling/zf9y55kyKf8.mp4,contact juggling,k400,0,32,224x224
523,sled dog racing/yJRi1OsWyms.mp4,sled dog racing,k400,0,32,224x224
524,eating spaghetti/LvOWc19L_UQ.mp4,eating spaghetti,k400,0,32,224x224
525,spinning poi/9lQITzduKXY.mp4,spinning poi,k400,0,32,224x224
526,snowmobiling/MA161sZ7CcI.mp4,snowmobiling,k400,0,32,224x224
527,massaging back/mwnoVPgcnX8.mp4,massaging back,k400,0,32,224x224
528,playing piano/LmTMTC62-Xc.mp4,playing piano,k400,0,32,224x224
529,motorcycling/N7xIB_JZrU8.mp4,motorcycling,k400,0,32,224x224
530,washing dishes/mvEls-mQN10.mp4,washing dishes,k400,0,32,224x224
531,swimming butterfly stroke/Xqp9ziJ3Owg.mp4,swimming butterfly stroke,k400,0,32,224x224
532,zumba/RbJsDvUuLEY.mp4,zumba,k400,0,32,224x224
533,stomping grapes/8B-mN4BdTGs.mp4,stomping grapes,k400,0,32,224x224
534,folding napkins/AeUfG9XDsA8.mp4,folding napkins,k400,0,32,224x224
535,baby waking up/biyy3pZX1ls.mp4,baby waking up,k400,0,32,224x224
536,brushing teeth/WA-ozhnu0-s.mp4,brushing teeth,k400,0,32,224x224
537,snowboarding/oqzli9i2dGw.mp4,snowboarding,k400,0,32,224x224
538,hopscotch/W6y4LIkH35s.mp4,hopscotch,k400,0,32,224x224
539,shoveling snow/ymLLzMVY6V4.mp4,shoveling snow,k400,0,32,224x224
540,playing organ/nX6dn_RlBXw.mp4,playing organ,k400,0,32,224x224
541,yoga/6hV0sF52cWQ.mp4,yoga,k400,0,32,224x224
542,tying tie/Srkd3IM_VBM.mp4,tying tie,k400,0,32,224x224
543,driving car/gS_mF1sitvM.mp4,driving car,k400,0,32,224x224
544,ice climbing/aMTWtIiwj5c.mp4,ice climbing,k400,0,32,224x224
545,deadlifting/yxTa-_pfMPc.mp4,deadlifting,k400,0,32,224x224
546,riding scooter/QECpAiUkk7c.mp4,riding scooter,k400,0,32,224x224
547,robot dancing/O5nxSH30x2o.mp4,robot dancing,k400,0,32,224x224
548,motorcycling/klHAXPepTHI.mp4,motorcycling,k400,0,32,224x224
549,shearing sheep/EibL6c_tvfk.mp4,shearing sheep,k400,0,32,224x224
550,peeling potatoes/T_Uq2iEfL30.mp4,peeling potatoes,k400,0,32,224x224
551,marching/IbCsmBj8xi0.mp4,marching,k400,0,32,224x224
552,catching or throwing softball/rHpJWIrt6_4.mp4,catching or throwing softball,k400,0,32,224x224
553,robot dancing/07bAsAux0y0.mp4,robot dancing,k400,0,32,224x224
554,making pizza/dWf4orQI9Ok.mp4,making pizza,k400,0,32,224x224
555,riding mechanical bull/I91dKEW4wDo.mp4,riding mechanical bull,k400,0,32,224x224
556,throwing discus/i3CLToEzCLs.mp4,throwing discus,k400,0,32,224x224
557,side kick/FIFbZl0B3i8.mp4,side kick,k400,0,32,224x224
558,catching or throwing softball/yAVPtceAg7k.mp4,catching or throwing softball,k400,0,32,224x224
559,ice climbing/_0sIww3bxl4.mp4,ice climbing,k400,0,32,224x224
560,dancing macarena/gbecENhzmS8.mp4,dancing macarena,k400,0,32,224x224
561,waxing eyebrows/AnVY2blDH8U.mp4,waxing eyebrows,k400,0,32,224x224
562,somersaulting/Ci3S5v-Gdow.mp4,somersaulting,k400,0,32,224x224
563,exercising arm/ROQ5verdu5Y.mp4,exercising arm,k400,0,32,224x224
564,mopping floor/oexoQ18Nlms.mp4,mopping floor,k400,0,32,224x224
565,celebrating/Kud7zr8I5H4.mp4,celebrating,k400,0,32,224x224
566,cooking sausages/U_FtX1uRtC8.mp4,cooking sausages,k400,0,32,224x224
567,bending metal/wteXaswJVes.mp4,bending metal,k400,0,32,224x224
568,snowkiting/a-Fet3en9EM.mp4,snowkiting,k400,0,32,224x224
569,playing piano/cxXg45UofZY.mp4,playing piano,k400,0,32,224x224
570,kicking soccer ball/vL148hfrRpM.mp4,kicking soccer ball,k400,0,32,224x224
571,grooming dog/eVr73UaTVNg.mp4,grooming dog,k400,0,32,224x224
572,doing nails/cy0w3vtibYU.mp4,doing nails,k400,0,32,224x224
573,tap dancing/zBVTEdlKHF0.mp4,tap dancing,k400,0,32,224x224
574,weaving basket/DGkngWQyJdo.mp4,weaving basket,k400,0,32,224x224
575,cooking on campfire/6Nn32vYxP1o.mp4,cooking on campfire,k400,0,32,224x224
576,decorating the christmas tree/wGzkaGakhuE.mp4,decorating the christmas tree,k400,0,32,224x224
577,cleaning pool/RITNnE-aUTw.mp4,cleaning pool,k400,0,32,224x224
578,barbequing/cJaHXPAWPp0.mp4,barbequing,k400,0,32,224x224
579,baking cookies/WJipgy0vUWE.mp4,baking cookies,k400,0,32,224x224
580,rock climbing/PvhDWeowDRg.mp4,rock climbing,k400,0,32,224x224
581,snowboarding/ynrMwxeYA6Q.mp4,snowboarding,k400,0,32,224x224
582,pull ups/IAPpoKe0JlQ.mp4,pull ups,k400,0,32,224x224
583,triple jump/grwgrNb_xTI.mp4,triple jump,k400,0,32,224x224
584,singing/BBcTHQsMv10.mp4,singing,k400,0,32,224x224
585,pumping fist/77ppHuyuB4A.mp4,pumping fist,k400,0,32,224x224
586,pushing car/j7vlA6GIKSE.mp4,pushing car,k400,0,32,224x224
587,skiing (not slalom or crosscountry)/Bqgn06PQ2gU.mp4,skiing (not slalom or crosscountry),k400,0,32,224x224
588,washing dishes/OTEXXonH7-0.mp4,washing dishes,k400,0,32,224x224
589,playing tennis/AIpbFuFKKyI.mp4,playing tennis,k400,0,32,224x224
590,hitting baseball/Rot2hAoedyU.mp4,hitting baseball,k400,0,32,224x224
591,trimming or shaving beard/wbufSvW8Ceo.mp4,trimming or shaving beard,k400,0,32,224x224
592,dodgeball/Rftp1B7TA_I.mp4,dodgeball,k400,0,32,224x224
593,tossing salad/WjboLH6PtI8.mp4,tossing salad,k400,0,32,224x224
594,brush painting/n_gkLrDw-EM.mp4,brush painting,k400,0,32,224x224
595,planting trees/fvo4FJobqG0.mp4,planting trees,k400,0,32,224x224
596,climbing ladder/pzqQA2daHB4.mp4,climbing ladder,k400,0,32,224x224
597,snowkiting/WMMxMJlyHjc.mp4,snowkiting,k400,0,32,224x224
598,peeling apples/gQEANbsBKnc.mp4,peeling apples,k400,0,32,224x224
599,throwing ball/RvMPDIQFR6A.mp4,throwing ball,k400,0,32,224x224
600,diving cliff/B1MZktmagHY.mp4,diving cliff,k400,0,32,224x224
601,singing/F6jEftx8oG4.mp4,singing,k400,0,32,224x224
602,plastering/qoL_IM6gWCM.mp4,plastering,k400,0,32,224x224
603,biking through snow/Ufcn0ykQ_Zo.mp4,biking through snow,k400,0,32,224x224
604,recording music/Q-SlpOPALbE.mp4,recording music,k400,0,32,224x224
605,bending back/GFdaInwB5K0.mp4,bending back,k400,0,32,224x224
606,moving furniture/aU1_Z21lsvo.mp4,moving furniture,k400,0,32,224x224
607,playing squash or racquetball/sbXme8Uw6mw.mp4,playing squash or racquetball,k400,0,32,224x224
608,throwing axe/XTH2AAbN1zs.mp4,throwing axe,k400,0,32,224x224
609,scuba diving/2Znoa9d_mE8.mp4,scuba diving,k400,0,32,224x224
610,riding mechanical bull/fs25Rf2ayiY.mp4,riding mechanical bull,k400,0,32,224x224
611,playing squash or racquetball/UaKtSHe-njc.mp4,playing squash or racquetball,k400,0,32,224x224
612,hugging/wjo4rWQYywo.mp4,hugging,k400,0,32,224x224
613,waxing legs/0iUcN9h7Kd8.mp4,waxing legs,k400,0,32,224x224
614,throwing axe/Xnyj-kePjJE.mp4,throwing axe,k400,0,32,224x224
615,blowing out candles/nYf-sI7riSQ.mp4,blowing out candles,k400,0,32,224x224
616,playing drums/dLU3LTGI5dc.mp4,playing drums,k400,0,32,224x224
617,blowing glass/UNiiEuISS3A.mp4,blowing glass,k400,0,32,224x224
618,snatch weight lifting/hDmUGfe_Fdg.mp4,snatch weight lifting,k400,0,32,224x224
619,ice fishing/35TXceM7rnE.mp4,ice fishing,k400,0,32,224x224
620,folding paper/hY3XuXa0YuE.mp4,folding paper,k400,0,32,224x224
621,extinguishing fire/uT2ydm_2DMk.mp4,extinguishing fire,k400,0,32,224x224
622,sled dog racing/bX7S3HqdlAI.mp4,sled dog racing,k400,0,32,224x224
623,cleaning floor/E0mRc2HH2Gc.mp4,cleaning floor,k400,0,32,224x224
624,cleaning windows/GSPIMSsNFKQ.mp4,cleaning windows,k400,0,32,224x224
625,dancing ballet/kTDGW0aw4to.mp4,dancing ballet,k400,0,32,224x224
626,sailing/Vq6lfE-woHw.mp4,sailing,k400,0,32,224x224
627,tap dancing/o6fseiCsRA4.mp4,tap dancing,k400,0,32,224x224
628,holding snake/Z8FTNkrSMs4.mp4,holding snake,k400,0,32,224x224
629,playing bagpipes/hZ-RCg-ilHA.mp4,playing bagpipes,k400,0,32,224x224
630,eating chips/9LpcUeELpKc.mp4,eating chips,k400,0,32,224x224
631,surfing water/r5NoIIoe-SY.mp4,surfing water,k400,0,32,224x224
632,bowling/pPrdvU-Qhzk.mp4,bowling,k400,0,32,224x224
633,tying tie/ju-D90m4UbQ.mp4,tying tie,k400,0,32,224x224
634,making jewelry/tY5n5iCCmGQ.mp4,making jewelry,k400,0,32,224x224
635,ice climbing/vj_ipRxe_2U.mp4,ice climbing,k400,0,32,224x224
636,arm wrestling/x1oEXze9mn8.mp4,arm wrestling,k400,0,32,224x224
637,catching or throwing softball/8-eNVyTeBJ4.mp4,catching or throwing softball,k400,0,32,224x224
638,shoveling snow/BA0zA7LcV2k.mp4,shoveling snow,k400,0,32,224x224
639,biking through snow/2ylr0tPgNCo.mp4,biking through snow,k400,0,32,224x224
640,spray painting/tzFdS79qVt4.mp4,spray painting,k400,0,32,224x224
641,reading book/qyG948yHIy4.mp4,reading book,k400,0,32,224x224
642,dunking basketball/UsaHQ1po0ME.mp4,dunking basketball,k400,0,32,224x224
643,cooking chicken/onXWwmUiec8.mp4,cooking chicken,k400,0,32,224x224
644,playing guitar/BElVF3hLmv0.mp4,playing guitar,k400,0,32,224x224
645,blasting sand/IZmyKm36-pE.mp4,blasting sand,k400,0,32,224x224
646,celebrating/edDwIyfCQ7s.mp4,celebrating,k400,0,32,224x224
647,crawling baby/Lggpk8yjGmw.mp4,crawling baby,k400,0,32,224x224
648,playing cards/zPIeK4MhMOw.mp4,playing cards,k400,0,32,224x224
649,ice fishing/Wh1RfHb50Y0.mp4,ice fishing,k400,0,32,224x224
650,springboard diving/gc0UXe-h7U8.mp4,springboard diving,k400,0,32,224x224
651,climbing ladder/HiupY3qb7jI.mp4,climbing ladder,k400,0,32,224x224
652,robot dancing/MUe9eAHt9F4.mp4,robot dancing,k400,0,32,224x224
653,trimming trees/VDw6rPgG0jg.mp4,trimming trees,k400,0,32,224x224
654,tango dancing/MFdNLZUmxOA.mp4,tango dancing,k400,0,32,224x224
655,tap dancing/EhhMcgjLHGk.mp4,tap dancing,k400,0,32,224x224
656,drop kicking/rI7Ahm8oiqI.mp4,drop kicking,k400,0,32,224x224
657,sniffing/8aVhjVPPMZQ.mp4,sniffing,k400,0,32,224x224
658,news anchoring/K6TTpn3t6ag.mp4,news anchoring,k400,0,32,224x224
659,watering plants/YrE6Tit3w4U.mp4,watering plants,k400,0,32,224x224
660,riding mountain bike/b0mbsN3_jZE.mp4,riding mountain bike,k400,0,32,224x224
661,sweeping floor/9vjr6rPXCjo.mp4,sweeping floor,k400,0,32,224x224
662,dancing ballet/4KlbVeYMuho.mp4,dancing ballet,k400,0,32,224x224
663,passing American football (in game)/1bL0Cw_A4j8.mp4,passing American football (in game),k400,0,32,224x224
664,snowboarding/W7UsTz2hXf4.mp4,snowboarding,k400,0,32,224x224
665,busking/g7g4jPso9WE.mp4,busking,k400,0,32,224x224
666,playing paintball/L6RBUTBA8Vk.mp4,playing paintball,k400,0,32,224x224
667,spinning poi/IK6RGwkK6TY.mp4,spinning poi,k400,0,32,224x224
668,spinning poi/uqo-wghs6K4.mp4,spinning poi,k400,0,32,224x224
669,tai chi/d63E_ZqwLxo.mp4,tai chi,k400,0,32,224x224
670,playing drums/iwGG5PNp5wo.mp4,playing drums,k400,0,32,224x224
671,golf driving/_y0_14aQ3z8.mp4,golf driving,k400,0,32,224x224
672,spinning poi/3pKKOeehrh0.mp4,spinning poi,k400,0,32,224x224
673,headbanging/8HKe8vFh14c.mp4,headbanging,k400,0,32,224x224
674,playing basketball/GI_713QiWrg.mp4,playing basketball,k400,0,32,224x224
675,headbanging/MdfI8s1VwuU.mp4,headbanging,k400,0,32,224x224
676,snowkiting/c-vfA7iM5p8.mp4,snowkiting,k400,0,32,224x224
677,dribbling basketball/ZgNsXXccETU.mp4,dribbling basketball,k400,0,32,224x224
678,tapping pen/lUlktw-U5Pw.mp4,tapping pen,k400,0,32,224x224
679,wrestling/YsLXQ-pmv1c.mp4,wrestling,k400,0,32,224x224
680,balloon blowing/6kudhkMycH0.mp4,balloon blowing,k400,0,32,224x224
681,moving furniture/5HabQp_UHWk.mp4,moving furniture,k400,0,32,224x224
682,baking cookies/M2xdggeRyPI.mp4,baking cookies,k400,0,32,224x224
683,golf chipping/b0dVvd7oOyM.mp4,golf chipping,k400,0,32,224x224
684,high kick/KcYO2PxxKK8.mp4,high kick,k400,0,32,224x224
685,playing tennis/T3VXxTjvZBE.mp4,playing tennis,k400,0,32,224x224
686,crawling baby/errCjgepTgE.mp4,crawling baby,k400,0,32,224x224
687,spinning poi/nSFR9pvIUyI.mp4,spinning poi,k400,0,32,224x224
688,making snowman/R4k2AkwwsMo.mp4,making snowman,k400,0,32,224x224
689,presenting weather forecast/MBaHEamggNw.mp4,presenting weather forecast,k400,0,32,224x224
690,folding clothes/2QyYgZ6Lrqg.mp4,folding clothes,k400,0,32,224x224
691,cooking chicken/v_SlRQjhQdE.mp4,cooking chicken,k400,0,32,224x224
692,side kick/tkvtOvamf7g.mp4,side kick,k400,0,32,224x224
693,crying/UAOUJ_xk7W0.mp4,crying,k400,0,32,224x224
694,riding unicycle/X56dpY3CfWo.mp4,riding unicycle,k400,0,32,224x224
695,bookbinding/aT5toj4EG8o.mp4,bookbinding,k400,0,32,224x224
696,javelin throw/Y9pghQfpxDc.mp4,javelin throw,k400,0,32,224x224
697,spinning poi/Qkj5KUudAKk.mp4,spinning poi,k400,0,32,224x224
698,folding clothes/AQaygMdrsuM.mp4,folding clothes,k400,0,32,224x224
699,triple jump/yQafT9ZppIM.mp4,triple jump,k400,0,32,224x224
700,playing controller/ggM6xlkzmCM.mp4,playing controller,k400,0,32,224x224
701,arranging flowers/O_4biPGmqFY.mp4,arranging flowers,k400,0,32,224x224
702,climbing ladder/rNwO3Df_2nI.mp4,climbing ladder,k400,0,32,224x224
703,salsa dancing/-lalLEEvhV8.mp4,salsa dancing,k400,0,32,224x224
704,swimming breast stroke/W7r-zD9WqUc.mp4,swimming breast stroke,k400,0,32,224x224
705,yoga/uu-JzxgtERE.mp4,yoga,k400,0,32,224x224
706,juggling balls/dvA8E6DAsUM.mp4,juggling balls,k400,0,32,224x224
707,arm wrestling/y2ZtHPeP4Vs.mp4,arm wrestling,k400,0,32,224x224
708,bartending/I7gaQnFsHq4.mp4,bartending,k400,0,32,224x224
709,picking fruit/UWdnjeamabM.mp4,picking fruit,k400,0,32,224x224
710,texting/G3Uimt9kq1o.mp4,texting,k400,0,32,224x224
711,slacklining/WipdqabNNDU.mp4,slacklining,k400,0,32,224x224
712,kitesurfing/omcOYBHtqW0.mp4,kitesurfing,k400,0,32,224x224
713,washing hair/iedU6jWqWtw.mp4,washing hair,k400,0,32,224x224
714,catching or throwing softball/t4-y8MPVGD8.mp4,catching or throwing softball,k400,0,32,224x224
715,dying hair/dv0athuwQ5U.mp4,dying hair,k400,0,32,224x224
716,diving cliff/ArwHY5bQGqo.mp4,diving cliff,k400,0,32,224x224
717,salsa dancing/q9AH7rULw2M.mp4,salsa dancing,k400,0,32,224x224
718,eating chips/N6QCNJUQ5qM.mp4,eating chips,k400,0,32,224x224
719,throwing axe/Q54mqN2Sh3I.mp4,throwing axe,k400,0,32,224x224
720,pole vault/tdWCdFR4Veo.mp4,pole vault,k400,0,32,224x224
721,throwing ball/l_TZi8O4BUw.mp4,throwing ball,k400,0,32,224x224
722,capoeira/WVbjA2tPnq4.mp4,capoeira,k400,0,32,224x224
723,breakdancing/VbIhWc0vys0.mp4,breakdancing,k400,0,32,224x224
724,texting/3QodkdHSHvo.mp4,texting,k400,0,32,224x224
725,dancing macarena/g29Beno9P0Y.mp4,dancing macarena,k400,0,32,224x224
726,clean and jerk/HpCCTdiFUW4.mp4,clean and jerk,k400,0,32,224x224
727,smoking hookah/lNXGwg_Ralk.mp4,smoking hookah,k400,0,32,224x224
728,hammer throw/C2zdmvw56o4.mp4,hammer throw,k400,0,32,224x224
729,air drumming/4Lajqf0_ILk.mp4,air drumming,k400,0,32,224x224
730,smoking hookah/SocvB8393Zg.mp4,smoking hookah,k400,0,32,224x224
731,juggling fire/Zs1loXTFR3s.mp4,juggling fire,k400,0,32,224x224
732,playing chess/7CsRq98ASF0.mp4,playing chess,k400,0,32,224x224
733,kitesurfing/yzWadwWQusI.mp4,kitesurfing,k400,0,32,224x224
734,tango dancing/7INeEzYy4Oc.mp4,tango dancing,k400,0,32,224x224
735,making pizza/afLu-1cOaaw.mp4,making pizza,k400,0,32,224x224
736,squat/40G3Lww9n00.mp4,squat,k400,0,32,224x224
737,dancing macarena/bTZihBV0rSQ.mp4,dancing macarena,k400,0,32,224x224
738,crawling baby/fYxrBcSQUm0.mp4,crawling baby,k400,0,32,224x224
739,pole vault/L64Zt5_ck-4.mp4,pole vault,k400,0,32,224x224
740,eating doughnuts/FYuEYAQ-vpM.mp4,eating doughnuts,k400,0,32,224x224
741,writing/7fCBO1eG3pY.mp4,writing,k400,0,32,224x224
742,weaving basket/SjtuG0wnhzE.mp4,weaving basket,k400,0,32,224x224
743,playing paintball/d7EiDCCh674.mp4,playing paintball,k400,0,32,224x224
744,drop kicking/o0kPMJxZ6YY.mp4,drop kicking,k400,0,32,224x224
745,catching or throwing frisbee/3sozY8wghYA.mp4,catching or throwing frisbee,k400,0,32,224x224
746,robot dancing/Eicmcb8FGPA.mp4,robot dancing,k400,0,32,224x224
747,cleaning shoes/JFhGckCH05U.mp4,cleaning shoes,k400,0,32,224x224
748,hoverboarding/zBjSW0j3Pb8.mp4,hoverboarding,k400,0,32,224x224
749,making snowman/Q5qPQW2fNXI.mp4,making snowman,k400,0,32,224x224
750,fixing hair/BjL9GJGgcJ0.mp4,fixing hair,k400,0,32,224x224
751,catching fish/SawLdevTbQY.mp4,catching fish,k400,0,32,224x224
752,cheerleading/J_ZQrjVSHag.mp4,cheerleading,k400,0,32,224x224
753,playing ukulele/s-EkoEYrtJk.mp4,playing ukulele,k400,0,32,224x224
754,giving or receiving award/hHRGH5VX6BU.mp4,giving or receiving award,k400,0,32,224x224
755,spray painting/EhDCXb19PXk.mp4,spray painting,k400,0,32,224x224
756,bowling/HY6AcqOJJ9c.mp4,bowling,k400,0,32,224x224
757,waxing chest/YzRwbPTeoow.mp4,waxing chest,k400,0,32,224x224
758,krumping/ieJS6AKvboc.mp4,krumping,k400,0,32,224x224
759,making snowman/iZP4D0MVnOk.mp4,making snowman,k400,0,32,224x224
760,extinguishing fire/QyzmiAgvL_A.mp4,extinguishing fire,k400,0,32,224x224
761,feeding fish/OnMijxzfYfk.mp4,feeding fish,k400,0,32,224x224
762,hurdling/kpeTv48xiJo.mp4,hurdling,k400,0,32,224x224
763,bungee jumping/GiU-rv-AHQA.mp4,bungee jumping,k400,0,32,224x224
764,shaving head/yMhDfkwCHPc.mp4,shaving head,k400,0,32,224x224
765,yoga/vrBk8PzPywY.mp4,yoga,k400,0,32,224x224
766,sharpening pencil/b8QemXjPyig.mp4,sharpening pencil,k400,0,32,224x224
767,presenting weather forecast/3VV0BrsmqQo.mp4,presenting weather forecast,k400,0,32,224x224
768,golf driving/rV5NSJAFnSQ.mp4,golf driving,k400,0,32,224x224
769,stomping grapes/6raTcaDJFdE.mp4,stomping grapes,k400,0,32,224x224
770,unboxing/dnCwZ0ZYsz0.mp4,unboxing,k400,0,32,224x224
771,auctioning/6ewaKnvGYxo.mp4,auctioning,k400,0,32,224x224
772,catching fish/yYrO_ruFg6M.mp4,catching fish,k400,0,32,224x224
773,blowing out candles/vIcFqCag6EQ.mp4,blowing out candles,k400,0,32,224x224
774,making pizza/JfSs3UWh_eY.mp4,making pizza,k400,0,32,224x224
775,riding camel/ifHASXadtyM.mp4,riding camel,k400,0,32,224x224
776,peeling apples/UOGjJejsZj4.mp4,peeling apples,k400,0,32,224x224
777,plastering/HMWQcEX-_lY.mp4,plastering,k400,0,32,224x224
778,sticking tongue out/rGS3Me0BhpI.mp4,sticking tongue out,k400,0,32,224x224
779,hurdling/3a2U0qKQIqw.mp4,hurdling,k400,0,32,224x224
780,parasailing/GO4t7GgBV38.mp4,parasailing,k400,0,32,224x224
781,digging/pcK6UtoPiyE.mp4,digging,k400,0,32,224x224
782,playing violin/n_y8AwOgu8w.mp4,playing violin,k400,0,32,224x224
783,feeding fish/tNV5aov-8dg.mp4,feeding fish,k400,0,32,224x224
784,riding scooter/x-PfXsOSUq4.mp4,riding scooter,k400,0,32,224x224
785,dying hair/FGQ1lFr5I_A.mp4,dying hair,k400,0,32,224x224
786,cooking egg/kjUe2gV15vg.mp4,cooking egg,k400,0,32,224x224
787,testifying/-rsT9HSBkyI.mp4,testifying,k400,0,32,224x224
788,making pizza/l3celWuQkD0.mp4,making pizza,k400,0,32,224x224
789,feeding fish/I8CLoYlEZ9Q.mp4,feeding fish,k400,0,32,224x224
790,swimming breast stroke/xrIJ_y8R0bg.mp4,swimming breast stroke,k400,0,32,224x224
791,waxing eyebrows/rqq6xQXdzMI.mp4,waxing eyebrows,k400,0,32,224x224
792,roller skating/1UF7EWE9Zgo.mp4,roller skating,k400,0,32,224x224
793,bench pressing/QnJV5KuBb-A.mp4,bench pressing,k400,0,32,224x224
794,stretching leg/hF55Dt9cjLs.mp4,stretching leg,k400,0,32,224x224
795,riding scooter/1eyxGgok4nQ.mp4,riding scooter,k400,0,32,224x224
796,brushing teeth/zOUgDkBoQ0M.mp4,brushing teeth,k400,0,32,224x224
797,baking cookies/pKAkazfIXFw.mp4,baking cookies,k400,0,32,224x224
798,frying vegetables/tExmfC9OKww.mp4,frying vegetables,k400,0,32,224x224
799,smoking hookah/PK6NotYtLJA.mp4,smoking hookah,k400,0,32,224x224
800,barbequing/T8pza6R53KU.mp4,barbequing,k400,0,32,224x224
801,arm wrestling/6rZuAxZ2BXk.mp4,arm wrestling,k400,0,32,224x224
802,water skiing/zWS8WhE8CE0.mp4,water skiing,k400,0,32,224x224
803,vault/Jh6I_GpZTQs.mp4,vault,k400,0,32,224x224
804,filling eyebrows/KJpK8PGt30c.mp4,filling eyebrows,k400,0,32,224x224
805,driving tractor/ep6OmkIVQ0g.mp4,driving tractor,k400,0,32,224x224
806,carving pumpkin/rRkfiCDMo4I.mp4,carving pumpkin,k400,0,32,224x224
807,balloon blowing/--gx7yb1-x0.mp4,balloon blowing,k400,0,32,224x224
808,hammer throw/19ObS7m2Xcg.mp4,hammer throw,k400,0,32,224x224
809,chopping wood/1dwkvu_KwgQ.mp4,chopping wood,k400,0,32,224x224
810,side kick/QC_7YyVP_RM.mp4,side kick,k400,0,32,224x224
811,grooming horse/V22fALmLkps.mp4,grooming horse,k400,0,32,224x224
812,playing tennis/0NCn2OMw-TE.mp4,playing tennis,k400,0,32,224x224
813,golf driving/0b9xWsXdp0Q.mp4,golf driving,k400,0,32,224x224
814,skiing (not slalom or crosscountry)/9ntB1W4PT8Q.mp4,skiing (not slalom or crosscountry),k400,0,32,224x224
815,playing accordion/NCXrdjPLp34.mp4,playing accordion,k400,0,32,224x224
816,making sushi/PU2Pj2eSHdk.mp4,making sushi,k400,0,32,224x224
817,belly dancing/UyRlwBGp-p8.mp4,belly dancing,k400,0,32,224x224
818,jumping into pool/uyzyQlpX7oE.mp4,jumping into pool,k400,0,32,224x224
819,tapping guitar/T_r6mku2izY.mp4,tapping guitar,k400,0,32,224x224
820,tasting food/j9r3aJoadFw.mp4,tasting food,k400,0,32,224x224
821,spinning poi/IMXl2m2fLyo.mp4,spinning poi,k400,0,32,224x224
822,texting/jfws9brJqmA.mp4,texting,k400,0,32,224x224
823,playing keyboard/8u9cUH3ERto.mp4,playing keyboard,k400,0,32,224x224
824,mowing lawn/aOOFB06MSKY.mp4,mowing lawn,k400,0,32,224x224
825,contact juggling/8sMDOF32jyU.mp4,contact juggling,k400,0,32,224x224
826,zumba/VrFBXoNji-I.mp4,zumba,k400,0,32,224x224
827,bobsledding/TDQ3c39we9s.mp4,bobsledding,k400,0,32,224x224
828,making pizza/Et44MRw4wlc.mp4,making pizza,k400,0,32,224x224
829,kitesurfing/KsGNtrYcUlI.mp4,kitesurfing,k400,0,32,224x224
830,brushing hair/7jZu9rK-idU.mp4,brushing hair,k400,0,32,224x224
831,skateboarding/4GfVzxBqhwQ.mp4,skateboarding,k400,0,32,224x224
832,assembling computer/5up9gVSpFJ8.mp4,assembling computer,k400,0,32,224x224
833,playing poker/cHJdqS9Y4Zk.mp4,playing poker,k400,0,32,224x224
834,brushing teeth/S2vXbQq_P_Q.mp4,brushing teeth,k400,0,32,224x224
835,frying vegetables/1HYTGM88W3o.mp4,frying vegetables,k400,0,32,224x224
836,bench pressing/X6Ma61_cn24.mp4,bench pressing,k400,0,32,224x224
837,throwing ball/PgV4Yqp41Cs.mp4,throwing ball,k400,0,32,224x224
838,swing dancing/xzjZZI6NgWM.mp4,swing dancing,k400,0,32,224x224
839,scrambling eggs/GcAKQOnGzjM.mp4,scrambling eggs,k400,0,32,224x224
840,checking tires/vJcgY5HHGeo.mp4,checking tires,k400,0,32,224x224
841,driving tractor/EPSgQHJdX2U.mp4,driving tractor,k400,0,32,224x224
842,celebrating/SUklCrACK6Y.mp4,celebrating,k400,0,32,224x224
843,flying kite/FfD_aIeo7tk.mp4,flying kite,k400,0,32,224x224
844,riding or walking with horse/2qYeBn8UQ9s.mp4,riding or walking with horse,k400,0,32,224x224
845,dribbling basketball/x3Vle4V_bow.mp4,dribbling basketball,k400,0,32,224x224
846,javelin throw/QyiKdczXhek.mp4,javelin throw,k400,0,32,224x224
847,crying/naM0F1SErTs.mp4,crying,k400,0,32,224x224
848,surfing water/G2fNmkgSFXk.mp4,surfing water,k400,0,32,224x224
849,cooking sausages/zj5vho8H-B0.mp4,cooking sausages,k400,0,32,224x224
850,crossing river/ehdUqlMjjxM.mp4,crossing river,k400,0,32,224x224
851,kicking field goal/LxjmhiTbN0k.mp4,kicking field goal,k400,0,32,224x224
852,setting table/qFtyTHcq9P4.mp4,setting table,k400,0,32,224x224
853,pumping fist/dvHmM1blT-M.mp4,pumping fist,k400,0,32,224x224
854,playing chess/gdbGItsflHs.mp4,playing chess,k400,0,32,224x224
855,playing piano/tvYEDMsUb3I.mp4,playing piano,k400,0,32,224x224
856,blowing glass/iV-PFw2xK8o.mp4,blowing glass,k400,0,32,224x224
857,dancing ballet/g6fNdqJ9SIs.mp4,dancing ballet,k400,0,32,224x224
858,playing recorder/Imln6bFyvl0.mp4,playing recorder,k400,0,32,224x224
859,washing feet/fxhArffcXZM.mp4,washing feet,k400,0,32,224x224
860,washing feet/nM_AZF9KbBU.mp4,washing feet,k400,0,32,224x224
861,opening bottle/V-atuDGC938.mp4,opening bottle,k400,0,32,224x224
862,jumpstyle dancing/HYtathHqmZ0.mp4,jumpstyle dancing,k400,0,32,224x224
863,shining shoes/5FwzgoSzqDY.mp4,shining shoes,k400,0,32,224x224
864,shot put/CBUV2-7htZk.mp4,shot put,k400,0,32,224x224
865,hugging/bxsY1e9NGrk.mp4,hugging,k400,0,32,224x224
866,stomping grapes/UqHTu92Pn8E.mp4,stomping grapes,k400,0,32,224x224
867,unboxing/513xu7Fu1bc.mp4,unboxing,k400,0,32,224x224
868,crying/O7GdtQALp2A.mp4,crying,k400,0,32,224x224
869,waxing chest/QTDSbSqs2nw.mp4,waxing chest,k400,0,32,224x224
870,playing saxophone/tVrk0rMWbuY.mp4,playing saxophone,k400,0,32,224x224
871,side kick/YbcHUWUPX6A.mp4,side kick,k400,0,32,224x224
872,punching bag/2okHMEDaJyA.mp4,punching bag,k400,0,32,224x224
873,blowing glass/kZUinsOjdn4.mp4,blowing glass,k400,0,32,224x224
874,reading book/OFdV30ObM38.mp4,reading book,k400,0,32,224x224
875,shearing sheep/wH8C285Wolc.mp4,shearing sheep,k400,0,32,224x224
876,shaving legs/5NC9DX7MYrY.mp4,shaving legs,k400,0,32,224x224
877,folding paper/A1vMsy07EGI.mp4,folding paper,k400,0,32,224x224
878,skiing (not slalom or crosscountry)/2kZrPCXHYqY.mp4,skiing (not slalom or crosscountry),k400,0,32,224x224
879,cooking on campfire/C14qcGOvXfk.mp4,cooking on campfire,k400,0,32,224x224
880,playing harmonica/7tMtGnpNlDg.mp4,playing harmonica,k400,0,32,224x224
881,massaging legs/JIdyMkc_RpA.mp4,massaging legs,k400,0,32,224x224
882,tobogganing/nc3DUxfBwuQ.mp4,tobogganing,k400,0,32,224x224
883,air drumming/5KUxFX1HKbI.mp4,air drumming,k400,0,32,224x224
884,catching fish/gpfgdV5Sta0.mp4,catching fish,k400,0,32,224x224
885,recording music/ACnAUswsTZk.mp4,recording music,k400,0,32,224x224
886,decorating the christmas tree/Ew0pjMBmOpM.mp4,decorating the christmas tree,k400,0,32,224x224
887,biking through snow/uWZ3RlXa6aE.mp4,biking through snow,k400,0,32,224x224
888,playing badminton/Qo-uId48tSk.mp4,playing badminton,k400,0,32,224x224
889,eating chips/XIwFNLIq-AQ.mp4,eating chips,k400,0,32,224x224
890,parasailing/g0HR_kMMUbE.mp4,parasailing,k400,0,32,224x224
891,watering plants/zMsCWaXFQHY.mp4,watering plants,k400,0,32,224x224
892,flipping pancake/eGqdUZUcD94.mp4,flipping pancake,k400,0,32,224x224
893,washing dishes/DKLXfFcjJRc.mp4,washing dishes,k400,0,32,224x224
894,beatboxing/LWvujnRQvXI.mp4,beatboxing,k400,0,32,224x224
895,dribbling basketball/MCq7873UJbQ.mp4,dribbling basketball,k400,0,32,224x224
896,playing cards/rmy8S3m19_o.mp4,playing cards,k400,0,32,224x224
897,hammer throw/ODFAovuLgj8.mp4,hammer throw,k400,0,32,224x224
898,presenting weather forecast/DB2kDHjOhZM.mp4,presenting weather forecast,k400,0,32,224x224
899,folding paper/esoWCQAjk9Q.mp4,folding paper,k400,0,32,224x224
900,snatch weight lifting/W7AEkMptz28.mp4,snatch weight lifting,k400,0,32,224x224
901,driving car/loXa6-YD_ZY.mp4,driving car,k400,0,32,224x224
902,canoeing or kayaking/wz4Din3cz4Y.mp4,canoeing or kayaking,k400,0,32,224x224
903,crawling baby/JlpaAIpXRME.mp4,crawling baby,k400,0,32,224x224
904,capoeira/SyNDPEY4PmQ.mp4,capoeira,k400,0,32,224x224
905,ice fishing/D2eDLRxHah0.mp4,ice fishing,k400,0,32,224x224
906,getting a tattoo/lc9PGwthWpg.mp4,getting a tattoo,k400,0,32,224x224
907,snowkiting/0EanyVeirwA.mp4,snowkiting,k400,0,32,224x224
908,brush painting/81OBTZcJHL8.mp4,brush painting,k400,0,32,224x224
909,doing laundry/dTJIlUhRaPE.mp4,doing laundry,k400,0,32,224x224
910,washing dishes/L80Ix_tlHKE.mp4,washing dishes,k400,0,32,224x224
911,opening present/d7OAUHXxrpM.mp4,opening present,k400,0,32,224x224
912,tying bow tie/1LHDkQrZI4I.mp4,tying bow tie,k400,0,32,224x224
913,brush painting/8yPgVBq2t8g.mp4,brush painting,k400,0,32,224x224
914,giving or receiving award/0jXKXu2WNPQ.mp4,giving or receiving award,k400,0,32,224x224
915,baby waking up/HVrR3h9gokM.mp4,baby waking up,k400,0,32,224x224
916,dribbling basketball/YZ54-XbdqD8.mp4,dribbling basketball,k400,0,32,224x224
917,waxing eyebrows/gIorJoDgVGk.mp4,waxing eyebrows,k400,0,32,224x224
918,playing harmonica/1HfCdmtv-88.mp4,playing harmonica,k400,0,32,224x224
919,catching or throwing baseball/ywXZQ-mSp8Y.mp4,catching or throwing baseball,k400,0,32,224x224
920,shooting basketball/wTzHthyb1Hw.mp4,shooting basketball,k400,0,32,224x224
921,waxing back/tD_GHdKYscw.mp4,waxing back,k400,0,32,224x224
922,squat/iE1OuuZHv74.mp4,squat,k400,0,32,224x224
923,hitting baseball/gpGeQDxoyMU.mp4,hitting baseball,k400,0,32,224x224
924,javelin throw/VZADcDVuH-E.mp4,javelin throw,k400,0,32,224x224
925,grooming horse/qD52CX0CSBs.mp4,grooming horse,k400,0,32,224x224
926,catching fish/HpE1fQbxVIw.mp4,catching fish,k400,0,32,224x224
927,archery/mQVDRIPcqAQ.mp4,archery,k400,0,32,224x224
928,crawling baby/NueWwSBCwFY.mp4,crawling baby,k400,0,32,224x224
929,gymnastics tumbling/MAQd6Wue3Gs.mp4,gymnastics tumbling,k400,0,32,224x224
930,parkour/53mTRflwO9Y.mp4,parkour,k400,0,32,224x224
931,blowing nose/EKVBzHOZUCk.mp4,blowing nose,k400,0,32,224x224
932,situp/z-RxZpo9-y4.mp4,situp,k400,0,32,224x224
933,hula hooping/gWfsLk-B4DY.mp4,hula hooping,k400,0,32,224x224
934,writing/KJKMceXl1pk.mp4,writing,k400,0,32,224x224
935,baking cookies/2djtbcbuhkI.mp4,baking cookies,k400,0,32,224x224
936,cartwheeling/NzaU-nWdLR4.mp4,cartwheeling,k400,0,32,224x224
937,front raises/R_0dVlWAuRM.mp4,front raises,k400,0,32,224x224
938,windsurfing/-0Y3H5y75t8.mp4,windsurfing,k400,0,32,224x224
939,dunking basketball/hJ2TR5S2iYw.mp4,dunking basketball,k400,0,32,224x224
940,headbutting/Toh8wx_8cCI.mp4,headbutting,k400,0,32,224x224
941,biking through snow/oN2mxUFcZrM.mp4,biking through snow,k400,0,32,224x224
942,shaving legs/rB7OTl7X2V4.mp4,shaving legs,k400,0,32,224x224
943,chopping wood/K2Cus70MVE4.mp4,chopping wood,k400,0,32,224x224
944,kissing/r005aSoAxkg.mp4,kissing,k400,0,32,224x224
945,pole vault/jxg9tGhF_h0.mp4,pole vault,k400,0,32,224x224
946,arm wrestling/x8MZpti49ZE.mp4,arm wrestling,k400,0,32,224x224
947,playing didgeridoo/Tf-uqQgehso.mp4,playing didgeridoo,k400,0,32,224x224
948,scrambling eggs/b05S-4t1vYQ.mp4,scrambling eggs,k400,0,32,224x224
949,extinguishing fire/VhLOskCdM10.mp4,extinguishing fire,k400,0,32,224x224
950,playing cymbals/XAEW1WeSy7c.mp4,playing cymbals,k400,0,32,224x224
951,smoking/36hI7YjtRjI.mp4,smoking,k400,0,32,224x224
952,playing harp/SqUWyvnIqPI.mp4,playing harp,k400,0,32,224x224
953,front raises/_BCJhz-W4Ug.mp4,front raises,k400,0,32,224x224
954,sword fighting/rgi5z8KwW8Y.mp4,sword fighting,k400,0,32,224x224
955,blowing out candles/XEwDChMDq3k.mp4,blowing out candles,k400,0,32,224x224
956,riding mechanical bull/mr-B2VGcjC4.mp4,riding mechanical bull,k400,0,32,224x224
957,motorcycling/VSzLwoPlQ_8.mp4,motorcycling,k400,0,32,224x224
958,playing kickball/waUXW1hXv1s.mp4,playing kickball,k400,0,32,224x224
959,clapping/8ChV2Ud4TeA.mp4,clapping,k400,0,32,224x224
960,hugging/y1uunWKuM6w.mp4,hugging,k400,0,32,224x224
961,folding napkins/hCes-3tvz2g.mp4,folding napkins,k400,0,32,224x224
962,opening present/RMxXqSQ7u34.mp4,opening present,k400,0,32,224x224
963,gymnastics tumbling/myC9WSFt0kw.mp4,gymnastics tumbling,k400,0,32,224x224
964,shaking hands/AnSSaui3c-4.mp4,shaking hands,k400,0,32,224x224
965,surfing water/NOJosjfIAgs.mp4,surfing water,k400,0,32,224x224
966,washing feet/5PP6Ab5jMBo.mp4,washing feet,k400,0,32,224x224
967,tying bow tie/c64CSpgiJ90.mp4,tying bow tie,k400,0,32,224x224
968,mowing lawn/27cNSPMwniE.mp4,mowing lawn,k400,0,32,224x224
969,riding a bike/9uMYKtV6C30.mp4,riding a bike,k400,0,32,224x224
970,making pizza/zLTioRwYIog.mp4,making pizza,k400,0,32,224x224
971,balloon blowing/DIRJHaa1Ltc.mp4,balloon blowing,k400,0,32,224x224
972,carving pumpkin/0IkXLyWWuP4.mp4,carving pumpkin,k400,0,32,224x224
973,waxing chest/FGzR_hqqZUs.mp4,waxing chest,k400,0,32,224x224
974,tai chi/VaH76dkriow.mp4,tai chi,k400,0,32,224x224
975,tobogganing/2tl-wqppdZ8.mp4,tobogganing,k400,0,32,224x224
976,swimming breast stroke/xYX8CJgFC3o.mp4,swimming breast stroke,k400,0,32,224x224
977,biking through snow/BLk8ckj7TrI.mp4,biking through snow,k400,0,32,224x224
978,tasting beer/8_3-jVmTbL0.mp4,tasting beer,k400,0,32,224x224
979,bending metal/2lqopMIZCaY.mp4,bending metal,k400,0,32,224x224
980,playing chess/MsGsQjtJCmA.mp4,playing chess,k400,0,32,224x224
981,playing bass guitar/hxL6EZFQAOE.mp4,playing bass guitar,k400,0,32,224x224
982,marching/bwnBONP6EIk.mp4,marching,k400,0,32,224x224
983,planting trees/RWDZxuWzBwk.mp4,planting trees,k400,0,32,224x224
984,juggling balls/cDc1N9kSq44.mp4,juggling balls,k400,0,32,224x224
985,catching or throwing frisbee/wDKE5BHyCBg.mp4,catching or throwing frisbee,k400,0,32,224x224
986,making a sandwich/hZjA51OlWU4.mp4,making a sandwich,k400,0,32,224x224
987,tapping guitar/ELR0gY1MMdU.mp4,tapping guitar,k400,0,32,224x224
988,playing trombone/vPm65Kuccr8.mp4,playing trombone,k400,0,32,224x224
989,applauding/brBw6cFwock.mp4,applauding,k400,0,32,224x224
990,sailing/pk86-OrHKew.mp4,sailing,k400,0,32,224x224
991,somersaulting/aKBkNVygF58.mp4,somersaulting,k400,0,32,224x224
992,capoeira/SRhhThokfuY.mp4,capoeira,k400,0,32,224x224
993,salsa dancing/JUejV8qEtko.mp4,salsa dancing,k400,0,32,224x224
994,blowing out candles/0daXPAF1fxg.mp4,blowing out candles,k400,0,32,224x224
995,country line dancing/c6adHgOMWk8.mp4,country line dancing,k400,0,32,224x224
996,sign language interpreting/tiA_hLag5Kw.mp4,sign language interpreting,k400,0,32,224x224
997,playing basketball/ke5G0LB2MDw.mp4,playing basketball,k400,0,32,224x224
998,fixing hair/k7RLK0zVCXk.mp4,fixing hair,k400,0,32,224x224
999,shearing sheep/-MN-Zv7zQsU.mp4,shearing sheep,k400,0,32,224x224
1000,pumping gas/rlM_L29cBas.mp4,pumping gas,k400,0,32,224x224
1001,petting cat/UQAXEX2SsoI.mp4,petting cat,k400,0,32,224x224
1002,waxing eyebrows/zc5s9Ddz8Vk.mp4,waxing eyebrows,k400,0,32,224x224
1003,bungee jumping/dxL582dzASQ.mp4,bungee jumping,k400,0,32,224x224
1004,blowing glass/Ds-y5H8H4M0.mp4,blowing glass,k400,0,32,224x224
1005,bandaging/sbTLuBYPH1Y.mp4,bandaging,k400,0,32,224x224
1006,spinning poi/egIlik1k6zM.mp4,spinning poi,k400,0,32,224x224
1007,trimming or shaving beard/1tIVj8BbCp0.mp4,trimming or shaving beard,k400,0,32,224x224
1008,crossing river/1HyfE5t-h5o.mp4,crossing river,k400,0,32,224x224
1009,surfing crowd/v5RkmmwP1bM.mp4,surfing crowd,k400,0,32,224x224
1010,parkour/bmhABV4gbF4.mp4,parkour,k400,0,32,224x224
1011,squat/AfWJoamTCL0.mp4,squat,k400,0,32,224x224
1012,jumpstyle dancing/MxjspWmXGpk.mp4,jumpstyle dancing,k400,0,32,224x224
1013,filling eyebrows/WloahUQ8JRM.mp4,filling eyebrows,k400,0,32,224x224
1014,riding mechanical bull/Znnd2EcFUwc.mp4,riding mechanical bull,k400,0,32,224x224
1015,snowkiting/jxtaUq_CUxs.mp4,snowkiting,k400,0,32,224x224
1016,tossing salad/7JZG5n9iMMI.mp4,tossing salad,k400,0,32,224x224
1017,playing violin/qHORYysByLY.mp4,playing violin,k400,0,32,224x224
1018,welding/4gY-vBxrEbs.mp4,welding,k400,0,32,224x224
1019,whistling/V3elL9vEcNs.mp4,whistling,k400,0,32,224x224
1020,contact juggling/62LkZX969-Q.mp4,contact juggling,k400,0,32,224x224
1021,side kick/tt6hzuHqa8U.mp4,side kick,k400,0,32,224x224
1022,playing saxophone/d-Ny3eN2054.mp4,playing saxophone,k400,0,32,224x224
1023,pull ups/bvlGDjSHklI.mp4,pull ups,k400,0,32,224x224
1024,diving cliff/nU57ez6gGX8.mp4,diving cliff,k400,0,32,224x224
1025,rock climbing/iRRawMkIEfs.mp4,rock climbing,k400,0,32,224x224
1026,juggling fire/0VtMS5pH230.mp4,juggling fire,k400,0,32,224x224
1027,dancing ballet/KZfhrGkWJaU.mp4,dancing ballet,k400,0,32,224x224
1028,celebrating/kIqwsdqFZAg.mp4,celebrating,k400,0,32,224x224
1029,texting/bIZKOUSNmm8.mp4,texting,k400,0,32,224x224
1030,playing cricket/6wWHV5fH4D4.mp4,playing cricket,k400,0,32,224x224
1031,sticking tongue out/XI_jNP36QSQ.mp4,sticking tongue out,k400,0,32,224x224
1032,eating cake/yg3vk6_2wAE.mp4,eating cake,k400,0,32,224x224
1033,abseiling/G_Nl_Tt26Nc.mp4,abseiling,k400,0,32,224x224
1034,filling eyebrows/Snf--FVlyxc.mp4,filling eyebrows,k400,0,32,224x224
1035,drop kicking/ikgcyJNtG8M.mp4,drop kicking,k400,0,32,224x224
1036,high jump/UfJxty6HRao.mp4,high jump,k400,0,32,224x224
1037,bookbinding/Q0ayE3nGKSk.mp4,bookbinding,k400,0,32,224x224
1038,arm wrestling/BxoZhLqVgp0.mp4,arm wrestling,k400,0,32,224x224
1039,playing didgeridoo/btNMcR8Mkww.mp4,playing didgeridoo,k400,0,32,224x224
1040,squat/EabARxVnmpo.mp4,squat,k400,0,32,224x224
1041,shooting basketball/ejQJ5S2YPI4.mp4,shooting basketball,k400,0,32,224x224
1042,tasting beer/OrywENzFozk.mp4,tasting beer,k400,0,32,224x224
1043,unboxing/pfX9EGotlLI.mp4,unboxing,k400,0,32,224x224
1044,driving tractor/UuPS6wWO54w.mp4,driving tractor,k400,0,32,224x224
1045,presenting weather forecast/ECGpzMwdPvE.mp4,presenting weather forecast,k400,0,32,224x224
1046,biking through snow/FVqFsKHG64M.mp4,biking through snow,k400,0,32,224x224
1047,stretching arm/-DpR1pJJD_I.mp4,stretching arm,k400,0,32,224x224
1048,barbequing/cHbJIOHUheY.mp4,barbequing,k400,0,32,224x224
1049,ice skating/ZmCLmPNfxxY.mp4,ice skating,k400,0,32,224x224
1050,brushing hair/eGHr0VNFclg.mp4,brushing hair,k400,0,32,224x224
1051,canoeing or kayaking/6eEZlGYFwBs.mp4,canoeing or kayaking,k400,0,32,224x224
1052,singing/P9T3s515gcw.mp4,singing,k400,0,32,224x224
1053,making pizza/ygszVRmVsSw.mp4,making pizza,k400,0,32,224x224
1054,hula hooping/gal8Vfd9UG0.mp4,hula hooping,k400,0,32,224x224
1055,rock climbing/kckwDVPWSEA.mp4,rock climbing,k400,0,32,224x224
1056,playing volleyball/3jVKqIJOp30.mp4,playing volleyball,k400,0,32,224x224
1057,making a cake/M-UDSCO09gI.mp4,making a cake,k400,0,32,224x224
1058,hammer throw/ZCV6aoFYsVE.mp4,hammer throw,k400,0,32,224x224
1059,arm wrestling/m-TFbEkWFfQ.mp4,arm wrestling,k400,0,32,224x224
1060,picking fruit/fSxQRDrvUSs.mp4,picking fruit,k400,0,32,224x224
1061,high kick/EMGdvi-EfL0.mp4,high kick,k400,0,32,224x224
1062,stretching arm/zlg5DGnn5zI.mp4,stretching arm,k400,0,32,224x224
1063,playing ukulele/D1st0rNHNNU.mp4,playing ukulele,k400,0,32,224x224
1064,long jump/p_mnZNXNGJE.mp4,long jump,k400,0,32,224x224
1065,somersaulting/ssX3nNU40B0.mp4,somersaulting,k400,0,32,224x224
1066,cutting pineapple/kjGTBFURwN0.mp4,cutting pineapple,k400,0,32,224x224
1067,eating ice cream/Zg6vMw9k8TU.mp4,eating ice cream,k400,0,32,224x224
1068,playing controller/5W13XiIxE_A.mp4,playing controller,k400,0,32,224x224
1069,applying cream/Oy_xKJ3jU44.mp4,applying cream,k400,0,32,224x224
1070,belly dancing/S_lliWBAUeQ.mp4,belly dancing,k400,0,32,224x224
1071,spraying/mLC4tMivhgk.mp4,spraying,k400,0,32,224x224
1072,salsa dancing/Aohf7QW-Kis.mp4,salsa dancing,k400,0,32,224x224
1073,kitesurfing/WoUi3pVlHJs.mp4,kitesurfing,k400,0,32,224x224
1074,riding elephant/BQBd7bgrtD4.mp4,riding elephant,k400,0,32,224x224
1075,barbequing/k1Q7U65XalE.mp4,barbequing,k400,0,32,224x224
1076,hockey stop/OEg5rP8PD7o.mp4,hockey stop,k400,0,32,224x224
1077,making sushi/1reab1O2jJY.mp4,making sushi,k400,0,32,224x224
1078,eating watermelon/MsKwqdvQR1M.mp4,eating watermelon,k400,0,32,224x224
1079,cooking chicken/A8VfWSdgrIc.mp4,cooking chicken,k400,0,32,224x224
1080,bobsledding/B31RsaPw9-A.mp4,bobsledding,k400,0,32,224x224
1081,blasting sand/zRYE2CVRKas.mp4,blasting sand,k400,0,32,224x224
1082,playing poker/XLrLpPRCxW0.mp4,playing poker,k400,0,32,224x224
1083,tai chi/skj69i5usgI.mp4,tai chi,k400,0,32,224x224
1084,applauding/qKL-dNwZVAI.mp4,applauding,k400,0,32,224x224
1085,cleaning toilet/FhP2rcwiLkI.mp4,cleaning toilet,k400,0,32,224x224
1086,folding napkins/J3IZxg-qQ-U.mp4,folding napkins,k400,0,32,224x224
1087,drinking beer/gv-CNrTbyr8.mp4,drinking beer,k400,0,32,224x224
1088,brushing hair/H4HuicB39qM.mp4,brushing hair,k400,0,32,224x224
1089,swimming butterfly stroke/I8hFMNSnP1o.mp4,swimming butterfly stroke,k400,0,32,224x224
1090,riding mountain bike/G8PxNyB6dMQ.mp4,riding mountain bike,k400,0,32,224x224
1091,jetskiing/ddRP6ADtoAk.mp4,jetskiing,k400,0,32,224x224
1092,writing/s5ly3w7JFGE.mp4,writing,k400,0,32,224x224
1093,playing badminton/uYH5pfHlIxg.mp4,playing badminton,k400,0,32,224x224
1094,opening present/WFdNcz_y1Sc.mp4,opening present,k400,0,32,224x224
1095,riding a bike/qM9DdOHeeOQ.mp4,riding a bike,k400,0,32,224x224
1096,massaging person's head/UxVWSEIqA30.mp4,massaging person's head,k400,0,32,224x224
1097,playing tennis/--56QUhyDQM.mp4,playing tennis,k400,0,32,224x224
1098,eating hotdog/IvemDgnienU.mp4,eating hotdog,k400,0,32,224x224
1099,cutting pineapple/kBi7PHrpmxY.mp4,cutting pineapple,k400,0,32,224x224
1100,pushing car/SZ8x71iPOHk.mp4,pushing car,k400,0,32,224x224
1101,side kick/DSx9KwzuK1s.mp4,side kick,k400,0,32,224x224
1102,juggling fire/7kFuCyGeVTg.mp4,juggling fire,k400,0,32,224x224
1103,shaving legs/HoJKNyCe3us.mp4,shaving legs,k400,0,32,224x224
1104,shooting goal (soccer)/o4o7PO5FBhs.mp4,shooting goal (soccer),k400,0,32,224x224
1105,mopping floor/K6F2Y_48RWk.mp4,mopping floor,k400,0,32,224x224
1106,tossing coin/7xx6Ek0STNg.mp4,tossing coin,k400,0,32,224x224
1107,jumpstyle dancing/X4rcjWzeYpg.mp4,jumpstyle dancing,k400,0,32,224x224
1108,snorkeling/c_9NtmQo7yw.mp4,snorkeling,k400,0,32,224x224
1109,riding mule/EB0i0aNFdo8.mp4,riding mule,k400,0,32,224x224
1110,front raises/A2d-MPEG54g.mp4,front raises,k400,0,32,224x224
1111,javelin throw/ogU3t-acelI.mp4,javelin throw,k400,0,32,224x224
1112,mowing lawn/FBUlALPgwgA.mp4,mowing lawn,k400,0,32,224x224
1113,tobogganing/M2zl7ydnR_k.mp4,tobogganing,k400,0,32,224x224
1114,canoeing or kayaking/ZBViSvgvS2I.mp4,canoeing or kayaking,k400,0,32,224x224
1115,shooting basketball/X0xF1n4Snoo.mp4,shooting basketball,k400,0,32,224x224
1116,sign language interpreting/HPNyvs0VkTw.mp4,sign language interpreting,k400,0,32,224x224
1117,baking cookies/f8NyRcIsdFU.mp4,baking cookies,k400,0,32,224x224
1118,sticking tongue out/WZGVwBEh-DQ.mp4,sticking tongue out,k400,0,32,224x224
1119,cleaning shoes/V_vdMM0jP98.mp4,cleaning shoes,k400,0,32,224x224
1120,beatboxing/9hlkvk50h_U.mp4,beatboxing,k400,0,32,224x224
1121,tossing coin/Zg8dD6jBZyQ.mp4,tossing coin,k400,0,32,224x224
1122,making snowman/ldry0BwNc_w.mp4,making snowman,k400,0,32,224x224
1123,trimming or shaving beard/QTKDeik0ht0.mp4,trimming or shaving beard,k400,0,32,224x224
1124,peeling apples/o8vNtUkCLoc.mp4,peeling apples,k400,0,32,224x224
1125,jumping into pool/s52rS2pL4B4.mp4,jumping into pool,k400,0,32,224x224
1126,playing poker/mdFY53-dn7E.mp4,playing poker,k400,0,32,224x224
1127,skiing (not slalom or crosscountry)/CZ-tStEyoMU.mp4,skiing (not slalom or crosscountry),k400,0,32,224x224
1128,tasting beer/wqGBdXYDgLQ.mp4,tasting beer,k400,0,32,224x224
1129,trimming or shaving beard/pow-psHi6hw.mp4,trimming or shaving beard,k400,0,32,224x224
1130,long jump/o31FjFMCCtM.mp4,long jump,k400,0,32,224x224
1131,shoveling snow/Zc-SJsbOFiI.mp4,shoveling snow,k400,0,32,224x224
1132,checking tires/0Ge_8vGZHmw.mp4,checking tires,k400,0,32,224x224
1133,yawning/Xky9RlAhlYc.mp4,yawning,k400,0,32,224x224
1134,bartending/FSD869ro-jE.mp4,bartending,k400,0,32,224x224
1135,dancing charleston/zJtzzrrGnKQ.mp4,dancing charleston,k400,0,32,224x224
1136,sniffing/Wq3b4jsZeQ0.mp4,sniffing,k400,0,32,224x224
1137,belly dancing/3QB3uS5fi4Y.mp4,belly dancing,k400,0,32,224x224
1138,singing/Uigc3OZ6Lso.mp4,singing,k400,0,32,224x224
1139,playing bagpipes/C06FHZRBadE.mp4,playing bagpipes,k400,0,32,224x224
1140,applying cream/U3V4yeEqtbA.mp4,applying cream,k400,0,32,224x224
1141,playing guitar/_TsfUWDTqKw.mp4,playing guitar,k400,0,32,224x224
1142,passing American football (not in game)/ATAIajk6qvQ.mp4,passing American football (not in game),k400,0,32,224x224
1143,throwing discus/FIumFGts8OI.mp4,throwing discus,k400,0,32,224x224
1144,clean and jerk/_eJYN1dZxJM.mp4,clean and jerk,k400,0,32,224x224
1145,ice fishing/S8_lzW0PCIk.mp4,ice fishing,k400,0,32,224x224
1146,scuba diving/9XcYIkwXtvo.mp4,scuba diving,k400,0,32,224x224
1147,playing didgeridoo/0UC74Gca9bI.mp4,playing didgeridoo,k400,0,32,224x224
1148,checking tires/AIhC5G3IX6c.mp4,checking tires,k400,0,32,224x224
1149,jumping into pool/Tp4hzmxiNM0.mp4,jumping into pool,k400,0,32,224x224
1150,sled dog racing/uuEN-8hr8zk.mp4,sled dog racing,k400,0,32,224x224
1151,cutting pineapple/nCoWhBEgmYU.mp4,cutting pineapple,k400,0,32,224x224
1152,hurling (sport)/wjvcy7uOxas.mp4,hurling (sport),k400,0,32,224x224
1153,crawling baby/D9PFhf5jsYU.mp4,crawling baby,k400,0,32,224x224
1154,getting a haircut/fjYFx1tBjpc.mp4,getting a haircut,k400,0,32,224x224
1155,grooming horse/uO7U1wodt4M.mp4,grooming horse,k400,0,32,224x224
1156,shot put/w_TGQ3xjUpA.mp4,shot put,k400,0,32,224x224
1157,pole vault/HfIGjVFJhKs.mp4,pole vault,k400,0,32,224x224
1158,spinning poi/34IgLErDKDg.mp4,spinning poi,k400,0,32,224x224
1159,ice skating/hR4Ty1p2fNM.mp4,ice skating,k400,0,32,224x224
1160,playing controller/9AWmslL2HvU.mp4,playing controller,k400,0,32,224x224
1161,scuba diving/LWVfT9suDH8.mp4,scuba diving,k400,0,32,224x224
1162,juggling soccer ball/bIHVR_EA1KA.mp4,juggling soccer ball,k400,0,32,224x224
1163,wrestling/yxHlLD2cWZE.mp4,wrestling,k400,0,32,224x224
1164,country line dancing/X_TQd6vTnkw.mp4,country line dancing,k400,0,32,224x224
1165,news anchoring/VC6rhZ6Yxeo.mp4,news anchoring,k400,0,32,224x224
1166,paragliding/KOkz6za4hYA.mp4,paragliding,k400,0,32,224x224
1167,paragliding/Jzh-M2TAKk0.mp4,paragliding,k400,0,32,224x224
1168,cutting pineapple/Ol_Bh9ge8ik.mp4,cutting pineapple,k400,0,32,224x224
1169,playing accordion/Ruov9KgEqbs.mp4,playing accordion,k400,0,32,224x224
1170,dunking basketball/vsG-oa0XNdY.mp4,dunking basketball,k400,0,32,224x224
1171,cleaning floor/ltoeikYSp1g.mp4,cleaning floor,k400,0,32,224x224
1172,tying knot (not on a tie)/-hs2X8EDjf0.mp4,tying knot (not on a tie),k400,0,32,224x224
1173,tango dancing/aj5_BtoXflI.mp4,tango dancing,k400,0,32,224x224
1174,training dog/ukMRZ25lWZk.mp4,training dog,k400,0,32,224x224
1175,shaking hands/s2F03JG_t1o.mp4,shaking hands,k400,0,32,224x224
1176,robot dancing/wnRWduffk6Q.mp4,robot dancing,k400,0,32,224x224
1177,catching or throwing baseball/dfvcnwl1cSk.mp4,catching or throwing baseball,k400,0,32,224x224
1178,skiing slalom/KzHDvO0QthE.mp4,skiing slalom,k400,0,32,224x224
1179,grooming horse/uTENBIv3KRQ.mp4,grooming horse,k400,0,32,224x224
1180,capoeira/6yMy-7Vnxos.mp4,capoeira,k400,0,32,224x224
1181,feeding birds/--PyMoD3_eg.mp4,feeding birds,k400,0,32,224x224
1182,brushing hair/WMxvduO3d7g.mp4,brushing hair,k400,0,32,224x224
1183,ski jumping/MNEh1wJbpmw.mp4,ski jumping,k400,0,32,224x224
1184,playing badminton/4urwqEt5S98.mp4,playing badminton,k400,0,32,224x224
1185,long jump/8k2h3qoDQHY.mp4,long jump,k400,0,32,224x224
1186,beatboxing/XG6Yr7qkotA.mp4,beatboxing,k400,0,32,224x224
1187,walking the dog/x-Q2V2tnhMA.mp4,walking the dog,k400,0,32,224x224
1188,throwing ball/3oKE5Z6QGxI.mp4,throwing ball,k400,0,32,224x224
1189,tobogganing/MBsy2rKXqWw.mp4,tobogganing,k400,0,32,224x224
1190,using remote controller (not gaming)/IKr0UiTuLtM.mp4,using remote controller (not gaming),k400,0,32,224x224
1191,smoking/A-iPnnNzA6k.mp4,smoking,k400,0,32,224x224
1192,brushing teeth/N8Npf4Fqd7o.mp4,brushing teeth,k400,0,32,224x224
1193,passing American football (not in game)/0uf6bfgEncM.mp4,passing American football (not in game),k400,0,32,224x224
1194,setting table/_D3-1HAxiBU.mp4,setting table,k400,0,32,224x224
1195,skateboarding/ZUqhZ1Px9d4.mp4,skateboarding,k400,0,32,224x224
1196,tai chi/-mTxsh0CC-U.mp4,tai chi,k400,0,32,224x224
1197,front raises/-LUJwEnOPCw.mp4,front raises,k400,0,32,224x224
1198,driving car/loZ6sln6-H4.mp4,driving car,k400,0,32,224x224
1199,tap dancing/sk6jIeBrvwc.mp4,tap dancing,k400,0,32,224x224
1200,trimming trees/Fb5bY7pzyQ8.mp4,trimming trees,k400,0,32,224x224
1201,diving cliff/x_k7UMz2nao.mp4,diving cliff,k400,0,32,224x224
1202,dancing macarena/MrLlV02_ZKQ.mp4,dancing macarena,k400,0,32,224x224
1203,eating watermelon/BLb8hqBRZ68.mp4,eating watermelon,k400,0,32,224x224
1204,reading newspaper/BU13YnNXMpk.mp4,reading newspaper,k400,0,32,224x224
1205,washing hands/89SXXUKrgCw.mp4,washing hands,k400,0,32,224x224
1206,playing accordion/nsbU8sLIz8k.mp4,playing accordion,k400,0,32,224x224
1207,walking the dog/48aOrZUJqzQ.mp4,walking the dog,k400,0,32,224x224
1208,filling eyebrows/Uq6rwsqwdmw.mp4,filling eyebrows,k400,0,32,224x224
1209,playing poker/Hihrm52yt-A.mp4,playing poker,k400,0,32,224x224
1210,bowling/Hw-l4dRLBco.mp4,bowling,k400,0,32,224x224
1211,pushing wheelchair/n1bquO5OBJs.mp4,pushing wheelchair,k400,0,32,224x224
1212,belly dancing/UDit398i0vM.mp4,belly dancing,k400,0,32,224x224
1213,dancing ballet/skI9PFDGPSc.mp4,dancing ballet,k400,0,32,224x224
1214,passing American football (not in game)/-01PKgtzCxc.mp4,passing American football (not in game),k400,0,32,224x224
1215,chopping wood/39zZgsn9K_I.mp4,chopping wood,k400,0,32,224x224
1216,playing cymbals/YrHHnJxC8TQ.mp4,playing cymbals,k400,0,32,224x224
1217,playing clarinet/g-loi-nqBZA.mp4,playing clarinet,k400,0,32,224x224
1218,push up/_xpdBhnOcAw.mp4,push up,k400,0,32,224x224
1219,making jewelry/7TvhrERM2TM.mp4,making jewelry,k400,0,32,224x224
1220,hula hooping/xIAVN3NZE_I.mp4,hula hooping,k400,0,32,224x224
1221,hopscotch/LJUeH2YMWN8.mp4,hopscotch,k400,0,32,224x224
1222,catching or throwing frisbee/599Fu-ByRMA.mp4,catching or throwing frisbee,k400,0,32,224x224
1223,doing laundry/Gcz097FJs0I.mp4,doing laundry,k400,0,32,224x224
1224,slapping/y9GR17Y-NG8.mp4,slapping,k400,0,32,224x224
1225,playing poker/hiSpoL6vZmI.mp4,playing poker,k400,0,32,224x224
1226,busking/SZcIcJy_FF4.mp4,busking,k400,0,32,224x224
1227,dancing gangnam style/226PNWYIkTM.mp4,dancing gangnam style,k400,0,32,224x224
1228,contact juggling/9qZfsF_ebzM.mp4,contact juggling,k400,0,32,224x224
1229,baby waking up/mpWF-78r7R0.mp4,baby waking up,k400,0,32,224x224
1230,picking fruit/4MCvmF4ca4I.mp4,picking fruit,k400,0,32,224x224
1231,eating cake/dvpKIxeyWB0.mp4,eating cake,k400,0,32,224x224
1232,auctioning/PC06PpkZD5o.mp4,auctioning,k400,0,32,224x224
1233,bending metal/tlcEAxeSvuw.mp4,bending metal,k400,0,32,224x224
1234,bending back/zupxTCtYyto.mp4,bending back,k400,0,32,224x224
1235,petting cat/HM2XI-Abemc.mp4,petting cat,k400,0,32,224x224
1236,washing hands/pdBrKmiIDPU.mp4,washing hands,k400,0,32,224x224
1237,ice skating/C6u2raYlhZs.mp4,ice skating,k400,0,32,224x224
1238,playing paintball/lN6ZZJgWhVg.mp4,playing paintball,k400,0,32,224x224
1239,bench pressing/4QilZaMYT_s.mp4,bench pressing,k400,0,32,224x224
1240,doing nails/lkdct-DfePI.mp4,doing nails,k400,0,32,224x224
1241,weaving basket/CrxBDvqZRm8.mp4,weaving basket,k400,0,32,224x224
1242,tango dancing/orJnwU0aHQg.mp4,tango dancing,k400,0,32,224x224
1243,rock climbing/AUJLF67SoK4.mp4,rock climbing,k400,0,32,224x224
1244,brushing teeth/jYgKTBt-LUQ.mp4,brushing teeth,k400,0,32,224x224
1245,exercising arm/OeQjKyjSpXc.mp4,exercising arm,k400,0,32,224x224
1246,cheerleading/YXdCI8Emrk0.mp4,cheerleading,k400,0,32,224x224
1247,pull ups/UhE0YSUonM4.mp4,pull ups,k400,0,32,224x224
1248,getting a tattoo/CCoEfztQqmU.mp4,getting a tattoo,k400,0,32,224x224
1249,cleaning floor/DnHuTpxCdO0.mp4,cleaning floor,k400,0,32,224x224
1250,canoeing or kayaking/b4uYIdhuWcg.mp4,canoeing or kayaking,k400,0,32,224x224
1251,waxing eyebrows/_XZJlTRO_nY.mp4,waxing eyebrows,k400,0,32,224x224
1252,tai chi/FDWMr5fZ_Eg.mp4,tai chi,k400,0,32,224x224
1253,playing guitar/nkfBebi9Hpo.mp4,playing guitar,k400,0,32,224x224
1254,snatch weight lifting/PzpIbLwTovU.mp4,snatch weight lifting,k400,0,32,224x224
1255,golf chipping/57L9fZHOX1o.mp4,golf chipping,k400,0,32,224x224
1256,cleaning windows/XlA8s0aF_Y0.mp4,cleaning windows,k400,0,32,224x224
1257,climbing ladder/bCa1CNebvv8.mp4,climbing ladder,k400,0,32,224x224
1258,hammer throw/1EQveI35Ogk.mp4,hammer throw,k400,0,32,224x224
1259,trapezing/FTYy9PWicug.mp4,trapezing,k400,0,32,224x224
1260,tobogganing/wOC3pAKnX7o.mp4,tobogganing,k400,0,32,224x224
1261,bench pressing/ZsD1_bm6lb8.mp4,bench pressing,k400,0,32,224x224
1262,high kick/SxNvrpRPgKY.mp4,high kick,k400,0,32,224x224
1263,somersaulting/LEajTgv3EUk.mp4,somersaulting,k400,0,32,224x224
1264,gymnastics tumbling/XVrOritwDsY.mp4,gymnastics tumbling,k400,0,32,224x224
1265,long jump/qwqXnm36CqM.mp4,long jump,k400,0,32,224x224
1266,hurdling/DyKQbdKj6Ss.mp4,hurdling,k400,0,32,224x224
1267,catching or throwing frisbee/JwRxJMSQ9-M.mp4,catching or throwing frisbee,k400,0,32,224x224
1268,shot put/nHTC03tkqJE.mp4,shot put,k400,0,32,224x224
1269,playing violin/hD3LduS5iTI.mp4,playing violin,k400,0,32,224x224
1270,playing didgeridoo/4x5qRHHKhxA.mp4,playing didgeridoo,k400,0,32,224x224
1271,spray painting/tSzIRI1Cgbc.mp4,spray painting,k400,0,32,224x224
1272,ice skating/VxQWP2rgs8E.mp4,ice skating,k400,0,32,224x224
1273,crawling baby/hLrNk4PNUWY.mp4,crawling baby,k400,0,32,224x224
1274,pole vault/YVo8yqulZWw.mp4,pole vault,k400,0,32,224x224
1275,pumping fist/EmjjJBP1Fnw.mp4,pumping fist,k400,0,32,224x224
1276,presenting weather forecast/Hu3T8ceEsI4.mp4,presenting weather forecast,k400,0,32,224x224
1277,making jewelry/nof8D6KJBZo.mp4,making jewelry,k400,0,32,224x224
1278,shining shoes/yIyX9PAO6_U.mp4,shining shoes,k400,0,32,224x224
1279,skiing (not slalom or crosscountry)/F33GwAYUBec.mp4,skiing (not slalom or crosscountry),k400,0,32,224x224
1280,skateboarding/SA2IhJjG3eU.mp4,skateboarding,k400,0,32,224x224
1281,tapping pen/jv92BvnzauI.mp4,tapping pen,k400,0,32,224x224
1282,cutting pineapple/57chEgIkd8E.mp4,cutting pineapple,k400,0,32,224x224
1283,playing harp/hUgLc9zY9iU.mp4,playing harp,k400,0,32,224x224
1284,yoga/2VGFcJ84qeo.mp4,yoga,k400,0,32,224x224
1285,playing monopoly/ruNHcIul09k.mp4,playing monopoly,k400,0,32,224x224
1286,playing volleyball/hF5niRAnEX0.mp4,playing volleyball,k400,0,32,224x224
1287,swimming butterfly stroke/tswzuu7y7bE.mp4,swimming butterfly stroke,k400,0,32,224x224
1288,playing bagpipes/RH_CWnSfLJw.mp4,playing bagpipes,k400,0,32,224x224
1289,salsa dancing/6CpEacCWFog.mp4,salsa dancing,k400,0,32,224x224
1290,surfing crowd/qqlpAxaeZtg.mp4,surfing crowd,k400,0,32,224x224
1291,whistling/mpV27koB9s4.mp4,whistling,k400,0,32,224x224
1292,hockey stop/zzuDOjpXMFI.mp4,hockey stop,k400,0,32,224x224
1293,bartending/AxzsyUZSjps.mp4,bartending,k400,0,32,224x224
1294,riding camel/eYtlJEhZtdk.mp4,riding camel,k400,0,32,224x224
1295,tapping guitar/K5ZtlHWTUXs.mp4,tapping guitar,k400,0,32,224x224
1296,reading book/SF98KYCYtEs.mp4,reading book,k400,0,32,224x224
1297,cutting pineapple/nYYcKmdaC3I.mp4,cutting pineapple,k400,0,32,224x224
1298,playing organ/brVoJybW3oE.mp4,playing organ,k400,0,32,224x224
1299,waxing chest/pgGsZrxijcE.mp4,waxing chest,k400,0,32,224x224
1300,riding mechanical bull/BM-K9qeUai8.mp4,riding mechanical bull,k400,0,32,224x224
1301,grinding meat/5rvOuIYg3yk.mp4,grinding meat,k400,0,32,224x224
1302,trimming or shaving beard/NvBKnHpeNlQ.mp4,trimming or shaving beard,k400,0,32,224x224
1303,tap dancing/y0ZQ1xEqUu4.mp4,tap dancing,k400,0,32,224x224
1304,ice skating/iJ0yRz5g4qI.mp4,ice skating,k400,0,32,224x224
1305,front raises/xpW-7CB67nA.mp4,front raises,k400,0,32,224x224
1306,doing nails/-CnlgxPku8Y.mp4,doing nails,k400,0,32,224x224
1307,baby waking up/k8AyFUwrJQY.mp4,baby waking up,k400,0,32,224x224
1308,hitting baseball/gN24At8ulU4.mp4,hitting baseball,k400,0,32,224x224
1309,weaving basket/9PJaY202fd8.mp4,weaving basket,k400,0,32,224x224
1310,playing organ/4MUUvCcFvn4.mp4,playing organ,k400,0,32,224x224
1311,driving tractor/dl11g1PxQjk.mp4,driving tractor,k400,0,32,224x224
1312,hurdling/u_dpetXtM8A.mp4,hurdling,k400,0,32,224x224
1313,swimming breast stroke/EZkvOnHKd-c.mp4,swimming breast stroke,k400,0,32,224x224
1314,making jewelry/PUrTBKCKUgc.mp4,making jewelry,k400,0,32,224x224
1315,pushing cart/5Fkl_vq0UUw.mp4,pushing cart,k400,0,32,224x224
1316,pull ups/-SOiww33KU8.mp4,pull ups,k400,0,32,224x224
1317,riding a bike/AgUch3q0MkY.mp4,riding a bike,k400,0,32,224x224
1318,swinging on something/cossp3GKGns.mp4,swinging on something,k400,0,32,224x224
1319,squat/wrYJMUzIt6Y.mp4,squat,k400,0,32,224x224
1320,folding paper/BdtbF5fU49E.mp4,folding paper,k400,0,32,224x224
1321,situp/rLjPycBnTl8.mp4,situp,k400,0,32,224x224
1322,bowling/9UI23X46-w8.mp4,bowling,k400,0,32,224x224
1323,dunking basketball/Ayda_chJ4FU.mp4,dunking basketball,k400,0,32,224x224
1324,chopping wood/US2KX2MUQ3I.mp4,chopping wood,k400,0,32,224x224
1325,drinking beer/v9j2nl0pgs8.mp4,drinking beer,k400,0,32,224x224
1326,bench pressing/-lY0GixYJZo.mp4,bench pressing,k400,0,32,224x224
1327,hockey stop/6mYaRY6vhDQ.mp4,hockey stop,k400,0,32,224x224
1328,changing oil/kpvtKo3B8y0.mp4,changing oil,k400,0,32,224x224
1329,playing basketball/wVyqjAp53-0.mp4,playing basketball,k400,0,32,224x224
1330,changing oil/AEQDkOPK14k.mp4,changing oil,k400,0,32,224x224
1331,surfing crowd/PdZXEetK8BY.mp4,surfing crowd,k400,0,32,224x224
1332,swimming backstroke/GMq0GBGDA7w.mp4,swimming backstroke,k400,0,32,224x224
1333,skiing (not slalom or crosscountry)/aHaUiQrSKWM.mp4,skiing (not slalom or crosscountry),k400,0,32,224x224
1334,swimming backstroke/K_PsQy6qVXM.mp4,swimming backstroke,k400,0,32,224x224
1335,yoga/4Jy34UQZdD8.mp4,yoga,k400,0,32,224x224
1336,making jewelry/669Sx_gcPzI.mp4,making jewelry,k400,0,32,224x224
1337,eating cake/cYUpktZrZOc.mp4,eating cake,k400,0,32,224x224
1338,counting money/ggsZSyy-DiU.mp4,counting money,k400,0,32,224x224
1339,contact juggling/2rROEOaLpcY.mp4,contact juggling,k400,0,32,224x224
1340,dancing macarena/pT4DRXJWDI8.mp4,dancing macarena,k400,0,32,224x224
1341,unboxing/8WZgCIyJCsE.mp4,unboxing,k400,0,32,224x224
1342,golf driving/lJK0d4uXE1Y.mp4,golf driving,k400,0,32,224x224
1343,air drumming/gHoFt2ugKyQ.mp4,air drumming,k400,0,32,224x224
1344,blowing leaves/SYcQINbo12w.mp4,blowing leaves,k400,0,32,224x224
1345,dancing gangnam style/vrdT51e48Ug.mp4,dancing gangnam style,k400,0,32,224x224
1346,throwing discus/LC57-JTp_rI.mp4,throwing discus,k400,0,32,224x224
1347,giving or receiving award/altuFyjJfl4.mp4,giving or receiving award,k400,0,32,224x224
1348,ski jumping/Cfvch9aL0SE.mp4,ski jumping,k400,0,32,224x224
1349,pole vault/2wJOvnkDIHE.mp4,pole vault,k400,0,32,224x224
1350,getting a haircut/xEK89_oSy3s.mp4,getting a haircut,k400,0,32,224x224
1351,skiing (not slalom or crosscountry)/s4oAs-MlJJo.mp4,skiing (not slalom or crosscountry),k400,0,32,224x224
1352,answering questions/_VaBR4wdZI0.mp4,answering questions,k400,0,32,224x224
1353,petting animal (not cat)/qur-3t7dtsc.mp4,petting animal (not cat),k400,0,32,224x224
1354,playing harp/stmTrimqs58.mp4,playing harp,k400,0,32,224x224
1355,hurling (sport)/FXrcChDfq2g.mp4,hurling (sport),k400,0,32,224x224
1356,ice climbing/it6eq3yaElg.mp4,ice climbing,k400,0,32,224x224
1357,riding unicycle/t56utoS7rys.mp4,riding unicycle,k400,0,32,224x224
1358,windsurfing/FXQ_pt6Ccg4.mp4,windsurfing,k400,0,32,224x224
1359,playing monopoly/BbGDEYH1_50.mp4,playing monopoly,k400,0,32,224x224
1360,sharpening knives/1kL5FbYQ4CA.mp4,sharpening knives,k400,0,32,224x224
1361,jumpstyle dancing/5YJJ125_icQ.mp4,jumpstyle dancing,k400,0,32,224x224
1362,folding clothes/5hD03KB2H6w.mp4,folding clothes,k400,0,32,224x224
1363,playing drums/spkGHGM88zI.mp4,playing drums,k400,0,32,224x224
1364,salsa dancing/a_1n5WAw82k.mp4,salsa dancing,k400,0,32,224x224
1365,arm wrestling/BxyXyGm-dU0.mp4,arm wrestling,k400,0,32,224x224
1366,cheerleading/xIYP_Op6ZQE.mp4,cheerleading,k400,0,32,224x224
1367,swimming butterfly stroke/Nu-MQRT1WFQ.mp4,swimming butterfly stroke,k400,0,32,224x224
1368,playing violin/8V2DchuKW2g.mp4,playing violin,k400,0,32,224x224
1369,playing kickball/M28JPQ3RICw.mp4,playing kickball,k400,0,32,224x224
1370,feeding birds/I6FrRawlptY.mp4,feeding birds,k400,0,32,224x224
1371,cheerleading/0R4WAULfeQc.mp4,cheerleading,k400,0,32,224x224
1372,riding elephant/QazXYaBRlT8.mp4,riding elephant,k400,0,32,224x224
1373,massaging back/ITX7Xts8Cik.mp4,massaging back,k400,0,32,224x224
1374,washing dishes/BR1mASL3lTU.mp4,washing dishes,k400,0,32,224x224
1375,push up/tknkelksGVQ.mp4,push up,k400,0,32,224x224
1376,throwing discus/iJ66UkFsZMM.mp4,throwing discus,k400,0,32,224x224
1377,opening present/w0NUstCMsmY.mp4,opening present,k400,0,32,224x224
1378,cutting pineapple/xA2E0uzL4ho.mp4,cutting pineapple,k400,0,32,224x224
1379,answering questions/AqVyP5BkEsA.mp4,answering questions,k400,0,32,224x224
1380,somersaulting/ZXHmMgO9CUM.mp4,somersaulting,k400,0,32,224x224
1381,shot put/8OkRVI4Tpw0.mp4,shot put,k400,0,32,224x224
1382,egg hunting/VlYXqsBjIZY.mp4,egg hunting,k400,0,32,224x224
1383,playing ukulele/xgpnN9BN94Q.mp4,playing ukulele,k400,0,32,224x224
1384,pushing car/QnITAKcOJhA.mp4,pushing car,k400,0,32,224x224
1385,playing bass guitar/yUCY33N7PAs.mp4,playing bass guitar,k400,0,32,224x224
1386,planting trees/vjCRQtDcxiM.mp4,planting trees,k400,0,32,224x224
1387,hugging/F2eVArNgJf0.mp4,hugging,k400,0,32,224x224
1388,canoeing or kayaking/0du9K4s6RsY.mp4,canoeing or kayaking,k400,0,32,224x224
1389,riding or walking with horse/FtQENkbXhII.mp4,riding or walking with horse,k400,0,32,224x224
1390,playing paintball/u09FYQno5QI.mp4,playing paintball,k400,0,32,224x224
1391,golf putting/HDucIjc_tEg.mp4,golf putting,k400,0,32,224x224
1392,texting/1m0gNjUwrB8.mp4,texting,k400,0,32,224x224
1393,cheerleading/xKeoqq46E9I.mp4,cheerleading,k400,0,32,224x224
1394,smoking hookah/gVN0MM62vcc.mp4,smoking hookah,k400,0,32,224x224
1395,playing paintball/7IM6p6sRIRQ.mp4,playing paintball,k400,0,32,224x224
1396,playing guitar/h4hXgEWq35M.mp4,playing guitar,k400,0,32,224x224
1397,riding elephant/z0Gi9FmMRKc.mp4,riding elephant,k400,0,32,224x224
1398,playing harmonica/sE3HrH8swr0.mp4,playing harmonica,k400,0,32,224x224
1399,clay pottery making/V9MuDylSzWE.mp4,clay pottery making,k400,0,32,224x224
1400,arm wrestling/i9-V5vD2wQ8.mp4,arm wrestling,k400,0,32,224x224
1401,surfing crowd/Tg5nIk6pcuY.mp4,surfing crowd,k400,0,32,224x224
1402,carrying baby/_ztr_sNy4mI.mp4,carrying baby,k400,0,32,224x224
1403,drinking beer/pyHR36S2_sA.mp4,drinking beer,k400,0,32,224x224
1404,brushing hair/hA2avi8BFVk.mp4,brushing hair,k400,0,32,224x224
1405,shaking hands/u7nB1gYytEM.mp4,shaking hands,k400,0,32,224x224
1406,punching bag/kNO2Y2K7tt0.mp4,punching bag,k400,0,32,224x224
1407,running on treadmill/qo-KjbNRj7o.mp4,running on treadmill,k400,0,32,224x224
1408,side kick/miGH3yqdD7E.mp4,side kick,k400,0,32,224x224
1409,pumping gas/54LV_Bx_O2Y.mp4,pumping gas,k400,0,32,224x224
1410,punching bag/t6K-rScRa54.mp4,punching bag,k400,0,32,224x224
1411,walking the dog/Ro5zHk8flRo.mp4,walking the dog,k400,0,32,224x224
1412,tapping guitar/2bxSRBpPksE.mp4,tapping guitar,k400,0,32,224x224
1413,washing dishes/TowfhXf4VfI.mp4,washing dishes,k400,0,32,224x224
1414,riding a bike/lwoKZ3-kriI.mp4,riding a bike,k400,0,32,224x224
1415,shearing sheep/HnskSQwzcqg.mp4,shearing sheep,k400,0,32,224x224
1416,blasting sand/X3DoHPwOoOw.mp4,blasting sand,k400,0,32,224x224
1417,playing badminton/eHFcRz0qoRk.mp4,playing badminton,k400,0,32,224x224
1418,watering plants/trUpAUkoJ84.mp4,watering plants,k400,0,32,224x224
1419,pushing car/ph1EFLjf9sk.mp4,pushing car,k400,0,32,224x224
1420,filling eyebrows/W_k2Q0d5jGM.mp4,filling eyebrows,k400,0,32,224x224
1421,snowkiting/PYgN53PKo8c.mp4,snowkiting,k400,0,32,224x224
1422,snorkeling/F5dRNiDPfXQ.mp4,snorkeling,k400,0,32,224x224
1423,playing chess/lCfdOhBMFhE.mp4,playing chess,k400,0,32,224x224
1424,making tea/9YP0yCqD9fU.mp4,making tea,k400,0,32,224x224
1425,triple jump/gxH7T43rCNM.mp4,triple jump,k400,0,32,224x224
1426,swing dancing/vxgvUXAvq-M.mp4,swing dancing,k400,0,32,224x224
1427,playing cymbals/NfXybLVcQfk.mp4,playing cymbals,k400,0,32,224x224
1428,robot dancing/5PTzWpA34Sw.mp4,robot dancing,k400,0,32,224x224
1429,air drumming/Iy7Fqb_IE10.mp4,air drumming,k400,0,32,224x224
1430,pumping fist/dahfypGlVvE.mp4,pumping fist,k400,0,32,224x224
1431,juggling fire/VvIHAeRpfOk.mp4,juggling fire,k400,0,32,224x224
1432,milking cow/PNc1mXSM14k.mp4,milking cow,k400,0,32,224x224
1433,bending back/xdVljCOb3Wk.mp4,bending back,k400,0,32,224x224
1434,crying/gzWjsH3KkmE.mp4,crying,k400,0,32,224x224
1435,breading or breadcrumbing/v1BwBEImd3A.mp4,breading or breadcrumbing,k400,0,32,224x224
1436,shaking head/jRSa8yx1CUE.mp4,shaking head,k400,0,32,224x224
1437,doing laundry/vJkO-pQ3njo.mp4,doing laundry,k400,0,32,224x224
1438,yoga/LQ6TFIVisiY.mp4,yoga,k400,0,32,224x224
1439,pushing cart/ejm9gc45tIM.mp4,pushing cart,k400,0,32,224x224
1440,abseiling/VdIjpDI6b0I.mp4,abseiling,k400,0,32,224x224
1441,changing wheel/1NlFT4HqIJ0.mp4,changing wheel,k400,0,32,224x224
1442,cleaning floor/NEMuTPuQBXM.mp4,cleaning floor,k400,0,32,224x224
1443,pushing cart/a2UHAVs2qtg.mp4,pushing cart,k400,0,32,224x224
1444,climbing tree/QlMKcuxijOM.mp4,climbing tree,k400,0,32,224x224
1445,eating burger/yNlGzgm9SY8.mp4,eating burger,k400,0,32,224x224
1446,sticking tongue out/ruVIgJ_mZRE.mp4,sticking tongue out,k400,0,32,224x224
1447,trimming trees/LPxqD0c1yfg.mp4,trimming trees,k400,0,32,224x224
1448,playing bagpipes/jDWKTGDXThw.mp4,playing bagpipes,k400,0,32,224x224
1449,dancing macarena/g444LzmYoyI.mp4,dancing macarena,k400,0,32,224x224
1450,driving car/gsGaqGpfYtQ.mp4,driving car,k400,0,32,224x224
1451,squat/dMAbO5VovGs.mp4,squat,k400,0,32,224x224
1452,dunking basketball/0CpipYjWeEA.mp4,dunking basketball,k400,0,32,224x224
1453,mowing lawn/8oxRIQUloLw.mp4,mowing lawn,k400,0,32,224x224
1454,salsa dancing/BsAak4-sRqc.mp4,salsa dancing,k400,0,32,224x224
1455,ironing/xofUDVpT9K0.mp4,ironing,k400,0,32,224x224
1456,training dog/jPrywzYKe7s.mp4,training dog,k400,0,32,224x224
1457,playing saxophone/bNvAqFcKzqU.mp4,playing saxophone,k400,0,32,224x224
1458,ski jumping/rah3-w2AZlA.mp4,ski jumping,k400,0,32,224x224
1459,sharpening knives/tYd-kbwA6Ic.mp4,sharpening knives,k400,0,32,224x224
1460,playing bass guitar/aStH4Z6V4mw.mp4,playing bass guitar,k400,0,32,224x224
1461,shearing sheep/JicoRUk1m00.mp4,shearing sheep,k400,0,32,224x224
1462,bobsledding/ryDGSnjwF6g.mp4,bobsledding,k400,0,32,224x224
1463,playing cymbals/FqkfvddkYDY.mp4,playing cymbals,k400,0,32,224x224
1464,making sushi/ljTmLCuK3lo.mp4,making sushi,k400,0,32,224x224
1465,barbequing/Sg0gtBxw37U.mp4,barbequing,k400,0,32,224x224
1466,giving or receiving award/apO64ogqiY0.mp4,giving or receiving award,k400,0,32,224x224
1467,writing/lQN1HOLiV80.mp4,writing,k400,0,32,224x224
1468,hula hooping/GBPVb4LdnwA.mp4,hula hooping,k400,0,32,224x224
1469,playing saxophone/D9G1P15x3bQ.mp4,playing saxophone,k400,0,32,224x224
1470,marching/U0Kr22-nUw8.mp4,marching,k400,0,32,224x224
1471,robot dancing/WXAloHqJHkY.mp4,robot dancing,k400,0,32,224x224
1472,playing trombone/Ft25CZzwYqI.mp4,playing trombone,k400,0,32,224x224
1473,eating watermelon/1IzCEYUdXY0.mp4,eating watermelon,k400,0,32,224x224
1474,cooking chicken/MWQt0JY88ms.mp4,cooking chicken,k400,0,32,224x224
1475,hammer throw/-ZrTWoa4Duk.mp4,hammer throw,k400,0,32,224x224
1476,abseiling/fypKVBoTKF0.mp4,abseiling,k400,0,32,224x224
1477,pushing cart/7S2TDjLNWj8.mp4,pushing cart,k400,0,32,224x224
1478,playing trombone/ctTKlWPAJ1U.mp4,playing trombone,k400,0,32,224x224
1479,hula hooping/5Q3IopOiAFo.mp4,hula hooping,k400,0,32,224x224
1480,chopping wood/OWFt5RQfzPk.mp4,chopping wood,k400,0,32,224x224
1481,kissing/Uap_jOLt46k.mp4,kissing,k400,0,32,224x224
1482,shot put/Pi74J3KbYlc.mp4,shot put,k400,0,32,224x224
1483,stomping grapes/dUwghYqwbS4.mp4,stomping grapes,k400,0,32,224x224
1484,egg hunting/IX8B968W_HE.mp4,egg hunting,k400,0,32,224x224
1485,writing/wudGVAqvor0.mp4,writing,k400,0,32,224x224
1486,air drumming/tIXejmTfwRc.mp4,air drumming,k400,0,32,224x224
1487,weaving basket/zfMjdduIrSQ.mp4,weaving basket,k400,0,32,224x224
1488,playing ice hockey/yBbRR-b-Lps.mp4,playing ice hockey,k400,0,32,224x224
1489,spinning poi/rCztI5vaKAo.mp4,spinning poi,k400,0,32,224x224
1490,swimming butterfly stroke/0TIWL2idSrQ.mp4,swimming butterfly stroke,k400,0,32,224x224
1491,paragliding/8YudM5y5L0c.mp4,paragliding,k400,0,32,224x224
1492,doing aerobics/PgTiMN2lWF8.mp4,doing aerobics,k400,0,32,224x224
1493,tying bow tie/dKWeFYZmEJU.mp4,tying bow tie,k400,0,32,224x224
1494,opening bottle/sG4BmLx8DUQ.mp4,opening bottle,k400,0,32,224x224
1495,massaging person's head/hvq98Zd257c.mp4,massaging person's head,k400,0,32,224x224
1496,paragliding/PGyXRAjof3o.mp4,paragliding,k400,0,32,224x224
1497,high kick/NnUMQFH45Xk.mp4,high kick,k400,0,32,224x224
1498,paragliding/3Wl1dEg_l8U.mp4,paragliding,k400,0,32,224x224
1499,dancing macarena/yWliDHn0GyQ.mp4,dancing macarena,k400,0,32,224x224
1500,building cabinet/CywkZ1rq5-Q.mp4,building cabinet,k400,0,32,224x224
1501,faceplanting/kr6lI8re1QQ.mp4,faceplanting,k400,0,32,224x224
1502,water skiing/-FXQRVfBN8k.mp4,water skiing,k400,0,32,224x224
1503,laughing/-mmu5VJRY1Y.mp4,laughing,k400,0,32,224x224
1504,getting a haircut/JpvKxA2ttxg.mp4,getting a haircut,k400,0,32,224x224
1505,roller skating/556F6iK3OcU.mp4,roller skating,k400,0,32,224x224
1506,auctioning/PoKc1k4HVds.mp4,auctioning,k400,0,32,224x224
1507,water skiing/-Fp5reKg40w.mp4,water skiing,k400,0,32,224x224
1508,stretching leg/ehNSp4nN_yE.mp4,stretching leg,k400,0,32,224x224
1509,passing American football (not in game)/2b_eDyR0lTU.mp4,passing American football (not in game),k400,0,32,224x224
1510,triple jump/NsTabb8-BIY.mp4,triple jump,k400,0,32,224x224
1511,playing badminton/37n_QOz8-nc.mp4,playing badminton,k400,0,32,224x224
1512,high jump/NAVriLlCisI.mp4,high jump,k400,0,32,224x224
1513,tango dancing/g0z3iBBi52A.mp4,tango dancing,k400,0,32,224x224
1514,situp/eNI-way5d6w.mp4,situp,k400,0,32,224x224
1515,punching bag/Qth_VHpGRb4.mp4,punching bag,k400,0,32,224x224
1516,breading or breadcrumbing/AD1DBe0tryA.mp4,breading or breadcrumbing,k400,0,32,224x224
1517,capoeira/ym2eg-lUx8s.mp4,capoeira,k400,0,32,224x224
1518,parasailing/IP8-MlIiJNM.mp4,parasailing,k400,0,32,224x224
1519,pumping gas/Q6iIIRwOEAY.mp4,pumping gas,k400,0,32,224x224
1520,abseiling/uP09GoMAYjU.mp4,abseiling,k400,0,32,224x224
1521,washing dishes/RxHq47kpdqE.mp4,washing dishes,k400,0,32,224x224
1522,doing laundry/jI3plNt24ow.mp4,doing laundry,k400,0,32,224x224
1523,cheerleading/9BFIYhBGszc.mp4,cheerleading,k400,0,32,224x224
1524,lunge/eexM1A7sxJU.mp4,lunge,k400,0,32,224x224
1525,bowling/dReSBl1ROAc.mp4,bowling,k400,0,32,224x224
1526,ski jumping/1QuLrJfDwCI.mp4,ski jumping,k400,0,32,224x224
1527,playing ukulele/sQP4rxwR7sg.mp4,playing ukulele,k400,0,32,224x224
1528,juggling fire/SUwPjcFlQJA.mp4,juggling fire,k400,0,32,224x224
1529,sharpening pencil/ZEBeEtFYU_o.mp4,sharpening pencil,k400,0,32,224x224
1530,sharpening pencil/PtZ1Dk-qK2U.mp4,sharpening pencil,k400,0,32,224x224
1531,punching bag/NbMY1cH_mmY.mp4,punching bag,k400,0,32,224x224
1532,throwing ball/izoeZ3fZT8Q.mp4,throwing ball,k400,0,32,224x224
1533,water skiing/0zAOkCw5KOY.mp4,water skiing,k400,0,32,224x224
1534,sneezing/UhekLwFtU5M.mp4,sneezing,k400,0,32,224x224
1535,eating ice cream/3AxpqMwJMkE.mp4,eating ice cream,k400,0,32,224x224
1536,snorkeling/1Mu9Nqu1Iew.mp4,snorkeling,k400,0,32,224x224
1537,windsurfing/FVPYKcPqJsM.mp4,windsurfing,k400,0,32,224x224
1538,curling hair/OF5ByDnei8U.mp4,curling hair,k400,0,32,224x224
1539,sailing/4vVynsOIOPk.mp4,sailing,k400,0,32,224x224
1540,opening bottle/0WgrxBcjLhQ.mp4,opening bottle,k400,0,32,224x224
1541,brushing teeth/fVvWtghCT3c.mp4,brushing teeth,k400,0,32,224x224
1542,playing cello/Fs1-X7y5ioM.mp4,playing cello,k400,0,32,224x224
1543,trapezing/idN0a40RezM.mp4,trapezing,k400,0,32,224x224
1544,stretching arm/05ajfyAyDUU.mp4,stretching arm,k400,0,32,224x224
1545,eating hotdog/PiPAjaWcMVQ.mp4,eating hotdog,k400,0,32,224x224
1546,javelin throw/-K7Jnr3_Ef8.mp4,javelin throw,k400,0,32,224x224
1547,auctioning/RreG3uhjLy8.mp4,auctioning,k400,0,32,224x224
1548,blowing glass/083H_yQsGHY.mp4,blowing glass,k400,0,32,224x224
1549,pushing cart/MMnFvc7OpzQ.mp4,pushing cart,k400,0,32,224x224
1550,hopscotch/BYEfLD-UkOM.mp4,hopscotch,k400,0,32,224x224
1551,eating spaghetti/ftyKcZJSPnQ.mp4,eating spaghetti,k400,0,32,224x224
1552,eating carrots/P-XlYABArBA.mp4,eating carrots,k400,0,32,224x224
1553,playing flute/Ra6vcnuicKg.mp4,playing flute,k400,0,32,224x224
1554,chopping wood/3B2d08zpwck.mp4,chopping wood,k400,0,32,224x224
1555,dodgeball/O-qn7sosLn4.mp4,dodgeball,k400,0,32,224x224
1556,exercising with an exercise ball/MOo8XL3S9lE.mp4,exercising with an exercise ball,k400,0,32,224x224
1557,tobogganing/QTW7_FIgNY0.mp4,tobogganing,k400,0,32,224x224
1558,scuba diving/HBTQPC2-CMY.mp4,scuba diving,k400,0,32,224x224
1559,riding or walking with horse/_mf-MLvAKWU.mp4,riding or walking with horse,k400,0,32,224x224
1560,high jump/PRE_SqYthA4.mp4,high jump,k400,0,32,224x224
1561,decorating the christmas tree/02pqqNf2pVk.mp4,decorating the christmas tree,k400,0,32,224x224
1562,pumping fist/Q58EzUifmpM.mp4,pumping fist,k400,0,32,224x224
1563,climbing a rope/DVDxZqdixmw.mp4,climbing a rope,k400,0,32,224x224
1564,brushing teeth/MyTzy9rTQWQ.mp4,brushing teeth,k400,0,32,224x224
1565,eating chips/rCTrWMv5Gn8.mp4,eating chips,k400,0,32,224x224
1566,playing clarinet/kZYTa6s1t90.mp4,playing clarinet,k400,0,32,224x224
1567,presenting weather forecast/eeEZMGXjMLs.mp4,presenting weather forecast,k400,0,32,224x224
1568,cleaning floor/4opXay8FjlY.mp4,cleaning floor,k400,0,32,224x224
1569,high kick/fTvdEd_d7Sw.mp4,high kick,k400,0,32,224x224
1570,folding paper/AIOLZAlR0Fs.mp4,folding paper,k400,0,32,224x224
1571,cooking chicken/O0EyuRDXPXk.mp4,cooking chicken,k400,0,32,224x224
1572,tasting food/nMV3aTs4m5k.mp4,tasting food,k400,0,32,224x224
1573,hammer throw/0oZXiN-rpz8.mp4,hammer throw,k400,0,32,224x224
1574,smoking hookah/JLGyezC9_4g.mp4,smoking hookah,k400,0,32,224x224
1575,weaving basket/5uMwMS17Zrg.mp4,weaving basket,k400,0,32,224x224
1576,krumping/esq0Vd9N648.mp4,krumping,k400,0,32,224x224
1577,doing nails/ziQfE1eRQ0M.mp4,doing nails,k400,0,32,224x224
1578,skiing (not slalom or crosscountry)/nu6cAkwFqL0.mp4,skiing (not slalom or crosscountry),k400,0,32,224x224
1579,folding napkins/UYHDNcjqYmY.mp4,folding napkins,k400,0,32,224x224
1580,riding unicycle/U3R4LmTtGss.mp4,riding unicycle,k400,0,32,224x224
1581,playing paintball/NIW5HNAbdgU.mp4,playing paintball,k400,0,32,224x224
1582,picking fruit/9JR70i1bpiM.mp4,picking fruit,k400,0,32,224x224
1583,spray painting/zpVX0TV5-I8.mp4,spray painting,k400,0,32,224x224
1584,pull ups/K8GypadlLgg.mp4,pull ups,k400,0,32,224x224
1585,eating watermelon/4QYRUXBhMR0.mp4,eating watermelon,k400,0,32,224x224
1586,knitting/dzFoVYEHGV8.mp4,knitting,k400,0,32,224x224
1587,playing basketball/DkPXtEoQ2qI.mp4,playing basketball,k400,0,32,224x224
1588,singing/ddwEoq3KphI.mp4,singing,k400,0,32,224x224
1589,busking/PyHuoTKZHxo.mp4,busking,k400,0,32,224x224
1590,playing volleyball/Ztaye3cniCM.mp4,playing volleyball,k400,0,32,224x224
1591,filling eyebrows/X1efrHThp2w.mp4,filling eyebrows,k400,0,32,224x224
1592,giving or receiving award/sYFY1t0D51k.mp4,giving or receiving award,k400,0,32,224x224
1593,filling eyebrows/J9oWWJn9-q8.mp4,filling eyebrows,k400,0,32,224x224
1594,sailing/9CuwtGlxNis.mp4,sailing,k400,0,32,224x224
1595,playing tennis/xleS5ouTxn0.mp4,playing tennis,k400,0,32,224x224
1596,playing bass guitar/qsbIaTjamAY.mp4,playing bass guitar,k400,0,32,224x224
1597,eating hotdog/L8KvlRgD944.mp4,eating hotdog,k400,0,32,224x224
1598,garbage collecting/-nMAU3paNiY.mp4,garbage collecting,k400,0,32,224x224
1599,snowboarding/BfHEvzBqhTM.mp4,snowboarding,k400,0,32,224x224
1600,exercising with an exercise ball/Q1Oi64Q9YjU.mp4,exercising with an exercise ball,k400,0,32,224x224
1601,snowboarding/1hQi5hnjmQk.mp4,snowboarding,k400,0,32,224x224
1602,somersaulting/_VBqfMlmt0E.mp4,somersaulting,k400,0,32,224x224
1603,passing American football (not in game)/qF3VV-vscPA.mp4,passing American football (not in game),k400,0,32,224x224
1604,sharpening knives/iCtx8VYxUK4.mp4,sharpening knives,k400,0,32,224x224
1605,massaging back/0JNCCyyaORI.mp4,massaging back,k400,0,32,224x224
1606,unloading truck/JgZQ5kj3F7o.mp4,unloading truck,k400,0,32,224x224
1607,clean and jerk/J4rrsTFujZE.mp4,clean and jerk,k400,0,32,224x224
1608,picking fruit/RZ_DCACepxo.mp4,picking fruit,k400,0,32,224x224
1609,riding unicycle/a4kIRg8YvWw.mp4,riding unicycle,k400,0,32,224x224
1610,washing hair/LYRK4yk_gYA.mp4,washing hair,k400,0,32,224x224
1611,ironing/zDNKJ0dDIiE.mp4,ironing,k400,0,32,224x224
1612,blowing out candles/Srfu5ueDirU.mp4,blowing out candles,k400,0,32,224x224
1613,jumpstyle dancing/MgMEZuCTsMo.mp4,jumpstyle dancing,k400,0,32,224x224
1614,eating chips/k1UsQHJbNnY.mp4,eating chips,k400,0,32,224x224
1615,skiing (not slalom or crosscountry)/-anAg1F_95A.mp4,skiing (not slalom or crosscountry),k400,0,32,224x224
1616,water skiing/Vbp4HrQS9UQ.mp4,water skiing,k400,0,32,224x224
1617,peeling apples/etjAQjNy8R0.mp4,peeling apples,k400,0,32,224x224
1618,making bed/Zbkscjfis-Q.mp4,making bed,k400,0,32,224x224
1619,brushing hair/zcCKLvJRlsk.mp4,brushing hair,k400,0,32,224x224
1620,tying tie/8R0zwW3gLfA.mp4,tying tie,k400,0,32,224x224
1621,gymnastics tumbling/bw6FmR-yLN0.mp4,gymnastics tumbling,k400,0,32,224x224
1622,playing basketball/SGrcs_I2PSI.mp4,playing basketball,k400,0,32,224x224
1623,playing violin/hF4iZzwjn90.mp4,playing violin,k400,0,32,224x224
1624,robot dancing/nrRxOSBM4VU.mp4,robot dancing,k400,0,32,224x224
1625,ice skating/hLqz8G6rljY.mp4,ice skating,k400,0,32,224x224
1626,curling hair/6WwMWKzAQzc.mp4,curling hair,k400,0,32,224x224
1627,making snowman/qLeu_k7oWPw.mp4,making snowman,k400,0,32,224x224
1628,holding snake/OLwbY9NL49Q.mp4,holding snake,k400,0,32,224x224
1629,country line dancing/HVQnIvfB8lk.mp4,country line dancing,k400,0,32,224x224
1630,recording music/_kfNY0BHNUQ.mp4,recording music,k400,0,32,224x224
1631,tap dancing/3E08PoeXkF4.mp4,tap dancing,k400,0,32,224x224
1632,swinging legs/ZFpcwnQkWxc.mp4,swinging legs,k400,0,32,224x224
1633,rock climbing/SEiqnu9EQZM.mp4,rock climbing,k400,0,32,224x224
1634,hoverboarding/_5OsIl-GMeI.mp4,hoverboarding,k400,0,32,224x224
1635,blowing out candles/6QW8x0DCiK4.mp4,blowing out candles,k400,0,32,224x224
1636,massaging feet/qUHTdAeCdMY.mp4,massaging feet,k400,0,32,224x224
1637,smoking/FfIE9Y0vwUk.mp4,smoking,k400,0,32,224x224
1638,folding paper/xHQupgccgAg.mp4,folding paper,k400,0,32,224x224
1639,using segway/UtvQ3ml6yCw.mp4,using segway,k400,0,32,224x224
1640,playing recorder/V0AAkxSnSEI.mp4,playing recorder,k400,0,32,224x224
1641,salsa dancing/FR7kDBFiFK4.mp4,salsa dancing,k400,0,32,224x224
1642,riding scooter/OGhIMKBA3Nw.mp4,riding scooter,k400,0,32,224x224
1643,cutting watermelon/_YOCRMvMTeA.mp4,cutting watermelon,k400,0,32,224x224
1644,hitting baseball/QPVpCozkVV0.mp4,hitting baseball,k400,0,32,224x224
1645,tying tie/FmFFc38qtOY.mp4,tying tie,k400,0,32,224x224
1646,playing harmonica/FmIxPnhH87c.mp4,playing harmonica,k400,0,32,224x224
1647,cartwheeling/fF9mwnivXp8.mp4,cartwheeling,k400,0,32,224x224
1648,bungee jumping/emsSB4ThnTE.mp4,bungee jumping,k400,0,32,224x224
1649,pushing cart/JkVoe81soVc.mp4,pushing cart,k400,0,32,224x224
1650,cooking chicken/SILIbT1J_QM.mp4,cooking chicken,k400,0,32,224x224
1651,grooming dog/H2QupuOvdJ0.mp4,grooming dog,k400,0,32,224x224
1652,counting money/vBg1qADL-Tk.mp4,counting money,k400,0,32,224x224
1653,tango dancing/BHsd66XbVqc.mp4,tango dancing,k400,0,32,224x224
1654,throwing axe/Llhfxvq-E-M.mp4,throwing axe,k400,0,32,224x224
1655,making sushi/iwQ1q2tXqw4.mp4,making sushi,k400,0,32,224x224
1656,playing kickball/F9mk2Dn2tFw.mp4,playing kickball,k400,0,32,224x224
1657,arranging flowers/XJC6sSAtE1I.mp4,arranging flowers,k400,0,32,224x224
1658,driving car/ulzObtOcar8.mp4,driving car,k400,0,32,224x224
1659,playing squash or racquetball/n4gCf6aJjTQ.mp4,playing squash or racquetball,k400,0,32,224x224
1660,skateboarding/8qYmgtcZtOo.mp4,skateboarding,k400,0,32,224x224
1661,punching bag/sglZQL7g8eA.mp4,punching bag,k400,0,32,224x224
1662,playing clarinet/wxO5Vlex-oY.mp4,playing clarinet,k400,0,32,224x224
1663,assembling computer/M-KU12zkxvc.mp4,assembling computer,k400,0,32,224x224
1664,playing saxophone/yp75cxgxC1g.mp4,playing saxophone,k400,0,32,224x224
1665,milking cow/F0kbhZ8HhJo.mp4,milking cow,k400,0,32,224x224
1666,snatch weight lifting/YwIfbDwssjI.mp4,snatch weight lifting,k400,0,32,224x224
1667,playing cricket/g0JYNLaPZ_c.mp4,playing cricket,k400,0,32,224x224
1668,throwing discus/HKWpfwPB8Ss.mp4,throwing discus,k400,0,32,224x224
1669,playing trombone/OzvkMjC747M.mp4,playing trombone,k400,0,32,224x224
1670,jumpstyle dancing/HfNf8w78kB8.mp4,jumpstyle dancing,k400,0,32,224x224
1671,blowing leaves/ccfZjiH3t08.mp4,blowing leaves,k400,0,32,224x224
1672,moving furniture/W4EHHzVotV0.mp4,moving furniture,k400,0,32,224x224
1673,robot dancing/qD4-Kx3EdgA.mp4,robot dancing,k400,0,32,224x224
1674,playing squash or racquetball/9JwwfiHYFEY.mp4,playing squash or racquetball,k400,0,32,224x224
1675,driving tractor/4t6bcxvUKXM.mp4,driving tractor,k400,0,32,224x224
1676,sled dog racing/Gsudk3AmphQ.mp4,sled dog racing,k400,0,32,224x224
1677,headbutting/QpT_yK8Cd9Y.mp4,headbutting,k400,0,32,224x224
1678,feeding goats/3k2o_WJhkXY.mp4,feeding goats,k400,0,32,224x224
1679,smoking/AkGYuxaQdvo.mp4,smoking,k400,0,32,224x224
1680,pole vault/DjQgmyoARvM.mp4,pole vault,k400,0,32,224x224
1681,playing tennis/mNRzms_8kMU.mp4,playing tennis,k400,0,32,224x224
1682,making bed/8LK8Naou3Mo.mp4,making bed,k400,0,32,224x224
1683,washing hair/13XQr5MSz94.mp4,washing hair,k400,0,32,224x224
1684,jetskiing/XRJ-fQ_kI3c.mp4,jetskiing,k400,0,32,224x224
1685,flipping pancake/KLQo8On8fXY.mp4,flipping pancake,k400,0,32,224x224
1686,grinding meat/bcFLJHFzbHw.mp4,grinding meat,k400,0,32,224x224
1687,archery/qB6k8thuOPE.mp4,archery,k400,0,32,224x224
1688,waxing legs/GEv0ilMOuek.mp4,waxing legs,k400,0,32,224x224
1689,pushing wheelchair/SYPQ5UbrK1I.mp4,pushing wheelchair,k400,0,32,224x224
1690,scrambling eggs/9QQ-yHTV7BU.mp4,scrambling eggs,k400,0,32,224x224
1691,clean and jerk/G60qDmyLAqI.mp4,clean and jerk,k400,0,32,224x224
1692,playing harp/FwTXfopti-k.mp4,playing harp,k400,0,32,224x224
1693,riding mule/5moMFSKONJw.mp4,riding mule,k400,0,32,224x224
1694,passing American football (not in game)/9Q08VxTQAoQ.mp4,passing American football (not in game),k400,0,32,224x224
1695,bending metal/hE08AYoDldE.mp4,bending metal,k400,0,32,224x224
1696,feeding birds/Ki_PyuyFH7s.mp4,feeding birds,k400,0,32,224x224
1697,kicking soccer ball/ofCaFnyhGtk.mp4,kicking soccer ball,k400,0,32,224x224
1698,tapping pen/eSzMw-cQg7I.mp4,tapping pen,k400,0,32,224x224
1699,gymnastics tumbling/avFn6N8Sn04.mp4,gymnastics tumbling,k400,0,32,224x224
1700,juggling balls/chPkGSwtusM.mp4,juggling balls,k400,0,32,224x224
1701,counting money/bFsm3FOeyh8.mp4,counting money,k400,0,32,224x224
1702,tobogganing/SJrpCpHp5as.mp4,tobogganing,k400,0,32,224x224
1703,yoga/RSMcZGW93GA.mp4,yoga,k400,0,32,224x224
1704,hitting baseball/EOKsvp75OKo.mp4,hitting baseball,k400,0,32,224x224
1705,tapping guitar/ZPFG33lMBKo.mp4,tapping guitar,k400,0,32,224x224
1706,capoeira/mnUvSPWNXn4.mp4,capoeira,k400,0,32,224x224
1707,feeding goats/sIID3aUZkpk.mp4,feeding goats,k400,0,32,224x224
1708,side kick/bUkRfem65HE.mp4,side kick,k400,0,32,224x224
1709,playing organ/X9oeHgBBsrw.mp4,playing organ,k400,0,32,224x224
1710,diving cliff/xg9-SywUMD8.mp4,diving cliff,k400,0,32,224x224
1711,shaking head/5_tnJ9Djgvo.mp4,shaking head,k400,0,32,224x224
1712,digging/2zSBmewIxV0.mp4,digging,k400,0,32,224x224
1713,playing basketball/cR7y-xXzd5Q.mp4,playing basketball,k400,0,32,224x224
1714,riding elephant/veRI0YZz6_U.mp4,riding elephant,k400,0,32,224x224
1715,playing volleyball/n5GxUSy3Qq0.mp4,playing volleyball,k400,0,32,224x224
1716,jogging/2oRXfaDoyy8.mp4,jogging,k400,0,32,224x224
1717,playing harp/LzYy6y33BFQ.mp4,playing harp,k400,0,32,224x224
1718,skateboarding/cVRul3tQuBQ.mp4,skateboarding,k400,0,32,224x224
1719,playing tennis/LgGCdov3bKw.mp4,playing tennis,k400,0,32,224x224
1720,dancing ballet/yKFE8ldVlqI.mp4,dancing ballet,k400,0,32,224x224
1721,sticking tongue out/_wl6dkPXOpk.mp4,sticking tongue out,k400,0,32,224x224
1722,air drumming/8RqNei3MH98.mp4,air drumming,k400,0,32,224x224
1723,opening bottle/moI-Nc4WKlc.mp4,opening bottle,k400,0,32,224x224
1724,playing harp/EsyEoit9HeY.mp4,playing harp,k400,0,32,224x224
1725,motorcycling/ltRAfQPS5zY.mp4,motorcycling,k400,0,32,224x224
1726,sticking tongue out/uH0Q-Pl9r9k.mp4,sticking tongue out,k400,0,32,224x224
1727,eating spaghetti/FWey6L5RiZU.mp4,eating spaghetti,k400,0,32,224x224
1728,tapping guitar/bvr08Uj4rfw.mp4,tapping guitar,k400,0,32,224x224
1729,wrapping present/fLhZzs1VD5k.mp4,wrapping present,k400,0,32,224x224
1730,deadlifting/yzKwGDmZnow.mp4,deadlifting,k400,0,32,224x224
1731,juggling fire/mPHiUH416Bs.mp4,juggling fire,k400,0,32,224x224
1732,sniffing/TzQ9cvqUkf0.mp4,sniffing,k400,0,32,224x224
1733,bungee jumping/pjY58d_uSeM.mp4,bungee jumping,k400,0,32,224x224
1734,shaking head/OslRvwb5h0o.mp4,shaking head,k400,0,32,224x224
1735,squat/4vfGx4fEdZ0.mp4,squat,k400,0,32,224x224
1736,exercising with an exercise ball/gAoczaJ6j0Y.mp4,exercising with an exercise ball,k400,0,32,224x224
1737,clean and jerk/_gQM3IKXg5k.mp4,clean and jerk,k400,0,32,224x224
1738,waxing back/gdhSgrHAHAA.mp4,waxing back,k400,0,32,224x224
1739,hula hooping/7G3sxGvynK0.mp4,hula hooping,k400,0,32,224x224
1740,cheerleading/4gYulIeS4lU.mp4,cheerleading,k400,0,32,224x224
1741,washing hands/0vUi3QhaUHU.mp4,washing hands,k400,0,32,224x224
1742,shaking hands/6wD0Gf9w5DA.mp4,shaking hands,k400,0,32,224x224
1743,disc golfing/oRcXJg49eH8.mp4,disc golfing,k400,0,32,224x224
1744,sharpening pencil/EKzHrMfOSAs.mp4,sharpening pencil,k400,0,32,224x224
1745,high kick/9mV70lTmqVo.mp4,high kick,k400,0,32,224x224
1746,blowing nose/4jI2t5Iid1s.mp4,blowing nose,k400,0,32,224x224
1747,playing clarinet/fDIQQEXkQGA.mp4,playing clarinet,k400,0,32,224x224
1748,bandaging/Bl_MVHPSGgo.mp4,bandaging,k400,0,32,224x224
1749,canoeing or kayaking/_C1q6uZipiQ.mp4,canoeing or kayaking,k400,0,32,224x224
1750,krumping/3sIdP4LG1zM.mp4,krumping,k400,0,32,224x224
1751,playing saxophone/TZhqnC-go2I.mp4,playing saxophone,k400,0,32,224x224
1752,playing accordion/uza3VQx1QkQ.mp4,playing accordion,k400,0,32,224x224
1753,playing cello/T00GTt7XNpo.mp4,playing cello,k400,0,32,224x224
1754,unboxing/MEpMwfs-wyg.mp4,unboxing,k400,0,32,224x224
1755,playing guitar/ste5t4lPtLM.mp4,playing guitar,k400,0,32,224x224
1756,eating ice cream/07KR3jta1Uo.mp4,eating ice cream,k400,0,32,224x224
1757,fixing hair/keR89NmDqUM.mp4,fixing hair,k400,0,32,224x224
1758,windsurfing/eJvg_SZm_PI.mp4,windsurfing,k400,0,32,224x224
1759,making bed/ZRJnVMFqCkA.mp4,making bed,k400,0,32,224x224
1760,playing paintball/_8tdC3Pw5ZY.mp4,playing paintball,k400,0,32,224x224
1761,scrambling eggs/HAoHYPWE9Yw.mp4,scrambling eggs,k400,0,32,224x224
1762,blasting sand/8U_J1WTNUow.mp4,blasting sand,k400,0,32,224x224
1763,marching/0vlYl8zpSEM.mp4,marching,k400,0,32,224x224
1764,capoeira/dt-Bv33YHnQ.mp4,capoeira,k400,0,32,224x224
1765,playing paintball/WXFNmw2KN2A.mp4,playing paintball,k400,0,32,224x224
1766,drinking beer/2XLhI47SOdo.mp4,drinking beer,k400,0,32,224x224
1767,picking fruit/OIxmOZes9KI.mp4,picking fruit,k400,0,32,224x224
1768,crying/bB3XXqUbTBU.mp4,crying,k400,0,32,224x224
1769,catching or throwing frisbee/BwinQkeGXlA.mp4,catching or throwing frisbee,k400,0,32,224x224
1770,playing xylophone/QbwqnK7iw2E.mp4,playing xylophone,k400,0,32,224x224
1771,applying cream/SMcCAxnvS34.mp4,applying cream,k400,0,32,224x224
1772,brush painting/pxqsZ4ZcnM8.mp4,brush painting,k400,0,32,224x224
1773,bookbinding/y28vxupXCPs.mp4,bookbinding,k400,0,32,224x224
1774,scrambling eggs/mgSsp6Io4I4.mp4,scrambling eggs,k400,0,32,224x224
1775,climbing tree/jusScZoEiYQ.mp4,climbing tree,k400,0,32,224x224
1776,laughing/bdfwypp4Osw.mp4,laughing,k400,0,32,224x224
1777,playing badminton/krU4VlpPI7U.mp4,playing badminton,k400,0,32,224x224
1778,riding elephant/Am6mn3Ktq90.mp4,riding elephant,k400,0,32,224x224
1779,air drumming/0ETN_KBzW_c.mp4,air drumming,k400,0,32,224x224
1780,headbutting/OnvqTlUr_eo.mp4,headbutting,k400,0,32,224x224
1781,flying kite/yt59EhZAzDQ.mp4,flying kite,k400,0,32,224x224
1782,playing guitar/ZupHUWIq2jU.mp4,playing guitar,k400,0,32,224x224
1783,climbing ladder/9zN6TBGfACA.mp4,climbing ladder,k400,0,32,224x224
1784,flipping pancake/b3Ek854ITlE.mp4,flipping pancake,k400,0,32,224x224
1785,situp/o5n6ul4y4mE.mp4,situp,k400,0,32,224x224
1786,running on treadmill/5SOQtYCv-1c.mp4,running on treadmill,k400,0,32,224x224
1787,shot put/NZoszxu10L4.mp4,shot put,k400,0,32,224x224
1788,bungee jumping/hGvTbL3IFmI.mp4,bungee jumping,k400,0,32,224x224
1789,playing piano/SfBQcCBdns4.mp4,playing piano,k400,0,32,224x224
1790,eating spaghetti/utxU10f83GQ.mp4,eating spaghetti,k400,0,32,224x224
1791,faceplanting/0OIEXRBQXCw.mp4,faceplanting,k400,0,32,224x224
1792,passing American football (not in game)/Fr3UdpjDQI4.mp4,passing American football (not in game),k400,0,32,224x224
1793,swimming breast stroke/ApsJ_zDBMH4.mp4,swimming breast stroke,k400,0,32,224x224
1794,playing trumpet/mO8ZongSYLA.mp4,playing trumpet,k400,0,32,224x224
1795,juggling fire/eqzu_oRkVRY.mp4,juggling fire,k400,0,32,224x224
1796,feeding birds/UVxX8Ux9f8E.mp4,feeding birds,k400,0,32,224x224
1797,petting cat/SH289SxDB2A.mp4,petting cat,k400,0,32,224x224
1798,massaging back/GncRoAdr4Uk.mp4,massaging back,k400,0,32,224x224
1799,eating ice cream/WHgkEYzKfI8.mp4,eating ice cream,k400,0,32,224x224
1800,hula hooping/pm6vUM-lMPk.mp4,hula hooping,k400,0,32,224x224
1801,playing volleyball/snUMamB9o1Y.mp4,playing volleyball,k400,0,32,224x224
1802,eating burger/rOL14HIZ1h8.mp4,eating burger,k400,0,32,224x224
1803,singing/YEDxo-HO58Y.mp4,singing,k400,0,32,224x224
1804,feeding goats/2fmsfVVOCGw.mp4,feeding goats,k400,0,32,224x224
1805,pull ups/uUJwnOginuY.mp4,pull ups,k400,0,32,224x224
1806,washing dishes/WrZZMTS2A0Q.mp4,washing dishes,k400,0,32,224x224
1807,catching or throwing softball/babyLaqFppo.mp4,catching or throwing softball,k400,0,32,224x224
1808,waxing legs/l9vwdO5s6Hc.mp4,waxing legs,k400,0,32,224x224
1809,water skiing/LImNKIokMbI.mp4,water skiing,k400,0,32,224x224
1810,bungee jumping/Azf11UXLmsU.mp4,bungee jumping,k400,0,32,224x224
1811,welding/v5-aT_wymA0.mp4,welding,k400,0,32,224x224
1812,triple jump/95tjA-9jOb0.mp4,triple jump,k400,0,32,224x224
1813,garbage collecting/XzhyHBT_Lhw.mp4,garbage collecting,k400,0,32,224x224
1814,hugging/ESiYmkavFVU.mp4,hugging,k400,0,32,224x224
1815,playing accordion/xIA1WHNU9KI.mp4,playing accordion,k400,0,32,224x224
1816,salsa dancing/jgjc9YsIp-M.mp4,salsa dancing,k400,0,32,224x224
1817,tai chi/ibNYMuBRYSs.mp4,tai chi,k400,0,32,224x224
1818,air drumming/UYUqgTaMl_o.mp4,air drumming,k400,0,32,224x224
1819,making pizza/x2zRYlXLvtQ.mp4,making pizza,k400,0,32,224x224
1820,playing clarinet/YLtNlSaKO8Y.mp4,playing clarinet,k400,0,32,224x224
1821,parasailing/kGCkd2n1esg.mp4,parasailing,k400,0,32,224x224
1822,golf putting/DLfPZ1zylUQ.mp4,golf putting,k400,0,32,224x224
1823,mopping floor/RT7iPOijW-Y.mp4,mopping floor,k400,0,32,224x224
1824,recording music/-kd45hmz-i4.mp4,recording music,k400,0,32,224x224
1825,reading book/fyp-1XFt6V4.mp4,reading book,k400,0,32,224x224
1826,making sushi/CPSk_qZyduQ.mp4,making sushi,k400,0,32,224x224
1827,abseiling/zP7onZWTnE0.mp4,abseiling,k400,0,32,224x224
1828,gymnastics tumbling/0ybuWMKMw4Y.mp4,gymnastics tumbling,k400,0,32,224x224
1829,curling hair/djJscdJ0Tcc.mp4,curling hair,k400,0,32,224x224
1830,eating doughnuts/O_AkzabbvZg.mp4,eating doughnuts,k400,0,32,224x224
1831,wrapping present/_rt1URAVraI.mp4,wrapping present,k400,0,32,224x224
1832,mowing lawn/KxYKw_G1G8c.mp4,mowing lawn,k400,0,32,224x224
1833,bungee jumping/_CinNbxnhok.mp4,bungee jumping,k400,0,32,224x224
1834,shooting goal (soccer)/YFVAfbh8g8E.mp4,shooting goal (soccer),k400,0,32,224x224
1835,dodgeball/M5Oh-FZAT8I.mp4,dodgeball,k400,0,32,224x224
1836,skipping rope/kKIRfOktoZg.mp4,skipping rope,k400,0,32,224x224
1837,carving pumpkin/K8TUrUMorbs.mp4,carving pumpkin,k400,0,32,224x224
1838,swimming backstroke/xNjBBjNptfk.mp4,swimming backstroke,k400,0,32,224x224
1839,playing trumpet/xPt1s9ljFCU.mp4,playing trumpet,k400,0,32,224x224
1840,passing American football (not in game)/qGXZaRzcmQQ.mp4,passing American football (not in game),k400,0,32,224x224
1841,using remote controller (not gaming)/WRI2y0cwHd0.mp4,using remote controller (not gaming),k400,0,32,224x224
1842,beatboxing/ZSjBVS_bdO4.mp4,beatboxing,k400,0,32,224x224
1843,motorcycling/fuSBEHys71s.mp4,motorcycling,k400,0,32,224x224
1844,ice skating/7g27QIGWUUI.mp4,ice skating,k400,0,32,224x224
1845,juggling balls/XoE4QDBkQko.mp4,juggling balls,k400,0,32,224x224
1846,garbage collecting/7Cg1bs3VE7g.mp4,garbage collecting,k400,0,32,224x224
1847,playing clarinet/_JWNFGmIgH4.mp4,playing clarinet,k400,0,32,224x224
1848,swimming backstroke/jHxGnxXutYM.mp4,swimming backstroke,k400,0,32,224x224
1849,canoeing or kayaking/nop2IwjcgmM.mp4,canoeing or kayaking,k400,0,32,224x224
1850,eating ice cream/PU1DCcuxBqo.mp4,eating ice cream,k400,0,32,224x224
1851,pumping gas/egSf52ALdrg.mp4,pumping gas,k400,0,32,224x224
1852,side kick/ysQ__lRAKJ4.mp4,side kick,k400,0,32,224x224
1853,getting a tattoo/rqiaWhRrnGk.mp4,getting a tattoo,k400,0,32,224x224
1854,shaving head/CcGjxudkKI0.mp4,shaving head,k400,0,32,224x224
1855,massaging person's head/NoAwhQmxmGo.mp4,massaging person's head,k400,0,32,224x224
1856,cleaning pool/1ZlVbj9ra88.mp4,cleaning pool,k400,0,32,224x224
1857,eating burger/kdkSHXLmOkI.mp4,eating burger,k400,0,32,224x224
1858,ice skating/wrBLt_UgOW0.mp4,ice skating,k400,0,32,224x224
1859,dancing macarena/A0c_xRT0vSU.mp4,dancing macarena,k400,0,32,224x224
1860,scrambling eggs/AqoJ6fftgG8.mp4,scrambling eggs,k400,0,32,224x224
1861,snowmobiling/p3Dai8_7XUs.mp4,snowmobiling,k400,0,32,224x224
1862,punching bag/iG9XkuRUz0U.mp4,punching bag,k400,0,32,224x224
1863,massaging legs/rSS9irfu4QA.mp4,massaging legs,k400,0,32,224x224
1864,side kick/aQadBTjVsuE.mp4,side kick,k400,0,32,224x224
1865,trimming or shaving beard/IcPUw2k6BCw.mp4,trimming or shaving beard,k400,0,32,224x224
1866,feeding birds/PnAgaOUdEnQ.mp4,feeding birds,k400,0,32,224x224
1867,trapezing/YbK1iP-grXA.mp4,trapezing,k400,0,32,224x224
1868,tango dancing/veaT_fh7vV8.mp4,tango dancing,k400,0,32,224x224
1869,cleaning toilet/i2fGjarN5o8.mp4,cleaning toilet,k400,0,32,224x224
1870,arranging flowers/6URdVDBIuMY.mp4,arranging flowers,k400,0,32,224x224
1871,tai chi/I9MLbOx2AYI.mp4,tai chi,k400,0,32,224x224
1872,waxing chest/aCZJY0y4QxM.mp4,waxing chest,k400,0,32,224x224
1873,punching bag/3lNdxrh1pKA.mp4,punching bag,k400,0,32,224x224
1874,tango dancing/NJX48A8K2o0.mp4,tango dancing,k400,0,32,224x224
1875,tango dancing/g0zFPdmLdpU.mp4,tango dancing,k400,0,32,224x224
1876,riding elephant/u5jogeLg2O0.mp4,riding elephant,k400,0,32,224x224
1877,juggling soccer ball/G1Q3kuv_DuQ.mp4,juggling soccer ball,k400,0,32,224x224
1878,stretching arm/J0M_p4kKGlw.mp4,stretching arm,k400,0,32,224x224
1879,playing cymbals/TvkOJu-xyJw.mp4,playing cymbals,k400,0,32,224x224
1880,crying/IcGYcjYSQQ0.mp4,crying,k400,0,32,224x224
1881,playing ukulele/YpA091iTUE8.mp4,playing ukulele,k400,0,32,224x224
1882,dancing charleston/x-a-rAgj1xA.mp4,dancing charleston,k400,0,32,224x224
1883,dunking basketball/ZzeF04TtfKk.mp4,dunking basketball,k400,0,32,224x224
1884,ice skating/Vx8MNelk1aA.mp4,ice skating,k400,0,32,224x224
1885,playing bass guitar/86XKavIhdQM.mp4,playing bass guitar,k400,0,32,224x224
1886,watering plants/sJiw94Di_28.mp4,watering plants,k400,0,32,224x224
1887,long jump/l51pE9yUCYI.mp4,long jump,k400,0,32,224x224
1888,golf putting/eOAO_ovLHaM.mp4,golf putting,k400,0,32,224x224
1889,riding elephant/mgr2L5vO-yg.mp4,riding elephant,k400,0,32,224x224
1890,shaking head/XbgBcyZPXEc.mp4,shaking head,k400,0,32,224x224
1891,folding napkins/N4Qk8ilwI38.mp4,folding napkins,k400,0,32,224x224
1892,playing squash or racquetball/sU1e6zCDjus.mp4,playing squash or racquetball,k400,0,32,224x224
1893,pole vault/fFd6nxl2B54.mp4,pole vault,k400,0,32,224x224
1894,salsa dancing/VRtZpMMgov4.mp4,salsa dancing,k400,0,32,224x224
1895,playing badminton/BLjROldUfyQ.mp4,playing badminton,k400,0,32,224x224
1896,sled dog racing/ozVFlmiNRoo.mp4,sled dog racing,k400,0,32,224x224
1897,playing cello/CajR1qAqmhU.mp4,playing cello,k400,0,32,224x224
1898,getting a tattoo/zAFw4S_7wxM.mp4,getting a tattoo,k400,0,32,224x224
1899,eating chips/Tc1PyFYKhak.mp4,eating chips,k400,0,32,224x224
1900,hugging/jUw1IKws_Ac.mp4,hugging,k400,0,32,224x224
1901,shuffling cards/8arMCFjvHEY.mp4,shuffling cards,k400,0,32,224x224
1902,singing/VStqCycfch0.mp4,singing,k400,0,32,224x224
1903,playing clarinet/0wX2bwUELps.mp4,playing clarinet,k400,0,32,224x224
1904,sword fighting/0rxpOaYFYF0.mp4,sword fighting,k400,0,32,224x224
1905,shaving head/FRr2SPY7Ouw.mp4,shaving head,k400,0,32,224x224
1906,moving furniture/Fi4EwoqP2b8.mp4,moving furniture,k400,0,32,224x224
1907,golf putting/gLOe7vpLSCw.mp4,golf putting,k400,0,32,224x224
1908,cleaning floor/LEj4iRa7dwE.mp4,cleaning floor,k400,0,32,224x224
1909,salsa dancing/ixquDNV9sfM.mp4,salsa dancing,k400,0,32,224x224
1910,cutting watermelon/TK7mQgj_R4g.mp4,cutting watermelon,k400,0,32,224x224
1911,eating spaghetti/KZaFbvwl3cs.mp4,eating spaghetti,k400,0,32,224x224
1912,passing American football (not in game)/caNg5wMswBI.mp4,passing American football (not in game),k400,0,32,224x224
1913,eating carrots/q_CL8BxqzUQ.mp4,eating carrots,k400,0,32,224x224
1914,balloon blowing/LG1l5fAWA0Y.mp4,balloon blowing,k400,0,32,224x224
1915,snowboarding/3eFbHCn-8Y4.mp4,snowboarding,k400,0,32,224x224
1916,carving pumpkin/tY-4ksIcwLQ.mp4,carving pumpkin,k400,0,32,224x224
1917,golf putting/utTc6MRpIBo.mp4,golf putting,k400,0,32,224x224
1918,balloon blowing/FVEZ1smlcyg.mp4,balloon blowing,k400,0,32,224x224
1919,playing violin/T2w5mX_lLSQ.mp4,playing violin,k400,0,32,224x224
1920,swimming backstroke/jI3i52BEMwg.mp4,swimming backstroke,k400,0,32,224x224
1921,hula hooping/G0ohKpLMOII.mp4,hula hooping,k400,0,32,224x224
1922,stretching arm/9B97Kt4PPPI.mp4,stretching arm,k400,0,32,224x224
1923,paragliding/7oxBUcmG9m8.mp4,paragliding,k400,0,32,224x224
1924,getting a tattoo/sCCJpFKVV8g.mp4,getting a tattoo,k400,0,32,224x224
1925,playing tennis/54OWjikk7gM.mp4,playing tennis,k400,0,32,224x224
1926,waxing eyebrows/nsBik1_-A6M.mp4,waxing eyebrows,k400,0,32,224x224
1927,golf putting/tVm3dYRpOxc.mp4,golf putting,k400,0,32,224x224
1928,riding unicycle/gUeRnaiTm-Y.mp4,riding unicycle,k400,0,32,224x224
1929,dunking basketball/TM3aRQ3Hf6c.mp4,dunking basketball,k400,0,32,224x224
1930,slapping/7AqCAS-o_Oc.mp4,slapping,k400,0,32,224x224
1931,singing/339SsOVXp2A.mp4,singing,k400,0,32,224x224
1932,celebrating/qvPGFHQ1sxQ.mp4,celebrating,k400,0,32,224x224
1933,smoking/PTBNvnZzIl4.mp4,smoking,k400,0,32,224x224
1934,playing drums/dLHp_hqhtXQ.mp4,playing drums,k400,0,32,224x224
1935,beatboxing/c6F3ucU4gn0.mp4,beatboxing,k400,0,32,224x224
1936,snorkeling/UzXUdYe-bOc.mp4,snorkeling,k400,0,32,224x224
1937,snorkeling/VqiW7h9DtMo.mp4,snorkeling,k400,0,32,224x224
1938,chopping wood/95qw4L-_VGM.mp4,chopping wood,k400,0,32,224x224
1939,milking cow/b3LHPah5dt8.mp4,milking cow,k400,0,32,224x224
1940,pushing car/xabeaf-8ZcE.mp4,pushing car,k400,0,32,224x224
1941,smoking/LXNs8aqlpXQ.mp4,smoking,k400,0,32,224x224
1942,front raises/YtLKFWweBMI.mp4,front raises,k400,0,32,224x224
1943,pushing cart/U_10w_87ySw.mp4,pushing cart,k400,0,32,224x224
1944,making bed/Ith8Lw-yeis.mp4,making bed,k400,0,32,224x224
1945,egg hunting/SLA74819vtQ.mp4,egg hunting,k400,0,32,224x224
1946,busking/kq7oiJ-OqGA.mp4,busking,k400,0,32,224x224
1947,slacklining/5g9kDgtYZfw.mp4,slacklining,k400,0,32,224x224
1948,cooking on campfire/w3YzOjw_2_M.mp4,cooking on campfire,k400,0,32,224x224
1949,training dog/HBygzXZwV7s.mp4,training dog,k400,0,32,224x224
1950,cutting nails/7z07leZC1XA.mp4,cutting nails,k400,0,32,224x224
1951,fixing hair/VCIBafLalv8.mp4,fixing hair,k400,0,32,224x224
1952,gymnastics tumbling/H8RgaRnRLFM.mp4,gymnastics tumbling,k400,0,32,224x224
1953,breakdancing/2dhBKUdeiK8.mp4,breakdancing,k400,0,32,224x224
1954,playing saxophone/JLwm_ulUV9I.mp4,playing saxophone,k400,0,32,224x224
1955,milking cow/1LdelgiTW_Q.mp4,milking cow,k400,0,32,224x224
1956,water skiing/PPHGhVFfLyQ.mp4,water skiing,k400,0,32,224x224
1957,bartending/SzepqwNNDmo.mp4,bartending,k400,0,32,224x224
1958,pushing car/lUitNISrKTE.mp4,pushing car,k400,0,32,224x224
1959,rock climbing/kScbgu_V35Y.mp4,rock climbing,k400,0,32,224x224
1960,playing chess/qwVzDNwrans.mp4,playing chess,k400,0,32,224x224
1961,braiding hair/txqg8jcFkuk.mp4,braiding hair,k400,0,32,224x224
1962,eating burger/nujYhdKBf4U.mp4,eating burger,k400,0,32,224x224
1963,golf putting/jsbD5iGDdvo.mp4,golf putting,k400,0,32,224x224
1964,beatboxing/ZmgpqCTjpLw.mp4,beatboxing,k400,0,32,224x224
1965,throwing discus/6Aw-FRzp2cs.mp4,throwing discus,k400,0,32,224x224
1966,using remote controller (not gaming)/tRkixe9UUWQ.mp4,using remote controller (not gaming),k400,0,32,224x224
1967,playing accordion/tFfv9941FAc.mp4,playing accordion,k400,0,32,224x224
1968,throwing ball/4v5xw6OER-8.mp4,throwing ball,k400,0,32,224x224
1969,pumping fist/lFRPbyqoK7Y.mp4,pumping fist,k400,0,32,224x224
1970,riding mountain bike/wYurO0xOy3w.mp4,riding mountain bike,k400,0,32,224x224
1971,playing badminton/9jEMxayZHUM.mp4,playing badminton,k400,0,32,224x224
1972,ski jumping/aJ0VZhSLnEY.mp4,ski jumping,k400,0,32,224x224
1973,slacklining/oHZ6cTOcpks.mp4,slacklining,k400,0,32,224x224
1974,climbing tree/QkmKXFq2ig0.mp4,climbing tree,k400,0,32,224x224
1975,windsurfing/eSssVnTs0gw.mp4,windsurfing,k400,0,32,224x224
1976,bench pressing/fCXpnU2_rno.mp4,bench pressing,k400,0,32,224x224
1977,finger snapping/yRUWaUkG78s.mp4,finger snapping,k400,0,32,224x224
1978,cooking chicken/8g-ppTPGSLI.mp4,cooking chicken,k400,0,32,224x224
1979,bending metal/x_cFq7Pnk7Y.mp4,bending metal,k400,0,32,224x224
1980,grooming horse/KPriDVFlweo.mp4,grooming horse,k400,0,32,224x224
1981,disc golfing/RtColTDG9xY.mp4,disc golfing,k400,0,32,224x224
1982,cleaning shoes/c1O9YMmE4_0.mp4,cleaning shoes,k400,0,32,224x224
1983,training dog/FCm5QfNo-SY.mp4,training dog,k400,0,32,224x224
1984,mowing lawn/uiulrSH2aNs.mp4,mowing lawn,k400,0,32,224x224
1985,passing American football (in game)/xbx4rMGnJdI.mp4,passing American football (in game),k400,0,32,224x224
1986,cleaning windows/CGR-z8vaawI.mp4,cleaning windows,k400,0,32,224x224
1987,eating spaghetti/FWA1fyjD8so.mp4,eating spaghetti,k400,0,32,224x224
1988,using computer/WQbZP1Qkxyg.mp4,using computer,k400,0,32,224x224
1989,texting/zTwyMH12cas.mp4,texting,k400,0,32,224x224
1990,contact juggling/3dcqGT0VVMY.mp4,contact juggling,k400,0,32,224x224
1991,snowkiting/zkKR4X6G2ao.mp4,snowkiting,k400,0,32,224x224
1992,opening present/fE7oW_Xu2kE.mp4,opening present,k400,0,32,224x224
1993,jumping into pool/nrrVyAm14Rs.mp4,jumping into pool,k400,0,32,224x224
1994,hitting baseball/OLR9psfaJEw.mp4,hitting baseball,k400,0,32,224x224
1995,playing drums/2zffZ01zl-E.mp4,playing drums,k400,0,32,224x224
1996,baking cookies/UCqmi1E2zu8.mp4,baking cookies,k400,0,32,224x224
1997,blowing glass/mrmkP1bdJhg.mp4,blowing glass,k400,0,32,224x224
1998,push up/rUgILOU51N8.mp4,push up,k400,0,32,224x224
1999,golf putting/FywSa_6yxlc.mp4,golf putting,k400,0,32,224x224
2000,blowing leaves/1hUEW_qUfcY.mp4,blowing leaves,k400,0,32,224x224
2001,grinding meat/x43a-H0kgLI.mp4,grinding meat,k400,0,32,224x224
2002,rock climbing/CnbW_99eN3U.mp4,rock climbing,k400,0,32,224x224
2003,pumping fist/fsnTaAXZrAM.mp4,pumping fist,k400,0,32,224x224
2004,folding napkins/mBxMrqxwPyU.mp4,folding napkins,k400,0,32,224x224
2005,texting/dldTdxoepyo.mp4,texting,k400,0,32,224x224
2006,motorcycling/KrNHxAj31fk.mp4,motorcycling,k400,0,32,224x224
2007,push up/a1StEBBq5k4.mp4,push up,k400,0,32,224x224
2008,answering questions/ktYRoTTTGPA.mp4,answering questions,k400,0,32,224x224
2009,pull ups/WhNGrwlwMIA.mp4,pull ups,k400,0,32,224x224
2010,dunking basketball/EZ-3oiXRYqs.mp4,dunking basketball,k400,0,32,224x224
2011,tickling/gYi-zhyyPZk.mp4,tickling,k400,0,32,224x224
2012,pushing cart/jpVSDAvO89k.mp4,pushing cart,k400,0,32,224x224
2013,squat/4M023gyftN8.mp4,squat,k400,0,32,224x224
2014,feeding goats/W-hlYP6vj3M.mp4,feeding goats,k400,0,32,224x224
2015,pushing car/IRY7Z3KNGhY.mp4,pushing car,k400,0,32,224x224
2016,snowkiting/Al_spmI4qWg.mp4,snowkiting,k400,0,32,224x224
2017,climbing ladder/OLn-3fWjwy8.mp4,climbing ladder,k400,0,32,224x224
2018,shearing sheep/ryGyhwAXY18.mp4,shearing sheep,k400,0,32,224x224
2019,playing accordion/AZTNjXxYnoc.mp4,playing accordion,k400,0,32,224x224
2020,pushing cart/eg749Lbk8QE.mp4,pushing cart,k400,0,32,224x224
2021,braiding hair/810o7zVP42E.mp4,braiding hair,k400,0,32,224x224
2022,sharpening knives/UuGx1KmJcHg.mp4,sharpening knives,k400,0,32,224x224
2023,brushing hair/eFSqwsWOneI.mp4,brushing hair,k400,0,32,224x224
2024,playing flute/puDqgaeEQ-k.mp4,playing flute,k400,0,32,224x224
2025,windsurfing/VqWZVD19avs.mp4,windsurfing,k400,0,32,224x224
2026,skiing (not slalom or crosscountry)/wVEgY_CTGQY.mp4,skiing (not slalom or crosscountry),k400,0,32,224x224
2027,hammer throw/mjEq8rMNVAU.mp4,hammer throw,k400,0,32,224x224
2028,tasting food/9oonHCoKnv8.mp4,tasting food,k400,0,32,224x224
2029,crying/SNONMY-8XXQ.mp4,crying,k400,0,32,224x224
2030,changing wheel/SkVe9zHoPXc.mp4,changing wheel,k400,0,32,224x224
2031,playing paintball/r7KjrKCl1Ys.mp4,playing paintball,k400,0,32,224x224
2032,motorcycling/uLGw5SRwV-8.mp4,motorcycling,k400,0,32,224x224
2033,decorating the christmas tree/FMzoHQyeOvk.mp4,decorating the christmas tree,k400,0,32,224x224
2034,air drumming/SjQuSpU-Jqo.mp4,air drumming,k400,0,32,224x224
2035,triple jump/V5o6dOsmzxA.mp4,triple jump,k400,0,32,224x224
2036,throwing ball/HEaJC2LWr6w.mp4,throwing ball,k400,0,32,224x224
2037,brushing hair/QApO5qM4vpw.mp4,brushing hair,k400,0,32,224x224
2038,roller skating/3zyMzYahFo8.mp4,roller skating,k400,0,32,224x224
2039,mopping floor/2KqGN24Nqo4.mp4,mopping floor,k400,0,32,224x224
2040,tying knot (not on a tie)/liQw_q1VnQI.mp4,tying knot (not on a tie),k400,0,32,224x224
2041,sneezing/WfUUdXB-EiM.mp4,sneezing,k400,0,32,224x224
2042,folding clothes/9xibzf61kWA.mp4,folding clothes,k400,0,32,224x224
2043,cooking on campfire/cquhIDOjUGw.mp4,cooking on campfire,k400,0,32,224x224
2044,parasailing/ib4npoQwIHE.mp4,parasailing,k400,0,32,224x224
2045,snatch weight lifting/t8c_GXG-WQk.mp4,snatch weight lifting,k400,0,32,224x224
2046,folding paper/v4QfroT6JnY.mp4,folding paper,k400,0,32,224x224
2047,digging/bPoSnR2avzk.mp4,digging,k400,0,32,224x224
2048,plastering/P-_OL-GFq8g.mp4,plastering,k400,0,32,224x224
2049,grinding meat/Fr0vOB9Jg5g.mp4,grinding meat,k400,0,32,224x224
2050,country line dancing/YCZTxvtXBsQ.mp4,country line dancing,k400,0,32,224x224
2051,bowling/2y5oRF_eaYU.mp4,bowling,k400,0,32,224x224
2052,riding camel/f1TySt6bwxU.mp4,riding camel,k400,0,32,224x224
2053,skateboarding/O2dkXICDzX8.mp4,skateboarding,k400,0,32,224x224
2054,welding/Drqa_Sw6484.mp4,welding,k400,0,32,224x224
2055,checking tires/pqlY2l0KhEY.mp4,checking tires,k400,0,32,224x224
2056,decorating the christmas tree/zfl9kqM0nhg.mp4,decorating the christmas tree,k400,0,32,224x224
2057,getting a tattoo/FD_KUtCzoT4.mp4,getting a tattoo,k400,0,32,224x224
2058,feeding fish/u5aonO748Hc.mp4,feeding fish,k400,0,32,224x224
2059,windsurfing/sPv9eWeFAXQ.mp4,windsurfing,k400,0,32,224x224
2060,cooking chicken/Fm4HKuU4ox4.mp4,cooking chicken,k400,0,32,224x224
2061,riding scooter/-fOlR2LwmRU.mp4,riding scooter,k400,0,32,224x224
2062,sharpening pencil/U6tr7q92lIA.mp4,sharpening pencil,k400,0,32,224x224
2063,riding or walking with horse/uxMIxVj4mPM.mp4,riding or walking with horse,k400,0,32,224x224
2064,milking cow/4kLB1r68M0k.mp4,milking cow,k400,0,32,224x224
2065,jetskiing/gDWizpt7VLs.mp4,jetskiing,k400,0,32,224x224
2066,catching or throwing softball/pBL71oS5IJ8.mp4,catching or throwing softball,k400,0,32,224x224
2067,baking cookies/BFmEYJwwpW8.mp4,baking cookies,k400,0,32,224x224
2068,feeding fish/oq1fBn6lHwc.mp4,feeding fish,k400,0,32,224x224
2069,cooking on campfire/g0jLOTV5dkA.mp4,cooking on campfire,k400,0,32,224x224
2070,shuffling cards/tQLW5SFjpJo.mp4,shuffling cards,k400,0,32,224x224
2071,balloon blowing/bW9GAfOc4sI.mp4,balloon blowing,k400,0,32,224x224
2072,triple jump/drm-QaJQ-YI.mp4,triple jump,k400,0,32,224x224
2073,flipping pancake/KJUhDGy1Rck.mp4,flipping pancake,k400,0,32,224x224
2074,golf driving/AnLRAH0fiN4.mp4,golf driving,k400,0,32,224x224
2075,drop kicking/GgtPb4-ou1A.mp4,drop kicking,k400,0,32,224x224
2076,making pizza/XsfWvL-Zhok.mp4,making pizza,k400,0,32,224x224
2077,throwing axe/E674L9_7etc.mp4,throwing axe,k400,0,32,224x224
2078,balloon blowing/63_Xu-Lb-oI.mp4,balloon blowing,k400,0,32,224x224
2079,knitting/W0QTgoS8zrU.mp4,knitting,k400,0,32,224x224
2080,dunking basketball/voteMukef0k.mp4,dunking basketball,k400,0,32,224x224
2081,riding or walking with horse/KdlGKkd609A.mp4,riding or walking with horse,k400,0,32,224x224
2082,feeding goats/nFHGGMSglpQ.mp4,feeding goats,k400,0,32,224x224
2083,eating cake/IUbzrR5L9bE.mp4,eating cake,k400,0,32,224x224
2084,setting table/1HDNCk5Oqic.mp4,setting table,k400,0,32,224x224
2085,bee keeping/NS4Xju7YiSc.mp4,bee keeping,k400,0,32,224x224
2086,spray painting/2ZpGedX0Hho.mp4,spray painting,k400,0,32,224x224
2087,using computer/_TqghEKOFAQ.mp4,using computer,k400,0,32,224x224
2088,throwing discus/gWrK49RR8Zs.mp4,throwing discus,k400,0,32,224x224
2089,throwing axe/YLnS2YMZrgA.mp4,throwing axe,k400,0,32,224x224
2090,baking cookies/JPQQE14eWdQ.mp4,baking cookies,k400,0,32,224x224
2091,petting cat/RdvL_kse8Mk.mp4,petting cat,k400,0,32,224x224
2092,somersaulting/SqEr64ofvDQ.mp4,somersaulting,k400,0,32,224x224
2093,yoga/nJtg3nAS8Pw.mp4,yoga,k400,0,32,224x224
2094,riding scooter/noP_udjsYRc.mp4,riding scooter,k400,0,32,224x224
2095,giving or receiving award/VmbFTK8HO30.mp4,giving or receiving award,k400,0,32,224x224
2096,shooting goal (soccer)/AdDRtPAspXo.mp4,shooting goal (soccer),k400,0,32,224x224
2097,applauding/tmu_xrMf5MA.mp4,applauding,k400,0,32,224x224
2098,chopping wood/S1l-uC1Wybk.mp4,chopping wood,k400,0,32,224x224
2099,snowboarding/SvWhTZ1U4W8.mp4,snowboarding,k400,0,32,224x224
2100,canoeing or kayaking/x4K7KFMBJeU.mp4,canoeing or kayaking,k400,0,32,224x224
2101,pushing car/y35g6t9ZNL8.mp4,pushing car,k400,0,32,224x224
2102,writing/TePip77Lc2E.mp4,writing,k400,0,32,224x224
2103,passing American football (not in game)/AVwMjAY1Ad0.mp4,passing American football (not in game),k400,0,32,224x224
2104,tobogganing/ChgctMZc0uQ.mp4,tobogganing,k400,0,32,224x224
2105,cutting watermelon/zJ_FdfBPg0s.mp4,cutting watermelon,k400,0,32,224x224
2106,picking fruit/_Wsk6Wq7E2E.mp4,picking fruit,k400,0,32,224x224
2107,news anchoring/tdb-OU5ou4I.mp4,news anchoring,k400,0,32,224x224
2108,ice climbing/ITmUBOujh8s.mp4,ice climbing,k400,0,32,224x224
2109,playing trombone/cXdqegfZZs8.mp4,playing trombone,k400,0,32,224x224
2110,catching or throwing softball/KJf8STn8aRU.mp4,catching or throwing softball,k400,0,32,224x224
2111,ski jumping/K3zBC10BkfE.mp4,ski jumping,k400,0,32,224x224
2112,playing recorder/-ngDQ-NxXZQ.mp4,playing recorder,k400,0,32,224x224
2113,eating ice cream/KVHaJHypGkk.mp4,eating ice cream,k400,0,32,224x224
2114,dancing ballet/9KL0LIgx6so.mp4,dancing ballet,k400,0,32,224x224
2115,playing bass guitar/nmujZlzBRxU.mp4,playing bass guitar,k400,0,32,224x224
2116,washing dishes/OTMteq6XtXU.mp4,washing dishes,k400,0,32,224x224
2117,swimming butterfly stroke/nDFQ5ccLQJ0.mp4,swimming butterfly stroke,k400,0,32,224x224
2118,feeding fish/G967mkBPMV0.mp4,feeding fish,k400,0,32,224x224
2119,changing oil/ns7kFIDpYFA.mp4,changing oil,k400,0,32,224x224
2120,finger snapping/B1nL9TEkX6A.mp4,finger snapping,k400,0,32,224x224
2121,abseiling/1atkTs6LO6s.mp4,abseiling,k400,0,32,224x224
2122,crawling baby/FzZjuWxwaP4.mp4,crawling baby,k400,0,32,224x224
2123,squat/BuZLRlH1sVI.mp4,squat,k400,0,32,224x224
2124,sharpening pencil/qY-UUlR7Wg0.mp4,sharpening pencil,k400,0,32,224x224
2125,golf putting/aKrduO15i24.mp4,golf putting,k400,0,32,224x224
2126,bungee jumping/hg3UfADM1Mg.mp4,bungee jumping,k400,0,32,224x224
2127,making bed/EU3BZdxJBhg.mp4,making bed,k400,0,32,224x224
2128,juggling balls/XvV6ZfJJDsg.mp4,juggling balls,k400,0,32,224x224
2129,bowling/i8rTKNTWPxg.mp4,bowling,k400,0,32,224x224
2130,skiing crosscountry/5AtBFxGIb0U.mp4,skiing crosscountry,k400,0,32,224x224
2131,petting cat/vErKbL3mpa4.mp4,petting cat,k400,0,32,224x224
2132,punching bag/Oyk-cELSqi4.mp4,punching bag,k400,0,32,224x224
2133,biking through snow/j51boihYvj4.mp4,biking through snow,k400,0,32,224x224
2134,contact juggling/JzKLH1quo-Q.mp4,contact juggling,k400,0,32,224x224
2135,playing paintball/wjyzpx6Dn1I.mp4,playing paintball,k400,0,32,224x224
2136,swimming butterfly stroke/CHi-4zyBxIk.mp4,swimming butterfly stroke,k400,0,32,224x224
2137,playing controller/_SLQijJHCuQ.mp4,playing controller,k400,0,32,224x224
2138,curling hair/ulwbtiOcnF8.mp4,curling hair,k400,0,32,224x224
2139,snowkiting/VDMRqxsHn24.mp4,snowkiting,k400,0,32,224x224
2140,canoeing or kayaking/Ygo9qX37aus.mp4,canoeing or kayaking,k400,0,32,224x224
2141,snowkiting/53BzKLBFWzs.mp4,snowkiting,k400,0,32,224x224
2142,playing cymbals/bE0p_FfOxYk.mp4,playing cymbals,k400,0,32,224x224
2143,playing cricket/jWjd5vfcZ_o.mp4,playing cricket,k400,0,32,224x224
2144,yoga/ssbUmbhyMrM.mp4,yoga,k400,0,32,224x224
2145,sharpening knives/UZky2QFJpeM.mp4,sharpening knives,k400,0,32,224x224
2146,situp/VyfNHSkaZuA.mp4,situp,k400,0,32,224x224
2147,trimming trees/M3z4SFWkYxU.mp4,trimming trees,k400,0,32,224x224
2148,stretching leg/WybuIUSI63A.mp4,stretching leg,k400,0,32,224x224
2149,playing accordion/V1Yd4bWLrWU.mp4,playing accordion,k400,0,32,224x224
2150,sailing/Xv-67SM5qGc.mp4,sailing,k400,0,32,224x224
2151,skiing crosscountry/LxX3GaKxuqc.mp4,skiing crosscountry,k400,0,32,224x224
2152,writing/tTMV8JRCg44.mp4,writing,k400,0,32,224x224
2153,scuba diving/4oOMb0pgUBw.mp4,scuba diving,k400,0,32,224x224
2154,dining/PSlIli8mWGk.mp4,dining,k400,0,32,224x224
2155,tapping guitar/NBZkoPQ2drI.mp4,tapping guitar,k400,0,32,224x224
2156,air drumming/m_Fe3VFzGrg.mp4,air drumming,k400,0,32,224x224
2157,playing badminton/0W4IxD0gTu4.mp4,playing badminton,k400,0,32,224x224
2158,making pizza/HN8faXs6xeg.mp4,making pizza,k400,0,32,224x224
2159,slacklining/N33FhhOVaOo.mp4,slacklining,k400,0,32,224x224
2160,dancing macarena/Z014VEQ5Et8.mp4,dancing macarena,k400,0,32,224x224
2161,zumba/7il96ABspi8.mp4,zumba,k400,0,32,224x224
2162,spinning poi/B_xvSXlbSaw.mp4,spinning poi,k400,0,32,224x224
2163,catching or throwing softball/ciAIrrR2p_4.mp4,catching or throwing softball,k400,0,32,224x224
2164,snowmobiling/p3aXG1vrODg.mp4,snowmobiling,k400,0,32,224x224
2165,dunking basketball/Gwa04ZbwI6U.mp4,dunking basketball,k400,0,32,224x224
2166,catching or throwing softball/tLtRZUd6Tp4.mp4,catching or throwing softball,k400,0,32,224x224
2167,riding camel/L-tdLSKfMMg.mp4,riding camel,k400,0,32,224x224
2168,throwing discus/DmBrp4Ou4w4.mp4,throwing discus,k400,0,32,224x224
2169,curling hair/HWF_cGJ4EzM.mp4,curling hair,k400,0,32,224x224
2170,trimming trees/VEpXASQ7seY.mp4,trimming trees,k400,0,32,224x224
2171,tying tie/Sq1Ev9ngnao.mp4,tying tie,k400,0,32,224x224
2172,petting animal (not cat)/QFLVJbTSZlw.mp4,petting animal (not cat),k400,0,32,224x224
2173,smoking/XT8KPjXDarY.mp4,smoking,k400,0,32,224x224
2174,playing clarinet/ARqKIw3vV3E.mp4,playing clarinet,k400,0,32,224x224
2175,shining shoes/fRve6W4xYng.mp4,shining shoes,k400,0,32,224x224
2176,scuba diving/34htgdKZu_E.mp4,scuba diving,k400,0,32,224x224
2177,spinning poi/uZsgBypTG9U.mp4,spinning poi,k400,0,32,224x224
2178,using computer/z4O_5NbRD2U.mp4,using computer,k400,0,32,224x224
2179,presenting weather forecast/_inAzGbGlR4.mp4,presenting weather forecast,k400,0,32,224x224
2180,ironing/-YD8IT6Htqk.mp4,ironing,k400,0,32,224x224
2181,swing dancing/-yGqXEZRbEk.mp4,swing dancing,k400,0,32,224x224
2182,waxing eyebrows/9eYzjekx454.mp4,waxing eyebrows,k400,0,32,224x224
2183,watering plants/YEzJsaTMdSw.mp4,watering plants,k400,0,32,224x224
2184,bookbinding/j-r6c_trSxY.mp4,bookbinding,k400,0,32,224x224
2185,counting money/wOShTsOIG0g.mp4,counting money,k400,0,32,224x224
2186,capoeira/YDgoDQbfvhc.mp4,capoeira,k400,0,32,224x224
2187,knitting/JSikWugeuzM.mp4,knitting,k400,0,32,224x224
2188,headbanging/eDdoCJb2eA4.mp4,headbanging,k400,0,32,224x224
2189,jumpstyle dancing/hNHB9MqRxjU.mp4,jumpstyle dancing,k400,0,32,224x224
2190,waxing back/VHd53zBt1Ac.mp4,waxing back,k400,0,32,224x224
2191,shoveling snow/aSQpqWtIcbE.mp4,shoveling snow,k400,0,32,224x224
2192,filling eyebrows/QKKcns3x2-4.mp4,filling eyebrows,k400,0,32,224x224
2193,eating watermelon/jtx-_uKPLnM.mp4,eating watermelon,k400,0,32,224x224
2194,feeding fish/_oVHT6mASoU.mp4,feeding fish,k400,0,32,224x224
2195,water skiing/ksTk2f9EUN8.mp4,water skiing,k400,0,32,224x224
2196,snowboarding/gXxOqT-v3_c.mp4,snowboarding,k400,0,32,224x224
2197,high jump/-I8dtKUUSQY.mp4,high jump,k400,0,32,224x224
2198,tasting beer/qaVJ0Nnt-vg.mp4,tasting beer,k400,0,32,224x224
2199,dying hair/H1_iQ_7fWqs.mp4,dying hair,k400,0,32,224x224
2200,dancing ballet/08t3tp-avUE.mp4,dancing ballet,k400,0,32,224x224
2201,archery/l4z5Au0JzaQ.mp4,archery,k400,0,32,224x224
2202,blowing out candles/YS5fPkqTmKw.mp4,blowing out candles,k400,0,32,224x224
2203,drop kicking/eJzqGd0qt0E.mp4,drop kicking,k400,0,32,224x224
2204,air drumming/nQPz3V8noXs.mp4,air drumming,k400,0,32,224x224
2205,arm wrestling/9GLQBZI0ujs.mp4,arm wrestling,k400,0,32,224x224
2206,brushing hair/xCqlKeyIucs.mp4,brushing hair,k400,0,32,224x224
2207,tapping guitar/1WI3YPFuvwg.mp4,tapping guitar,k400,0,32,224x224
2208,shearing sheep/osrL-vl9zHY.mp4,shearing sheep,k400,0,32,224x224
2209,mowing lawn/cj_OGBgSMOc.mp4,mowing lawn,k400,0,32,224x224
2210,abseiling/uaHqixb-Zbc.mp4,abseiling,k400,0,32,224x224
2211,windsurfing/RE8DQRUgwDM.mp4,windsurfing,k400,0,32,224x224
2212,massaging person's head/MTZ0n6aHqwE.mp4,massaging person's head,k400,0,32,224x224
2213,salsa dancing/pv40rdoN2zE.mp4,salsa dancing,k400,0,32,224x224
2214,playing harp/-UR3K0UubpE.mp4,playing harp,k400,0,32,224x224
2215,balloon blowing/Z37mKNhwzQo.mp4,balloon blowing,k400,0,32,224x224
2216,surfing crowd/-S5SabWEXDw.mp4,surfing crowd,k400,0,32,224x224
2217,using segway/DIPHmrup9Xo.mp4,using segway,k400,0,32,224x224
2218,bench pressing/2qx5RzGoER4.mp4,bench pressing,k400,0,32,224x224
2219,gymnastics tumbling/ojT5ftEujjs.mp4,gymnastics tumbling,k400,0,32,224x224
2220,bungee jumping/mKUTUHJln64.mp4,bungee jumping,k400,0,32,224x224
2221,bowling/ut5KKhn4JSc.mp4,bowling,k400,0,32,224x224
2222,riding scooter/QQmCHXpThcM.mp4,riding scooter,k400,0,32,224x224
2223,contact juggling/kA6ou-T5Y-g.mp4,contact juggling,k400,0,32,224x224
2224,climbing ladder/8f5YwfxYtn4.mp4,climbing ladder,k400,0,32,224x224
2225,squat/oTYQxAr9dEg.mp4,squat,k400,0,32,224x224
2226,zumba/q-EaoZU-kL4.mp4,zumba,k400,0,32,224x224
2227,jumping into pool/6oxymlT4EU8.mp4,jumping into pool,k400,0,32,224x224
2228,playing harp/PDtoXsnumiQ.mp4,playing harp,k400,0,32,224x224
2229,windsurfing/QB4LO-jSG-c.mp4,windsurfing,k400,0,32,224x224
2230,playing ice hockey/2KL9nALTXHw.mp4,playing ice hockey,k400,0,32,224x224
2231,golf chipping/XF_frSfzoCg.mp4,golf chipping,k400,0,32,224x224
2232,cooking chicken/vELljGFwbBI.mp4,cooking chicken,k400,0,32,224x224
2233,abseiling/h4fxmyfMgdU.mp4,abseiling,k400,0,32,224x224
2234,shearing sheep/YDeqwbr5QCo.mp4,shearing sheep,k400,0,32,224x224
2235,playing drums/gcfsrhXP2rg.mp4,playing drums,k400,0,32,224x224
2236,passing American football (not in game)/ciGM3XhHnbk.mp4,passing American football (not in game),k400,0,32,224x224
2237,tango dancing/DVBMZ8U9sK0.mp4,tango dancing,k400,0,32,224x224
2238,swinging legs/QdCedFhLSuw.mp4,swinging legs,k400,0,32,224x224
2239,headbanging/CQBTwIoRD2U.mp4,headbanging,k400,0,32,224x224
2240,folding paper/WizMW_nR1Io.mp4,folding paper,k400,0,32,224x224
2241,catching or throwing frisbee/WMAdXAH9ZJY.mp4,catching or throwing frisbee,k400,0,32,224x224
2242,barbequing/Y4UG6PDN9bc.mp4,barbequing,k400,0,32,224x224
2243,unboxing/hXjmVpC4UBk.mp4,unboxing,k400,0,32,224x224
2244,hopscotch/BUUiRKAN6pc.mp4,hopscotch,k400,0,32,224x224
2245,dancing macarena/Z0POB0cGoAE.mp4,dancing macarena,k400,0,32,224x224
2246,squat/0gtuO--nBy4.mp4,squat,k400,0,32,224x224
2247,slapping/eE5PTZyZDQ0.mp4,slapping,k400,0,32,224x224
2248,knitting/gjjYPlVM2lA.mp4,knitting,k400,0,32,224x224
2249,juggling balls/bCaKFhdU1_0.mp4,juggling balls,k400,0,32,224x224
2250,holding snake/RHNZiRS-4ZI.mp4,holding snake,k400,0,32,224x224
2251,eating hotdog/Utltm8K_MRA.mp4,eating hotdog,k400,0,32,224x224
2252,hopscotch/SZInWQy3Kss.mp4,hopscotch,k400,0,32,224x224
2253,baking cookies/LMvTKYBz-f8.mp4,baking cookies,k400,0,32,224x224
2254,making bed/CTvUAMYCzBI.mp4,making bed,k400,0,32,224x224
2255,ice skating/4Kg3uyTOAHM.mp4,ice skating,k400,0,32,224x224
2256,bartending/9SQ5Bauj-yc.mp4,bartending,k400,0,32,224x224
2257,feeding birds/-KuhSa1TCGE.mp4,feeding birds,k400,0,32,224x224
2258,throwing discus/NsV2qx9X2f8.mp4,throwing discus,k400,0,32,224x224
2259,playing squash or racquetball/vvX4zqGYiC4.mp4,playing squash or racquetball,k400,0,32,224x224
2260,hurling (sport)/dEwWC5Ud5HU.mp4,hurling (sport),k400,0,32,224x224
2261,stretching arm/KI-89H3mmSU.mp4,stretching arm,k400,0,32,224x224
2262,clay pottery making/fvZP9D9ewOk.mp4,clay pottery making,k400,0,32,224x224
2263,dining/sShLHeS2xOo.mp4,dining,k400,0,32,224x224
2264,using remote controller (not gaming)/3R5npPftLys.mp4,using remote controller (not gaming),k400,0,32,224x224
2265,eating burger/bQltJuY0E8g.mp4,eating burger,k400,0,32,224x224
2266,wrapping present/3aVgfNd1ZKc.mp4,wrapping present,k400,0,32,224x224
2267,playing violin/TC7Y7kdVtnc.mp4,playing violin,k400,0,32,224x224
2268,folding paper/gGfKD9S78Ik.mp4,folding paper,k400,0,32,224x224
2269,flying kite/CgTTdptQXb8.mp4,flying kite,k400,0,32,224x224
2270,smoking hookah/P6kEvDm-uGY.mp4,smoking hookah,k400,0,32,224x224
2271,garbage collecting/BQJvL13M5BA.mp4,garbage collecting,k400,0,32,224x224
2272,riding mountain bike/fupYQkgXTl8.mp4,riding mountain bike,k400,0,32,224x224
2273,motorcycling/n1r6QzYTLLU.mp4,motorcycling,k400,0,32,224x224
2274,playing basketball/cKIBTdKQX7M.mp4,playing basketball,k400,0,32,224x224
2275,playing recorder/ICIqbOSJMFY.mp4,playing recorder,k400,0,32,224x224
2276,tobogganing/MjnvopqpoH4.mp4,tobogganing,k400,0,32,224x224
2277,gymnastics tumbling/puDuR8zrjyg.mp4,gymnastics tumbling,k400,0,32,224x224
2278,breakdancing/iL062vix8Z4.mp4,breakdancing,k400,0,32,224x224
2279,bobsledding/xX7KqiAim0k.mp4,bobsledding,k400,0,32,224x224
2280,cutting pineapple/RnjIR83d4qw.mp4,cutting pineapple,k400,0,32,224x224
2281,watering plants/l3BWz5AO3ec.mp4,watering plants,k400,0,32,224x224
2282,dancing ballet/4fXSaBTKcn0.mp4,dancing ballet,k400,0,32,224x224
2283,scuba diving/bSuvChPpwQ0.mp4,scuba diving,k400,0,32,224x224
2284,trimming or shaving beard/Wj7A2ydZMY8.mp4,trimming or shaving beard,k400,0,32,224x224
2285,breakdancing/yMpAbXRC3Ig.mp4,breakdancing,k400,0,32,224x224
2286,somersaulting/bp4c77pUtYM.mp4,somersaulting,k400,0,32,224x224
2287,playing harmonica/ca994tDEBm0.mp4,playing harmonica,k400,0,32,224x224
2288,doing aerobics/svSVrReLnf0.mp4,doing aerobics,k400,0,32,224x224
2289,passing American football (not in game)/6DJb426dksU.mp4,passing American football (not in game),k400,0,32,224x224
2290,laughing/ep-h24MQjGQ.mp4,laughing,k400,0,32,224x224
2291,playing trombone/Wa3pZ_8o5Jw.mp4,playing trombone,k400,0,32,224x224
2292,kissing/M3iPVRXTSRk.mp4,kissing,k400,0,32,224x224
2293,bookbinding/oUqfwG2MjCc.mp4,bookbinding,k400,0,32,224x224
2294,riding elephant/V8f7GIKZVAs.mp4,riding elephant,k400,0,32,224x224
2295,using computer/qJWPr0X_HoA.mp4,using computer,k400,0,32,224x224
2296,egg hunting/AqiFCQB6wj8.mp4,egg hunting,k400,0,32,224x224
2297,contact juggling/d1TYueq6OR0.mp4,contact juggling,k400,0,32,224x224
2298,jumping into pool/3Z_PrzVjJS8.mp4,jumping into pool,k400,0,32,224x224
2299,sailing/iz4xg_HyMo4.mp4,sailing,k400,0,32,224x224
2300,bending back/pFLTzxMDoQg.mp4,bending back,k400,0,32,224x224
2301,making snowman/bAT_wfsHsI0.mp4,making snowman,k400,0,32,224x224
2302,arranging flowers/eOztFpuJbN0.mp4,arranging flowers,k400,0,32,224x224
2303,tapping pen/_7R9xNYr8lY.mp4,tapping pen,k400,0,32,224x224
2304,opening present/33QwJpscXHE.mp4,opening present,k400,0,32,224x224
2305,playing cymbals/AMfBgZnfQEU.mp4,playing cymbals,k400,0,32,224x224
2306,ripping paper/1effP13TOtA.mp4,ripping paper,k400,0,32,224x224
2307,pumping fist/ogsebNnymWc.mp4,pumping fist,k400,0,32,224x224
2308,bench pressing/6KGWfMMrEpA.mp4,bench pressing,k400,0,32,224x224
2309,long jump/HLpWgabfw74.mp4,long jump,k400,0,32,224x224
2310,crying/mk9VNu6e3IE.mp4,crying,k400,0,32,224x224
2311,cleaning floor/-oR2zuU_2-k.mp4,cleaning floor,k400,0,32,224x224
2312,tying knot (not on a tie)/MzV28D-owVo.mp4,tying knot (not on a tie),k400,0,32,224x224
2313,cooking egg/ndUYAPlNI4Y.mp4,cooking egg,k400,0,32,224x224
2314,hopscotch/Ibp54_VjEIc.mp4,hopscotch,k400,0,32,224x224
2315,chopping wood/EgORqgRM54k.mp4,chopping wood,k400,0,32,224x224
2316,jumping into pool/A35nKxBi0ws.mp4,jumping into pool,k400,0,32,224x224
2317,juggling soccer ball/VBqTI_aX1lc.mp4,juggling soccer ball,k400,0,32,224x224
2318,swimming breast stroke/2gnZ2LS15z0.mp4,swimming breast stroke,k400,0,32,224x224
2319,unloading truck/H0HufAuC6Fo.mp4,unloading truck,k400,0,32,224x224
2320,shearing sheep/UpAyxnspuZk.mp4,shearing sheep,k400,0,32,224x224
2321,dodgeball/PKoekpgzbeE.mp4,dodgeball,k400,0,32,224x224
2322,recording music/gkO22OBwvXY.mp4,recording music,k400,0,32,224x224
2323,throwing ball/RvYVfaQ4HCU.mp4,throwing ball,k400,0,32,224x224
2324,sled dog racing/nFw4T9IsluA.mp4,sled dog racing,k400,0,32,224x224
2325,motorcycling/be7rFD3gRyk.mp4,motorcycling,k400,0,32,224x224
2326,bench pressing/IdtGeXGR6a8.mp4,bench pressing,k400,0,32,224x224
2327,wrapping present/3wziVLAwDaQ.mp4,wrapping present,k400,0,32,224x224
2328,drinking beer/vWZ352S1_2E.mp4,drinking beer,k400,0,32,224x224
2329,dodgeball/IrGpATcyWpY.mp4,dodgeball,k400,0,32,224x224
2330,jetskiing/A0O2ZL4ZmHg.mp4,jetskiing,k400,0,32,224x224
2331,playing squash or racquetball/1lMjNySIRtE.mp4,playing squash or racquetball,k400,0,32,224x224
2332,trimming or shaving beard/5zdO4JAviDY.mp4,trimming or shaving beard,k400,0,32,224x224
2333,skateboarding/VdXR63VbTIs.mp4,skateboarding,k400,0,32,224x224
2334,playing basketball/b97yxd4_F_I.mp4,playing basketball,k400,0,32,224x224
2335,arm wrestling/H4nYxksK6Vc.mp4,arm wrestling,k400,0,32,224x224
2336,somersaulting/gVpYDUguu9Y.mp4,somersaulting,k400,0,32,224x224
2337,strumming guitar/DWR5RL4Lzgg.mp4,strumming guitar,k400,0,32,224x224
2338,jetskiing/AgYhFPNR-0c.mp4,jetskiing,k400,0,32,224x224
2339,playing saxophone/dQ6VlkEiUL8.mp4,playing saxophone,k400,0,32,224x224
2340,playing clarinet/4uv8JwOlXM0.mp4,playing clarinet,k400,0,32,224x224
2341,giving or receiving award/SmQHUdpSPJM.mp4,giving or receiving award,k400,0,32,224x224
2342,front raises/W14l7mdjo8M.mp4,front raises,k400,0,32,224x224
2343,archery/yZysRocnbKY.mp4,archery,k400,0,32,224x224
2344,blowing glass/YT1P_YlvQNA.mp4,blowing glass,k400,0,32,224x224
2345,presenting weather forecast/pK3v4lD1qgE.mp4,presenting weather forecast,k400,0,32,224x224
2346,playing cello/MfvwHvXR2dQ.mp4,playing cello,k400,0,32,224x224
2347,riding unicycle/VQ5Vl2puMeU.mp4,riding unicycle,k400,0,32,224x224
2348,reading book/Yos09_K2-J8.mp4,reading book,k400,0,32,224x224
2349,cleaning gutters/jFPnXwICOcc.mp4,cleaning gutters,k400,0,32,224x224
2350,playing violin/hGlkiE-eT3Y.mp4,playing violin,k400,0,32,224x224
2351,deadlifting/SRUFfx2rmDM.mp4,deadlifting,k400,0,32,224x224
2352,flying kite/_6HidsbrUEE.mp4,flying kite,k400,0,32,224x224
2353,cheerleading/H-AimDZ5srI.mp4,cheerleading,k400,0,32,224x224
2354,clean and jerk/cC2wg4mI-B4.mp4,clean and jerk,k400,0,32,224x224
2355,finger snapping/7JAqLmzvlFo.mp4,finger snapping,k400,0,32,224x224
2356,making pizza/iIobSiEyhBw.mp4,making pizza,k400,0,32,224x224
2357,washing hands/6vYdv4ErW9w.mp4,washing hands,k400,0,32,224x224
2358,celebrating/Sc1Qt5-kQYA.mp4,celebrating,k400,0,32,224x224
2359,finger snapping/FUSQwZsgdjw.mp4,finger snapping,k400,0,32,224x224
2360,cleaning floor/xWSiR50htPA.mp4,cleaning floor,k400,0,32,224x224
2361,hammer throw/QCJNRBaOegg.mp4,hammer throw,k400,0,32,224x224
2362,playing paintball/lkBjS6V9AMc.mp4,playing paintball,k400,0,32,224x224
2363,biking through snow/52ME2HnKIb8.mp4,biking through snow,k400,0,32,224x224
2364,reading book/_jSACF07scs.mp4,reading book,k400,0,32,224x224
2365,juggling balls/YKAWHN2NhiA.mp4,juggling balls,k400,0,32,224x224
2366,baking cookies/i8iCCjdTIh8.mp4,baking cookies,k400,0,32,224x224
2367,digging/4HpHFMb4tXs.mp4,digging,k400,0,32,224x224
2368,playing harmonica/O7HGN0658kQ.mp4,playing harmonica,k400,0,32,224x224
2369,punching bag/uFXyeYh69Yc.mp4,punching bag,k400,0,32,224x224
2370,trapezing/iHU2ZxGQN5E.mp4,trapezing,k400,0,32,224x224
2371,water skiing/6q6dywvamjs.mp4,water skiing,k400,0,32,224x224
2372,ice skating/GizGUN68jJA.mp4,ice skating,k400,0,32,224x224
2373,headbutting/yHS0-fW_PPg.mp4,headbutting,k400,0,32,224x224
2374,barbequing/_SeqTpJSWAE.mp4,barbequing,k400,0,32,224x224
2375,salsa dancing/MPSgQytijTo.mp4,salsa dancing,k400,0,32,224x224
2376,applying cream/WKTvvkTnCME.mp4,applying cream,k400,0,32,224x224
2377,reading book/kCKi-TjJD74.mp4,reading book,k400,0,32,224x224
2378,dancing macarena/1XanTenxBNM.mp4,dancing macarena,k400,0,32,224x224
2379,scuba diving/ia8Co7Z536s.mp4,scuba diving,k400,0,32,224x224
2380,brushing teeth/-zbZ50czMbA.mp4,brushing teeth,k400,0,32,224x224
2381,rock climbing/lcOHG3ajkzw.mp4,rock climbing,k400,0,32,224x224
2382,folding clothes/pxH_4BCEVCw.mp4,folding clothes,k400,0,32,224x224
2383,smoking/fJL77I_whDc.mp4,smoking,k400,0,32,224x224
2384,playing cello/px6YE8hSrC4.mp4,playing cello,k400,0,32,224x224
2385,folding paper/c9l4EXzrNjQ.mp4,folding paper,k400,0,32,224x224
2386,tango dancing/sVcMx-uSeNg.mp4,tango dancing,k400,0,32,224x224
2387,playing recorder/ybCc3OE7cWU.mp4,playing recorder,k400,0,32,224x224
2388,scrambling eggs/uMV03NNbMI8.mp4,scrambling eggs,k400,0,32,224x224
2389,sled dog racing/tVPWww64xZ4.mp4,sled dog racing,k400,0,32,224x224
2390,sharpening pencil/bPCQD4TDNOE.mp4,sharpening pencil,k400,0,32,224x224
2391,waxing legs/xnIaOTpwO28.mp4,waxing legs,k400,0,32,224x224
2392,crawling baby/8vhcTZkSJpA.mp4,crawling baby,k400,0,32,224x224
2393,pumping gas/PecizbNmwUE.mp4,pumping gas,k400,0,32,224x224
2394,playing guitar/cED7usYNMFc.mp4,playing guitar,k400,0,32,224x224
2395,moving furniture/UKf01D2yA58.mp4,moving furniture,k400,0,32,224x224
2396,throwing axe/xG4NIGavFa0.mp4,throwing axe,k400,0,32,224x224
2397,folding paper/jI2wUGSxXI0.mp4,folding paper,k400,0,32,224x224
2398,cheerleading/k8DKXieSX1M.mp4,cheerleading,k400,0,32,224x224
2399,high jump/2YfXYEZzYgs.mp4,high jump,k400,0,32,224x224
2400,folding napkins/ytdWzRmGEMY.mp4,folding napkins,k400,0,32,224x224
2401,trapezing/9JE7lFHa5QY.mp4,trapezing,k400,0,32,224x224
2402,crawling baby/JDy8-1M6PEE.mp4,crawling baby,k400,0,32,224x224
2403,faceplanting/B2e186TQyoI.mp4,faceplanting,k400,0,32,224x224
2404,push up/5Lo6qH8gwHE.mp4,push up,k400,0,32,224x224
2405,playing poker/2cgKNvP25vs.mp4,playing poker,k400,0,32,224x224
2406,folding paper/jiy0XbLMTDU.mp4,folding paper,k400,0,32,224x224
2407,doing nails/qbh3RW1P5MA.mp4,doing nails,k400,0,32,224x224
2408,breakdancing/87_N3jVPujU.mp4,breakdancing,k400,0,32,224x224
2409,sharpening pencil/0e0CZ7zAfd8.mp4,sharpening pencil,k400,0,32,224x224
2410,headbanging/emkply3EoTo.mp4,headbanging,k400,0,32,224x224
2411,skiing (not slalom or crosscountry)/JifqR1yezu0.mp4,skiing (not slalom or crosscountry),k400,0,32,224x224
2412,playing monopoly/-R96mIiVupg.mp4,playing monopoly,k400,0,32,224x224
2413,cleaning toilet/8a-HwIL8sts.mp4,cleaning toilet,k400,0,32,224x224
2414,tossing salad/7tdHS_DQRdA.mp4,tossing salad,k400,0,32,224x224
2415,breakdancing/v1oNflzW9n8.mp4,breakdancing,k400,0,32,224x224
2416,ironing/0LHuetA-mbw.mp4,ironing,k400,0,32,224x224
2417,air drumming/NU6rLgL2228.mp4,air drumming,k400,0,32,224x224
2418,punching person (boxing)/1kXqcYgbztk.mp4,punching person (boxing),k400,0,32,224x224
2419,crawling baby/nUScAxsvyF0.mp4,crawling baby,k400,0,32,224x224
2420,riding mountain bike/ZMw0ff1AVN4.mp4,riding mountain bike,k400,0,32,224x224
2421,brushing teeth/sgdv2PYUwwk.mp4,brushing teeth,k400,0,32,224x224
2422,riding elephant/LYojfjCjktw.mp4,riding elephant,k400,0,32,224x224
2423,capoeira/x1llTZmX1nc.mp4,capoeira,k400,0,32,224x224
2424,archery/_UZzwGw2Wf4.mp4,archery,k400,0,32,224x224
2425,waiting in line/ayyQ81ZoIBQ.mp4,waiting in line,k400,0,32,224x224
2426,golf putting/yxWp7bnTsj0.mp4,golf putting,k400,0,32,224x224
2427,presenting weather forecast/RJF-GimEISk.mp4,presenting weather forecast,k400,0,32,224x224
2428,playing ice hockey/asmLmqHNNXM.mp4,playing ice hockey,k400,0,32,224x224
2429,washing hands/uPlTtYxskyg.mp4,washing hands,k400,0,32,224x224
2430,filling eyebrows/VtmJrLTlg-g.mp4,filling eyebrows,k400,0,32,224x224
2431,blowing out candles/Qtj6ndC7zz8.mp4,blowing out candles,k400,0,32,224x224
2432,front raises/_u9swwJWJ5A.mp4,front raises,k400,0,32,224x224
2433,baby waking up/l3X12dUMWZE.mp4,baby waking up,k400,0,32,224x224
2434,snorkeling/M78qgOI5_Gg.mp4,snorkeling,k400,0,32,224x224
2435,weaving basket/xgXS5yBMmjQ.mp4,weaving basket,k400,0,32,224x224
2436,golf putting/fujMzGZoH0E.mp4,golf putting,k400,0,32,224x224
2437,tossing coin/FchGbtAztWU.mp4,tossing coin,k400,0,32,224x224
2438,playing keyboard/qPQpKO8tACY.mp4,playing keyboard,k400,0,32,224x224
2439,news anchoring/N9KHk0oZzIY.mp4,news anchoring,k400,0,32,224x224
2440,tasting beer/OL_jTVir16g.mp4,tasting beer,k400,0,32,224x224
2441,tai chi/AYP6RphA1iA.mp4,tai chi,k400,0,32,224x224
2442,presenting weather forecast/cLbSCzMjHsM.mp4,presenting weather forecast,k400,0,32,224x224
2443,playing cymbals/qpYygcdRrb0.mp4,playing cymbals,k400,0,32,224x224
2444,passing American football (in game)/ogbZ6Nt3Y04.mp4,passing American football (in game),k400,0,32,224x224
2445,crying/m9QndNXcnCU.mp4,crying,k400,0,32,224x224
2446,unboxing/ZCZzLMbYeVI.mp4,unboxing,k400,0,32,224x224
2447,golf putting/vsXW2uf_QxM.mp4,golf putting,k400,0,32,224x224
2448,tying knot (not on a tie)/awNohBOJHgw.mp4,tying knot (not on a tie),k400,0,32,224x224
2449,squat/syKlXFIoz1M.mp4,squat,k400,0,32,224x224
2450,contact juggling/nKH-mco5FlY.mp4,contact juggling,k400,0,32,224x224
2451,playing trombone/q1SDP4GwI_0.mp4,playing trombone,k400,0,32,224x224
2452,petting animal (not cat)/c4kAYJ1d8Ac.mp4,petting animal (not cat),k400,0,32,224x224
2453,snatch weight lifting/o_IihdEQPUI.mp4,snatch weight lifting,k400,0,32,224x224
2454,situp/vKLRojquT80.mp4,situp,k400,0,32,224x224
2455,cleaning floor/KZCkNpAJB7w.mp4,cleaning floor,k400,0,32,224x224
2456,hopscotch/rbcM8k4qm0I.mp4,hopscotch,k400,0,32,224x224
2457,swing dancing/O5AK1V6Bzh0.mp4,swing dancing,k400,0,32,224x224
2458,golf driving/7DwFSmzOP_4.mp4,golf driving,k400,0,32,224x224
2459,riding unicycle/C3j4HFUUiQE.mp4,riding unicycle,k400,0,32,224x224
2460,sniffing/4T7qkYY7LZM.mp4,sniffing,k400,0,32,224x224
2461,changing oil/U9BL3MHzb-g.mp4,changing oil,k400,0,32,224x224
2462,cleaning gutters/6moCn4cxzCw.mp4,cleaning gutters,k400,0,32,224x224
2463,snowkiting/jw2rAAjlJn8.mp4,snowkiting,k400,0,32,224x224
2464,feeding fish/ZlTj4tSPhmA.mp4,feeding fish,k400,0,32,224x224
2465,tango dancing/tf91WKDmQvQ.mp4,tango dancing,k400,0,32,224x224
2466,shredding paper/pmnwY17oGWY.mp4,shredding paper,k400,0,32,224x224
2467,riding camel/19lg_bl0HzY.mp4,riding camel,k400,0,32,224x224
2468,shaking head/KrDhHOeNnKA.mp4,shaking head,k400,0,32,224x224
2469,playing paintball/ef_fy-LgVtU.mp4,playing paintball,k400,0,32,224x224
2470,skiing crosscountry/dO8l92RNR-I.mp4,skiing crosscountry,k400,0,32,224x224
2471,playing harp/BNxCrW1drg0.mp4,playing harp,k400,0,32,224x224
2472,biking through snow/RXGWd2MwBq0.mp4,biking through snow,k400,0,32,224x224
2473,robot dancing/qClB7D9X8Ps.mp4,robot dancing,k400,0,32,224x224
2474,dancing charleston/jVUWvtTRZrQ.mp4,dancing charleston,k400,0,32,224x224
2475,surfing crowd/shMdktM1VM4.mp4,surfing crowd,k400,0,32,224x224
2476,shaving head/xUt-UDRA5GE.mp4,shaving head,k400,0,32,224x224
2477,arranging flowers/b2GqcYTiHdI.mp4,arranging flowers,k400,0,32,224x224
2478,marching/nTH3eEhTVEk.mp4,marching,k400,0,32,224x224
2479,shot put/-Fwy8NwefTk.mp4,shot put,k400,0,32,224x224
2480,hitting baseball/qMVvflj7JuA.mp4,hitting baseball,k400,0,32,224x224
2481,reading book/rMKRDPjzQNM.mp4,reading book,k400,0,32,224x224
2482,skateboarding/Jbj1fvSbmj8.mp4,skateboarding,k400,0,32,224x224
2483,snowkiting/hmxijJ9cHjU.mp4,snowkiting,k400,0,32,224x224
2484,throwing axe/3HWuglD7TpI.mp4,throwing axe,k400,0,32,224x224
2485,washing dishes/1IOA3vBE8tc.mp4,washing dishes,k400,0,32,224x224
2486,blowing glass/BiHGVjMyeZ8.mp4,blowing glass,k400,0,32,224x224
2487,surfing water/CL3JOMvaJ5c.mp4,surfing water,k400,0,32,224x224
2488,changing oil/AXtojjtvhoc.mp4,changing oil,k400,0,32,224x224
2489,passing American football (in game)/8l8TJO8KW1E.mp4,passing American football (in game),k400,0,32,224x224
2490,marching/U0JMwE5ZQe8.mp4,marching,k400,0,32,224x224
2491,playing cricket/KmC0_43iIhs.mp4,playing cricket,k400,0,32,224x224
2492,barbequing/F7VxHBXzLRA.mp4,barbequing,k400,0,32,224x224
2493,headbutting/3VQRiLUcr9A.mp4,headbutting,k400,0,32,224x224
2494,shooting basketball/flGkuegU-_Q.mp4,shooting basketball,k400,0,32,224x224
2495,barbequing/OSu0vovlLSQ.mp4,barbequing,k400,0,32,224x224
2496,making pizza/iIOptaAiok0.mp4,making pizza,k400,0,32,224x224
2497,tying knot (not on a tie)/ZzkdxHcsLaI.mp4,tying knot (not on a tie),k400,0,32,224x224
2498,faceplanting/P-bdnKGeD4g.mp4,faceplanting,k400,0,32,224x224
2499,playing trumpet/0mAr-o3k1-0.mp4,playing trumpet,k400,0,32,224x224
2500,feeding fish/s_di1zi3yyU.mp4,feeding fish,k400,0,32,224x224
2501,testifying/JtBUH6O8P0U.mp4,testifying,k400,0,32,224x224
2502,juggling balls/dUvCDjG8cZ8.mp4,juggling balls,k400,0,32,224x224
2503,playing tennis/annIhj7uHCg.mp4,playing tennis,k400,0,32,224x224
2504,exercising with an exercise ball/q-ek57lLOYI.mp4,exercising with an exercise ball,k400,0,32,224x224
2505,brushing teeth/vUjJ-rG_um0.mp4,brushing teeth,k400,0,32,224x224
2506,sanding floor/2sf9V5CAwuE.mp4,sanding floor,k400,0,32,224x224
2507,dribbling basketball/0g2Mc_WNXCM.mp4,dribbling basketball,k400,0,32,224x224
2508,wrapping present/GAxdwT067oc.mp4,wrapping present,k400,0,32,224x224
2509,walking the dog/ULOFXL02Czo.mp4,walking the dog,k400,0,32,224x224
2510,hitting baseball/X9E5UK53z40.mp4,hitting baseball,k400,0,32,224x224
2511,bungee jumping/Cwmi7PFIzqA.mp4,bungee jumping,k400,0,32,224x224
2512,arm wrestling/C0rS8-OSzHc.mp4,arm wrestling,k400,0,32,224x224
2513,drumming fingers/o3X1sv6btlo.mp4,drumming fingers,k400,0,32,224x224
2514,playing trombone/LFw1jr-IhCA.mp4,playing trombone,k400,0,32,224x224
2515,tobogganing/v3e8cT_Dtb4.mp4,tobogganing,k400,0,32,224x224
2516,passing American football (in game)/jO1y-W_qZAM.mp4,passing American football (in game),k400,0,32,224x224
2517,feeding fish/N-gGGM0RRqE.mp4,feeding fish,k400,0,32,224x224
2518,plastering/JrdAL_wi0wQ.mp4,plastering,k400,0,32,224x224
2519,laughing/UEWlpeVELMc.mp4,laughing,k400,0,32,224x224
2520,carving pumpkin/ITO1tntk1G8.mp4,carving pumpkin,k400,0,32,224x224
2521,gymnastics tumbling/TLnWrD46xbY.mp4,gymnastics tumbling,k400,0,32,224x224
2522,shaving legs/Xn_y62bp1u0.mp4,shaving legs,k400,0,32,224x224
2523,playing trombone/2dHD_8uy668.mp4,playing trombone,k400,0,32,224x224
2524,brushing teeth/god0s05xcq4.mp4,brushing teeth,k400,0,32,224x224
2525,playing chess/pjhvZYZe3Ls.mp4,playing chess,k400,0,32,224x224
2526,headbanging/oYMFoX4pR-o.mp4,headbanging,k400,0,32,224x224
2527,skateboarding/1pS5naVr5u0.mp4,skateboarding,k400,0,32,224x224
2528,drumming fingers/4OJqgwdLtWU.mp4,drumming fingers,k400,0,32,224x224
2529,bending back/5ZAGxs_bHeA.mp4,bending back,k400,0,32,224x224
2530,shearing sheep/jtQLDZeYr9o.mp4,shearing sheep,k400,0,32,224x224
2531,playing cello/01UETgu-H60.mp4,playing cello,k400,0,32,224x224
2532,spray painting/EnpiA05Ce4Y.mp4,spray painting,k400,0,32,224x224
2533,brush painting/uYH56xRtBpk.mp4,brush painting,k400,0,32,224x224
2534,slacklining/8jzRKCFAaZE.mp4,slacklining,k400,0,32,224x224
2535,spray painting/M4M4B1ax1h0.mp4,spray painting,k400,0,32,224x224
2536,riding or walking with horse/sXbLp3ju61o.mp4,riding or walking with horse,k400,0,32,224x224
2537,tango dancing/tf9WbiDYcvw.mp4,tango dancing,k400,0,32,224x224
2538,crossing river/cJI_ePTN8Wg.mp4,crossing river,k400,0,32,224x224
2539,pull ups/Fpz2K4_bXW4.mp4,pull ups,k400,0,32,224x224
2540,trimming trees/7IJzqCVWUrU.mp4,trimming trees,k400,0,32,224x224
2541,snowkiting/-KyTIESscnU.mp4,snowkiting,k400,0,32,224x224
2542,sword fighting/iZw0TbUmdGQ.mp4,sword fighting,k400,0,32,224x224
2543,playing keyboard/j4g3ZTth1oI.mp4,playing keyboard,k400,0,32,224x224
2544,shining shoes/E5-nRti5VEg.mp4,shining shoes,k400,0,32,224x224
2545,shaking head/5Pb6ewhPG28.mp4,shaking head,k400,0,32,224x224
2546,bending metal/i4P_d0ZSnjw.mp4,bending metal,k400,0,32,224x224
2547,playing xylophone/Aiyhq1HRrLw.mp4,playing xylophone,k400,0,32,224x224
2548,wrestling/In31T9OriNY.mp4,wrestling,k400,0,32,224x224
2549,carrying baby/uNaPhZsfh9s.mp4,carrying baby,k400,0,32,224x224
2550,hurling (sport)/d-WIGqdqE94.mp4,hurling (sport),k400,0,32,224x224
2551,beatboxing/3WrohXQZbhg.mp4,beatboxing,k400,0,32,224x224
2552,feeding birds/-C5aPmkmjA4.mp4,feeding birds,k400,0,32,224x224
2553,ice skating/4eDNCqQpt-0.mp4,ice skating,k400,0,32,224x224
2554,biking through snow/2ubPIbXBUHw.mp4,biking through snow,k400,0,32,224x224
2555,riding unicycle/pu1i3Z_XY8A.mp4,riding unicycle,k400,0,32,224x224
2556,filling eyebrows/NIUo_waBiqc.mp4,filling eyebrows,k400,0,32,224x224
2557,throwing discus/Neke9_55FKw.mp4,throwing discus,k400,0,32,224x224
2558,folding paper/dzd0Skpp6Uw.mp4,folding paper,k400,0,32,224x224
2559,spinning poi/caZl8Bpb3LQ.mp4,spinning poi,k400,0,32,224x224
2560,weaving basket/6ByuTGam1EY.mp4,weaving basket,k400,0,32,224x224
2561,welding/e3Mz-RVSgbc.mp4,welding,k400,0,32,224x224
2562,tossing coin/h16JqPP2s-k.mp4,tossing coin,k400,0,32,224x224
2563,flying kite/ysCnl2RFlsU.mp4,flying kite,k400,0,32,224x224
2564,high jump/Ob7AkwzmEbA.mp4,high jump,k400,0,32,224x224
2565,climbing tree/Ll786AgnJB0.mp4,climbing tree,k400,0,32,224x224
2566,balloon blowing/DjcTQZeLYMI.mp4,balloon blowing,k400,0,32,224x224
2567,milking cow/wHr4pPbWG9s.mp4,milking cow,k400,0,32,224x224
2568,singing/qI-2ZO7Yld4.mp4,singing,k400,0,32,224x224
2569,chopping wood/EDPJeGjKQQk.mp4,chopping wood,k400,0,32,224x224
2570,washing dishes/mlIYLnLMreo.mp4,washing dishes,k400,0,32,224x224
2571,folding paper/UFYBmdTy3h4.mp4,folding paper,k400,0,32,224x224
2572,skiing slalom/qRJSkifK7xM.mp4,skiing slalom,k400,0,32,224x224
2573,dying hair/iAN7NsGNUnE.mp4,dying hair,k400,0,32,224x224
2574,ice climbing/CwGCTbTpxAw.mp4,ice climbing,k400,0,32,224x224
2575,juggling soccer ball/6Cz3Fj8su_k.mp4,juggling soccer ball,k400,0,32,224x224
2576,playing didgeridoo/7I0UzTWy2jw.mp4,playing didgeridoo,k400,0,32,224x224
2577,pumping fist/rND65Hx7a0A.mp4,pumping fist,k400,0,32,224x224
2578,dunking basketball/RcSEcbBq2Eg.mp4,dunking basketball,k400,0,32,224x224
2579,krumping/GE6tyMAB--A.mp4,krumping,k400,0,32,224x224
2580,cooking chicken/vswonsuMfiw.mp4,cooking chicken,k400,0,32,224x224
2581,plastering/NpeJ2ja5jWY.mp4,plastering,k400,0,32,224x224
2582,playing guitar/cKDP3W_db7Q.mp4,playing guitar,k400,0,32,224x224
2583,water skiing/jiuBUtBjB4E.mp4,water skiing,k400,0,32,224x224
2584,tai chi/AsfiAIl25M4.mp4,tai chi,k400,0,32,224x224
2585,driving car/RLYm5008dxA.mp4,driving car,k400,0,32,224x224
2586,reading book/IDKI6Q_47yg.mp4,reading book,k400,0,32,224x224
2587,shooting basketball/E17GVJSZFII.mp4,shooting basketball,k400,0,32,224x224
2588,riding unicycle/QahklYgod5U.mp4,riding unicycle,k400,0,32,224x224
2589,flying kite/g037zAMRU6w.mp4,flying kite,k400,0,32,224x224
2590,ironing/PIQ1-6UUPgU.mp4,ironing,k400,0,32,224x224
2591,hoverboarding/ghC4HE1BUF0.mp4,hoverboarding,k400,0,32,224x224
2592,doing laundry/x3pyYNrViag.mp4,doing laundry,k400,0,32,224x224
2593,roller skating/_R9Rm3Wt4pM.mp4,roller skating,k400,0,32,224x224
2594,blowing glass/_IylnH58c0g.mp4,blowing glass,k400,0,32,224x224
2595,reading book/DZKllGLpxig.mp4,reading book,k400,0,32,224x224
2596,waxing chest/Xyh2nDBU8t4.mp4,waxing chest,k400,0,32,224x224
2597,rock scissors paper/85gDTTs4cGc.mp4,rock scissors paper,k400,0,32,224x224
2598,massaging legs/1j3zmFZYPX8.mp4,massaging legs,k400,0,32,224x224
2599,eating ice cream/Hr27kP02nUk.mp4,eating ice cream,k400,0,32,224x224
2600,grooming horse/U2ydDunergM.mp4,grooming horse,k400,0,32,224x224
2601,riding elephant/3TvGuVBXCIo.mp4,riding elephant,k400,0,32,224x224
2602,riding or walking with horse/K5SffWFW8No.mp4,riding or walking with horse,k400,0,32,224x224
2603,blowing glass/tbi9LRWr_30.mp4,blowing glass,k400,0,32,224x224
2604,sanding floor/JhnG3p-znrM.mp4,sanding floor,k400,0,32,224x224
2605,recording music/ibJWVNCB8OI.mp4,recording music,k400,0,32,224x224
2606,playing ukulele/122texA_m_4.mp4,playing ukulele,k400,0,32,224x224
2607,playing guitar/bB5-Ucb4V4k.mp4,playing guitar,k400,0,32,224x224
2608,pushing car/2fYHvIIGFZE.mp4,pushing car,k400,0,32,224x224
2609,cutting nails/m_3DSP3WOFM.mp4,cutting nails,k400,0,32,224x224
2610,swimming backstroke/FlxTxaDph7o.mp4,swimming backstroke,k400,0,32,224x224
2611,cooking chicken/7KMQtSGF_mg.mp4,cooking chicken,k400,0,32,224x224
2612,massaging person's head/9m2vveJtrN8.mp4,massaging person's head,k400,0,32,224x224
2613,using segway/ufVMIBk00eA.mp4,using segway,k400,0,32,224x224
2614,weaving basket/ONUTCCYoMuE.mp4,weaving basket,k400,0,32,224x224
2615,playing didgeridoo/A2Yuyh3PZWY.mp4,playing didgeridoo,k400,0,32,224x224
2616,brushing hair/WByeizHUOYU.mp4,brushing hair,k400,0,32,224x224
2617,hockey stop/FDJ6F8YYBnE.mp4,hockey stop,k400,0,32,224x224
2618,reading book/fEYEubudQWQ.mp4,reading book,k400,0,32,224x224
2619,belly dancing/7g-9PqgEFp0.mp4,belly dancing,k400,0,32,224x224
2620,parkour/gTqedSdvy4o.mp4,parkour,k400,0,32,224x224
2621,opening bottle/2Wi4roT2Tyw.mp4,opening bottle,k400,0,32,224x224
2622,dancing charleston/HKALdh-wTnk.mp4,dancing charleston,k400,0,32,224x224
2623,tap dancing/8qavH7izpZ8.mp4,tap dancing,k400,0,32,224x224
2624,climbing tree/VMSSa40oEz0.mp4,climbing tree,k400,0,32,224x224
2625,eating spaghetti/-MytqRwRwBg.mp4,eating spaghetti,k400,0,32,224x224
2626,writing/NDA_Rd8CVTA.mp4,writing,k400,0,32,224x224
2627,feeding fish/CxOPJ716eBI.mp4,feeding fish,k400,0,32,224x224
2628,petting cat/EOP3M5DbkSg.mp4,petting cat,k400,0,32,224x224
2629,ice climbing/tcQFYwdcUBo.mp4,ice climbing,k400,0,32,224x224
2630,hammer throw/VVw4q37-UNs.mp4,hammer throw,k400,0,32,224x224
2631,lunge/8J8anOuz2l8.mp4,lunge,k400,0,32,224x224
2632,tying knot (not on a tie)/PmzVECc71lw.mp4,tying knot (not on a tie),k400,0,32,224x224
2633,welding/b8K1T7NYYDQ.mp4,welding,k400,0,32,224x224
2634,hurling (sport)/uo_X_sfeDXs.mp4,hurling (sport),k400,0,32,224x224
2635,ripping paper/lhWW9vm2DuE.mp4,ripping paper,k400,0,32,224x224
2636,playing controller/Z6XDoBEA06s.mp4,playing controller,k400,0,32,224x224
2637,punching bag/gYxXKQwdwR0.mp4,punching bag,k400,0,32,224x224
2638,playing bass guitar/Khef1VT8bmY.mp4,playing bass guitar,k400,0,32,224x224
2639,playing ukulele/DaFkNHlzE6A.mp4,playing ukulele,k400,0,32,224x224
2640,archery/bxXUTIz-UiQ.mp4,archery,k400,0,32,224x224
2641,squat/-KJQB9sHOao.mp4,squat,k400,0,32,224x224
2642,tying knot (not on a tie)/BPiT1M27ccA.mp4,tying knot (not on a tie),k400,0,32,224x224
2643,doing nails/u23aBUjtaeE.mp4,doing nails,k400,0,32,224x224
2644,climbing ladder/-1KMJ1BZ2mU.mp4,climbing ladder,k400,0,32,224x224
2645,finger snapping/7IpbJt2RTFc.mp4,finger snapping,k400,0,32,224x224
2646,massaging back/e4dTOOU9DxI.mp4,massaging back,k400,0,32,224x224
2647,tap dancing/r7c8VftCqkY.mp4,tap dancing,k400,0,32,224x224
2648,salsa dancing/08tiN96FebU.mp4,salsa dancing,k400,0,32,224x224
2649,hurling (sport)/Od18Ds1GYKw.mp4,hurling (sport),k400,0,32,224x224
2650,capoeira/aL1PY_tUhzs.mp4,capoeira,k400,0,32,224x224
2651,jetskiing/dva-SkzEKZM.mp4,jetskiing,k400,0,32,224x224
2652,playing paintball/wjyeHm53ba8.mp4,playing paintball,k400,0,32,224x224
2653,blowing out candles/dLWeEi6f1HM.mp4,blowing out candles,k400,0,32,224x224
2654,long jump/vwjt1r2_o3A.mp4,long jump,k400,0,32,224x224
2655,pull ups/_M8NHO7tb1I.mp4,pull ups,k400,0,32,224x224
2656,tango dancing/yPCdA5HoDfk.mp4,tango dancing,k400,0,32,224x224
2657,washing feet/nzm9ohud3ls.mp4,washing feet,k400,0,32,224x224
2658,canoeing or kayaking/i-Ik7zxrdk8.mp4,canoeing or kayaking,k400,0,32,224x224
2659,dying hair/7fuzfzxU9aQ.mp4,dying hair,k400,0,32,224x224
2660,roller skating/Hsec6wbTzpM.mp4,roller skating,k400,0,32,224x224
2661,abseiling/QynzC6ptRcQ.mp4,abseiling,k400,0,32,224x224
2662,filling eyebrows/U4lajZWeEyE.mp4,filling eyebrows,k400,0,32,224x224
2663,eating spaghetti/C543vvccwxs.mp4,eating spaghetti,k400,0,32,224x224
2664,riding mechanical bull/PjW3mSOjim8.mp4,riding mechanical bull,k400,0,32,224x224
2665,changing oil/nZk1V13mvzk.mp4,changing oil,k400,0,32,224x224
2666,playing guitar/IiqcRUUC9X8.mp4,playing guitar,k400,0,32,224x224
2667,playing recorder/39203HiMArg.mp4,playing recorder,k400,0,32,224x224
2668,reading book/e9EdYSIE4Jk.mp4,reading book,k400,0,32,224x224
2669,blowing glass/qIQ11Rmv5Zs.mp4,blowing glass,k400,0,32,224x224
2670,javelin throw/HD1xWkaDOmc.mp4,javelin throw,k400,0,32,224x224
2671,dancing ballet/eU7RGooUXWA.mp4,dancing ballet,k400,0,32,224x224
2672,shaking head/3-o9lQQ9Kq8.mp4,shaking head,k400,0,32,224x224
2673,kicking field goal/6X65rDxz53Q.mp4,kicking field goal,k400,0,32,224x224
2674,cooking chicken/5LABFsXbiUE.mp4,cooking chicken,k400,0,32,224x224
2675,skydiving/hXsiW0JRmJI.mp4,skydiving,k400,0,32,224x224
2676,surfing crowd/4TQNmvbt8FE.mp4,surfing crowd,k400,0,32,224x224
2677,playing squash or racquetball/AixBCPv8NUs.mp4,playing squash or racquetball,k400,0,32,224x224
2678,canoeing or kayaking/VZl_f-qdQes.mp4,canoeing or kayaking,k400,0,32,224x224
2679,throwing axe/lJFpSjaNAOI.mp4,throwing axe,k400,0,32,224x224
2680,playing piano/H8Sn1q5V03E.mp4,playing piano,k400,0,32,224x224
2681,tying knot (not on a tie)/LHdnON7SaI4.mp4,tying knot (not on a tie),k400,0,32,224x224
2682,singing/2DOgZo0qMnU.mp4,singing,k400,0,32,224x224
2683,shaving head/IzyYtI9D32A.mp4,shaving head,k400,0,32,224x224
2684,playing cymbals/TUbw13ut2yc.mp4,playing cymbals,k400,0,32,224x224
2685,riding elephant/Ucil-D7sQeM.mp4,riding elephant,k400,0,32,224x224
2686,playing harp/82m0LQFAako.mp4,playing harp,k400,0,32,224x224
2687,ski jumping/Xoy28PgrXBQ.mp4,ski jumping,k400,0,32,224x224
2688,jetskiing/UvuDvSrFDYc.mp4,jetskiing,k400,0,32,224x224
2689,sign language interpreting/HWpJ4NrPuCY.mp4,sign language interpreting,k400,0,32,224x224
2690,tai chi/yxn98GScGds.mp4,tai chi,k400,0,32,224x224
2691,playing tennis/KolMm2XQpNw.mp4,playing tennis,k400,0,32,224x224
2692,petting cat/6IOiyyPnAKQ.mp4,petting cat,k400,0,32,224x224
2693,snorkeling/7BHJk2OOTRU.mp4,snorkeling,k400,0,32,224x224
2694,playing didgeridoo/1ptGIodf644.mp4,playing didgeridoo,k400,0,32,224x224
2695,playing bagpipes/QZMRcFokTeA.mp4,playing bagpipes,k400,0,32,224x224
2696,scuba diving/wecMjgVY3zA.mp4,scuba diving,k400,0,32,224x224
2697,pushing car/jgxy8xDT_Q0.mp4,pushing car,k400,0,32,224x224
2698,bench pressing/d_H4yEti67g.mp4,bench pressing,k400,0,32,224x224
2699,skateboarding/C9f-snDDvzU.mp4,skateboarding,k400,0,32,224x224
2700,trimming or shaving beard/AUPs7Ukfc1I.mp4,trimming or shaving beard,k400,0,32,224x224
2701,playing basketball/hDUkhLUBsvk.mp4,playing basketball,k400,0,32,224x224
2702,playing cello/xz12lw-5_g0.mp4,playing cello,k400,0,32,224x224
2703,dancing macarena/5AP6XqSHTDM.mp4,dancing macarena,k400,0,32,224x224
2704,trapezing/DwraO9ywqVg.mp4,trapezing,k400,0,32,224x224
2705,playing volleyball/DGFNowb26wk.mp4,playing volleyball,k400,0,32,224x224
2706,playing tennis/7uUL8ELhnp8.mp4,playing tennis,k400,0,32,224x224
2707,cooking chicken/icrZ_xT21Lo.mp4,cooking chicken,k400,0,32,224x224
2708,playing paintball/Y0-JZGh48f4.mp4,playing paintball,k400,0,32,224x224
2709,washing feet/a7EndjKoOmA.mp4,washing feet,k400,0,32,224x224
2710,beatboxing/InFfcFvIu-A.mp4,beatboxing,k400,0,32,224x224
2711,surfing water/Le3SZ6xLR_c.mp4,surfing water,k400,0,32,224x224
2712,drinking shots/WvIpEz5yXvg.mp4,drinking shots,k400,0,32,224x224
2713,trimming or shaving beard/5OO0WSMlcO8.mp4,trimming or shaving beard,k400,0,32,224x224
2714,milking cow/MpfswgeY4Dg.mp4,milking cow,k400,0,32,224x224
2715,tickling/Ky6xsUW1Fao.mp4,tickling,k400,0,32,224x224
2716,feeding birds/Q8h2WPsC1P8.mp4,feeding birds,k400,0,32,224x224
2717,bungee jumping/w6gT7DTXf2c.mp4,bungee jumping,k400,0,32,224x224
2718,feeding birds/DssK8C9eesY.mp4,feeding birds,k400,0,32,224x224
2719,making a sandwich/9UjHIMY55Tc.mp4,making a sandwich,k400,0,32,224x224
2720,climbing tree/x9M76ZFMTRY.mp4,climbing tree,k400,0,32,224x224
2721,krumping/B0gowTrtFMU.mp4,krumping,k400,0,32,224x224
2722,playing chess/wCd-00qUARE.mp4,playing chess,k400,0,32,224x224
2723,krumping/esrpY2ETwaY.mp4,krumping,k400,0,32,224x224
2724,making pizza/U-4jj_-YELU.mp4,making pizza,k400,0,32,224x224
2725,changing wheel/3BNVgA_GLfo.mp4,changing wheel,k400,0,32,224x224
2726,brush painting/XKcVLbwGryg.mp4,brush painting,k400,0,32,224x224
2727,ice skating/1C8QxwE5mao.mp4,ice skating,k400,0,32,224x224
2728,arm wrestling/JDxDauNf62M.mp4,arm wrestling,k400,0,32,224x224
2729,swimming backstroke/sVe7f-y8Fbk.mp4,swimming backstroke,k400,0,32,224x224
2730,gymnastics tumbling/GFdGjJUEjaw.mp4,gymnastics tumbling,k400,0,32,224x224
2731,push up/ePufqKBEmUI.mp4,push up,k400,0,32,224x224
2732,bench pressing/mW1oYPdTYg8.mp4,bench pressing,k400,0,32,224x224
2733,dodgeball/qk21kVp539g.mp4,dodgeball,k400,0,32,224x224
2734,climbing tree/JGh1fMvFs7k.mp4,climbing tree,k400,0,32,224x224
2735,bungee jumping/iyT9zLaGqqA.mp4,bungee jumping,k400,0,32,224x224
2736,breakdancing/eHsi3GWMX3s.mp4,breakdancing,k400,0,32,224x224
2737,beatboxing/bOSKSwkdfoY.mp4,beatboxing,k400,0,32,224x224
2738,disc golfing/8jQ7xDXBa8o.mp4,disc golfing,k400,0,32,224x224
2739,jumping into pool/8-3k3iZr_OY.mp4,jumping into pool,k400,0,32,224x224
2740,clean and jerk/_ai0rs08uHQ.mp4,clean and jerk,k400,0,32,224x224
2741,eating spaghetti/uGzRD5YCHL0.mp4,eating spaghetti,k400,0,32,224x224
2742,cleaning gutters/CgrWsBIa27w.mp4,cleaning gutters,k400,0,32,224x224
2743,mowing lawn/28XTaKmiYI8.mp4,mowing lawn,k400,0,32,224x224
2744,playing xylophone/R_8xwBq7AoI.mp4,playing xylophone,k400,0,32,224x224
2745,doing nails/cz8-LSnz4NI.mp4,doing nails,k400,0,32,224x224
2746,gymnastics tumbling/lAPoIfezrzM.mp4,gymnastics tumbling,k400,0,32,224x224
2747,shuffling cards/lhnu6sdGsd8.mp4,shuffling cards,k400,0,32,224x224
2748,rock climbing/RPWtISCxbGY.mp4,rock climbing,k400,0,32,224x224
2749,making sushi/TBMcAMne3Jc.mp4,making sushi,k400,0,32,224x224
2750,slacklining/XMG_6KB8lxY.mp4,slacklining,k400,0,32,224x224
2751,whistling/KD_YRnuuKyY.mp4,whistling,k400,0,32,224x224
2752,playing didgeridoo/l0QYKLu0Ns0.mp4,playing didgeridoo,k400,0,32,224x224
2753,eating carrots/581gZgQBgj8.mp4,eating carrots,k400,0,32,224x224
2754,cheerleading/1BStfu5yDVI.mp4,cheerleading,k400,0,32,224x224
2755,watering plants/SRqhvb6Tons.mp4,watering plants,k400,0,32,224x224
2756,catching or throwing frisbee/_mAeoCNKeZE.mp4,catching or throwing frisbee,k400,0,32,224x224
2757,playing ice hockey/I8gvwZlz7Us.mp4,playing ice hockey,k400,0,32,224x224
2758,braiding hair/IFsfaEjQ0kY.mp4,braiding hair,k400,0,32,224x224
2759,dodgeball/yzm0CEu2G8k.mp4,dodgeball,k400,0,32,224x224
2760,somersaulting/zrCCMmbyOq8.mp4,somersaulting,k400,0,32,224x224
2761,feeding goats/5u8-WKTjt7E.mp4,feeding goats,k400,0,32,224x224
2762,high kick/7XwM9PUOZEk.mp4,high kick,k400,0,32,224x224
2763,stretching leg/2cUttHKn4mo.mp4,stretching leg,k400,0,32,224x224
2764,hurling (sport)/aSVYxXnxaac.mp4,hurling (sport),k400,0,32,224x224
2765,slapping/9zSlEiDSvYI.mp4,slapping,k400,0,32,224x224
2766,walking the dog/Q0VXRZWQvpY.mp4,walking the dog,k400,0,32,224x224
2767,snowkiting/421i19AgwFg.mp4,snowkiting,k400,0,32,224x224
2768,playing piano/XikY1iWv4-4.mp4,playing piano,k400,0,32,224x224
2769,playing monopoly/Mh41k4GvpXE.mp4,playing monopoly,k400,0,32,224x224
2770,eating doughnuts/dkN9dY5bZ1U.mp4,eating doughnuts,k400,0,32,224x224
2771,sharpening knives/UQcv77SDJG4.mp4,sharpening knives,k400,0,32,224x224
2772,frying vegetables/dsNwv6tsR68.mp4,frying vegetables,k400,0,32,224x224
2773,chopping wood/F5Q9YYRvJFg.mp4,chopping wood,k400,0,32,224x224
2774,giving or receiving award/LUkrMckP4EI.mp4,giving or receiving award,k400,0,32,224x224
2775,spray painting/3q1GBFuMZ6Y.mp4,spray painting,k400,0,32,224x224
2776,washing hands/GBNK1aMSwoE.mp4,washing hands,k400,0,32,224x224
2777,changing wheel/g-Wv2ZKoWbU.mp4,changing wheel,k400,0,32,224x224
2778,opening bottle/nAUU3ar0SbA.mp4,opening bottle,k400,0,32,224x224
2779,feeding fish/YBx0O9lMQAc.mp4,feeding fish,k400,0,32,224x224
2780,waxing chest/XoECLCYXHJs.mp4,waxing chest,k400,0,32,224x224
2781,snowmobiling/XbUbHDd8NKo.mp4,snowmobiling,k400,0,32,224x224
2782,shoveling snow/-RJjabrlrjU.mp4,shoveling snow,k400,0,32,224x224
2783,dining/Tl5p7Q_4SYA.mp4,dining,k400,0,32,224x224
2784,opening bottle/SrzPuu_K-vw.mp4,opening bottle,k400,0,32,224x224
2785,playing bagpipes/RQkdt3dFKeI.mp4,playing bagpipes,k400,0,32,224x224
2786,canoeing or kayaking/_PKp8lt6pc0.mp4,canoeing or kayaking,k400,0,32,224x224
2787,rock scissors paper/jDFnViSc30g.mp4,rock scissors paper,k400,0,32,224x224
2788,riding or walking with horse/T2mQMVXlGu8.mp4,riding or walking with horse,k400,0,32,224x224
2789,wrapping present/hyxpNqN9rPo.mp4,wrapping present,k400,0,32,224x224
2790,playing recorder/oy1iFgiFcVo.mp4,playing recorder,k400,0,32,224x224
2791,diving cliff/gYsWoqNsU6w.mp4,diving cliff,k400,0,32,224x224
2792,using remote controller (not gaming)/qXgO9qDDAyo.mp4,using remote controller (not gaming),k400,0,32,224x224
2793,shining shoes/vcziFhyuUKs.mp4,shining shoes,k400,0,32,224x224
2794,slapping/lfaC80ZMBgs.mp4,slapping,k400,0,32,224x224
2795,swimming backstroke/mt-PfZKrJDY.mp4,swimming backstroke,k400,0,32,224x224
2796,tossing coin/MZc3VD214OU.mp4,tossing coin,k400,0,32,224x224
2797,dancing gangnam style/icFY46A9Zdg.mp4,dancing gangnam style,k400,0,32,224x224
2798,presenting weather forecast/lN6lkjNTjOk.mp4,presenting weather forecast,k400,0,32,224x224
2799,sharpening pencil/-4GdVLFjMEQ.mp4,sharpening pencil,k400,0,32,224x224
2800,shaving head/xXEp-xceYzo.mp4,shaving head,k400,0,32,224x224
2801,cleaning floor/9sO_NiKDVUE.mp4,cleaning floor,k400,0,32,224x224
2802,reading book/yLFqiEkgxqw.mp4,reading book,k400,0,32,224x224
2803,situp/XNeIBBYQ_AA.mp4,situp,k400,0,32,224x224
2804,ski jumping/WCWb2tDtsJg.mp4,ski jumping,k400,0,32,224x224
2805,snatch weight lifting/WNsjKv5Dvig.mp4,snatch weight lifting,k400,0,32,224x224
2806,situp/Ks8ID7tc9Gw.mp4,situp,k400,0,32,224x224
2807,ice climbing/Kj13HBdvySc.mp4,ice climbing,k400,0,32,224x224
2808,swinging on something/QMkdHho1I6o.mp4,swinging on something,k400,0,32,224x224
2809,blowing nose/IXUT9ttlaYA.mp4,blowing nose,k400,0,32,224x224
2810,exercising with an exercise ball/Z-x3lFuf2gg.mp4,exercising with an exercise ball,k400,0,32,224x224
2811,reading book/V_mfk5uAJYY.mp4,reading book,k400,0,32,224x224
2812,kissing/_CoBSDRUk9g.mp4,kissing,k400,0,32,224x224
2813,hockey stop/mfFWBvtajcs.mp4,hockey stop,k400,0,32,224x224
2814,sniffing/QHgeYxjdFww.mp4,sniffing,k400,0,32,224x224
2815,unboxing/ctVqYpcnaZQ.mp4,unboxing,k400,0,32,224x224
2816,golf driving/n9AelAAeoOE.mp4,golf driving,k400,0,32,224x224
2817,situp/Qlawx8bKfGU.mp4,situp,k400,0,32,224x224
2818,texting/sjY0jwz7w5A.mp4,texting,k400,0,32,224x224
2819,passing American football (not in game)/AGnSy2VWex0.mp4,passing American football (not in game),k400,0,32,224x224
2820,drinking/NVedGeVPc30.mp4,drinking,k400,0,32,224x224
2821,playing basketball/Dkhp6VHgsbM.mp4,playing basketball,k400,0,32,224x224
2822,folding paper/_SeaT8j9gDI.mp4,folding paper,k400,0,32,224x224
2823,crawling baby/6K4f_DCDJTw.mp4,crawling baby,k400,0,32,224x224
2824,eating hotdog/fXcvRMG8yMw.mp4,eating hotdog,k400,0,32,224x224
2825,sword fighting/WUOjDFFtdG4.mp4,sword fighting,k400,0,32,224x224
2826,tapping pen/BOEm4U5LBv4.mp4,tapping pen,k400,0,32,224x224
2827,clean and jerk/PT7ZH6Lks6U.mp4,clean and jerk,k400,0,32,224x224
2828,bouncing on trampoline/ifriagxyPbw.mp4,bouncing on trampoline,k400,0,32,224x224
2829,climbing a rope/HkSUcLPcufI.mp4,climbing a rope,k400,0,32,224x224
2830,riding mountain bike/wlFEtkWegHo.mp4,riding mountain bike,k400,0,32,224x224
2831,moving furniture/cjzQSX0tQXQ.mp4,moving furniture,k400,0,32,224x224
2832,unboxing/X6Id5eOcssY.mp4,unboxing,k400,0,32,224x224
2833,giving or receiving award/Oxe8beZkZws.mp4,giving or receiving award,k400,0,32,224x224
2834,juggling fire/FlIfJHY8qBE.mp4,juggling fire,k400,0,32,224x224
2835,squat/RYyh_kfvBJQ.mp4,squat,k400,0,32,224x224
2836,blowing nose/BzBzZex76Ec.mp4,blowing nose,k400,0,32,224x224
2837,marching/rCEnbCUpIQ4.mp4,marching,k400,0,32,224x224
2838,slacklining/o0yHKGdRjPc.mp4,slacklining,k400,0,32,224x224
2839,bench pressing/b6iPWk8JxP4.mp4,bench pressing,k400,0,32,224x224
2840,motorcycling/JrMkf4sdhmc.mp4,motorcycling,k400,0,32,224x224
2841,swinging on something/WFCL21EwMW0.mp4,swinging on something,k400,0,32,224x224
2842,dancing macarena/3UJNvTzO7Ww.mp4,dancing macarena,k400,0,32,224x224
2843,pushing cart/jqeP8y1tixk.mp4,pushing cart,k400,0,32,224x224
2844,triple jump/1vvWZZJcFUM.mp4,triple jump,k400,0,32,224x224
2845,making bed/_F0Q6c4Rt2w.mp4,making bed,k400,0,32,224x224
2846,parasailing/BStgonMS0oU.mp4,parasailing,k400,0,32,224x224
2847,pushing car/FfnT5jrM0Ag.mp4,pushing car,k400,0,32,224x224
2848,carrying baby/g9YrRZH2TAo.mp4,carrying baby,k400,0,32,224x224
2849,cleaning windows/Rczg7AOVajw.mp4,cleaning windows,k400,0,32,224x224
2850,waxing back/IQzX9O6W-2g.mp4,waxing back,k400,0,32,224x224
2851,making a cake/Kwh3zOUU-uY.mp4,making a cake,k400,0,32,224x224
2852,hula hooping/-ZARZm1vU34.mp4,hula hooping,k400,0,32,224x224
2853,shearing sheep/Ey-1RxrRUzE.mp4,shearing sheep,k400,0,32,224x224
2854,tying tie/7bID2fyMelk.mp4,tying tie,k400,0,32,224x224
2855,zumba/rOUUpRe4mpU.mp4,zumba,k400,0,32,224x224
2856,grooming dog/MEJHsm7onXA.mp4,grooming dog,k400,0,32,224x224
2857,skateboarding/cqNDUllQzjw.mp4,skateboarding,k400,0,32,224x224
2858,sticking tongue out/2zZ--V-TUGU.mp4,sticking tongue out,k400,0,32,224x224
2859,laughing/1wQX9m-gEi4.mp4,laughing,k400,0,32,224x224
2860,baby waking up/Q-EOz8QWnsY.mp4,baby waking up,k400,0,32,224x224
2861,playing harmonica/4rneeFYSdvM.mp4,playing harmonica,k400,0,32,224x224
2862,playing keyboard/CfOws0v03BA.mp4,playing keyboard,k400,0,32,224x224
2863,passing American football (in game)/hyd0Q38n0Yc.mp4,passing American football (in game),k400,0,32,224x224
2864,skateboarding/WWmxyLDFBPk.mp4,skateboarding,k400,0,32,224x224
2865,brushing hair/exvIojdanvk.mp4,brushing hair,k400,0,32,224x224
2866,dancing ballet/S7vIaot8QjI.mp4,dancing ballet,k400,0,32,224x224
2867,throwing ball/r6aMkH-TT28.mp4,throwing ball,k400,0,32,224x224
2868,dribbling basketball/Qo9le5bIHHg.mp4,dribbling basketball,k400,0,32,224x224
2869,slacklining/0pSSwNB_cjk.mp4,slacklining,k400,0,32,224x224
2870,shooting goal (soccer)/U0BSjmuLpVI.mp4,shooting goal (soccer),k400,0,32,224x224
2871,skiing crosscountry/mdGT9HIjszI.mp4,skiing crosscountry,k400,0,32,224x224
2872,ski jumping/3MIcMpRsjzc.mp4,ski jumping,k400,0,32,224x224
2873,clapping/ZZ4fMRs0tKU.mp4,clapping,k400,0,32,224x224
2874,cleaning pool/tNdBTOPxdA4.mp4,cleaning pool,k400,0,32,224x224
2875,sweeping floor/sevt4jy5rvA.mp4,sweeping floor,k400,0,32,224x224
2876,ice skating/rugsj-Yikyc.mp4,ice skating,k400,0,32,224x224
2877,writing/KzvHp-o4UEM.mp4,writing,k400,0,32,224x224
2878,singing/0X-bncPSKnA.mp4,singing,k400,0,32,224x224
2879,snorkeling/ThlvCpafOFU.mp4,snorkeling,k400,0,32,224x224
2880,climbing tree/_ilSnteBoZc.mp4,climbing tree,k400,0,32,224x224
2881,playing ukulele/NDoRzLFD5Tw.mp4,playing ukulele,k400,0,32,224x224
2882,presenting weather forecast/rlGUlQPPTu0.mp4,presenting weather forecast,k400,0,32,224x224
2883,climbing a rope/qnphgHJLVXo.mp4,climbing a rope,k400,0,32,224x224
2884,dancing ballet/5ZK6JympqYM.mp4,dancing ballet,k400,0,32,224x224
2885,shooting basketball/rMA6b5xA_Hk.mp4,shooting basketball,k400,0,32,224x224
2886,golf putting/22UVIF_-GR0.mp4,golf putting,k400,0,32,224x224
2887,bungee jumping/KULYrdHJ97s.mp4,bungee jumping,k400,0,32,224x224
2888,snowboarding/qp3uWBROUKQ.mp4,snowboarding,k400,0,32,224x224
2889,swimming breast stroke/nntMaZMxfnA.mp4,swimming breast stroke,k400,0,32,224x224
2890,hula hooping/O7mNxRWzyII.mp4,hula hooping,k400,0,32,224x224
2891,brushing teeth/ZnIOBBpSryE.mp4,brushing teeth,k400,0,32,224x224
2892,passing American football (in game)/hRw3kHN8pbU.mp4,passing American football (in game),k400,0,32,224x224
2893,water sliding/o6k5JJeFaz4.mp4,water sliding,k400,0,32,224x224
2894,getting a tattoo/40UjfuhQKOY.mp4,getting a tattoo,k400,0,32,224x224
2895,getting a haircut/rIHfcyot-_s.mp4,getting a haircut,k400,0,32,224x224
2896,headbanging/L4Sn48QL2NQ.mp4,headbanging,k400,0,32,224x224
2897,digging/Y4MvFzacZYU.mp4,digging,k400,0,32,224x224
2898,plastering/DUs4x013xDE.mp4,plastering,k400,0,32,224x224
2899,tasting beer/waueQpRJIyU.mp4,tasting beer,k400,0,32,224x224
2900,playing squash or racquetball/BYkwSJQRQ3c.mp4,playing squash or racquetball,k400,0,32,224x224
2901,exercising with an exercise ball/7iskGg-IT2w.mp4,exercising with an exercise ball,k400,0,32,224x224
2902,shearing sheep/M9MxETBhyoE.mp4,shearing sheep,k400,0,32,224x224
2903,belly dancing/rw9gD1LTv5w.mp4,belly dancing,k400,0,32,224x224
2904,blowing glass/UdCE2mwaD_0.mp4,blowing glass,k400,0,32,224x224
2905,kicking field goal/9AUcats_hEI.mp4,kicking field goal,k400,0,32,224x224
2906,massaging feet/nsxo8-GsITc.mp4,massaging feet,k400,0,32,224x224
2907,clay pottery making/OjYn2UJGaAY.mp4,clay pottery making,k400,0,32,224x224
2908,making snowman/bZMRlJuJ61U.mp4,making snowman,k400,0,32,224x224
2909,playing bagpipes/fJMVz_TBWU0.mp4,playing bagpipes,k400,0,32,224x224
2910,playing harp/d1quHS_brUA.mp4,playing harp,k400,0,32,224x224
2911,finger snapping/7FGk_lNsnAc.mp4,finger snapping,k400,0,32,224x224
2912,eating watermelon/7sDdXsRy4ns.mp4,eating watermelon,k400,0,32,224x224
2913,javelin throw/imZxxximci0.mp4,javelin throw,k400,0,32,224x224
2914,opening bottle/s84sJC48qG4.mp4,opening bottle,k400,0,32,224x224
2915,climbing ladder/4quzC8KWjuU.mp4,climbing ladder,k400,0,32,224x224
2916,filling eyebrows/Ou_dgjNfvgQ.mp4,filling eyebrows,k400,0,32,224x224
2917,abseiling/rozcbBKPiq0.mp4,abseiling,k400,0,32,224x224
2918,playing ice hockey/6sIy1zEZc3M.mp4,playing ice hockey,k400,0,32,224x224
2919,gargling/o9Wh7Fzy39k.mp4,gargling,k400,0,32,224x224
2920,playing kickball/0cR5ap1n5Uo.mp4,playing kickball,k400,0,32,224x224
2921,dancing ballet/O2aimC15eos.mp4,dancing ballet,k400,0,32,224x224
2922,crawling baby/JtNE-ZlzOE8.mp4,crawling baby,k400,0,32,224x224
2923,waxing legs/ujO3oiov760.mp4,waxing legs,k400,0,32,224x224
2924,shot put/DET1zr5bK6s.mp4,shot put,k400,0,32,224x224
2925,eating doughnuts/bpNX_3xLFXk.mp4,eating doughnuts,k400,0,32,224x224
2926,holding snake/Lv4bRhErjOI.mp4,holding snake,k400,0,32,224x224
2927,frying vegetables/jGBUKDkrzNA.mp4,frying vegetables,k400,0,32,224x224
2928,applying cream/txsIDkKsen4.mp4,applying cream,k400,0,32,224x224
2929,punching person (boxing)/dFgO-QAP9gs.mp4,punching person (boxing),k400,0,32,224x224
2930,throwing discus/YOQveb5F03Q.mp4,throwing discus,k400,0,32,224x224
2931,extinguishing fire/QgrGUYeFKto.mp4,extinguishing fire,k400,0,32,224x224
2932,snowkiting/Lpqr46Q4RNc.mp4,snowkiting,k400,0,32,224x224
2933,playing ukulele/fzgVtI1OZRw.mp4,playing ukulele,k400,0,32,224x224
2934,waiting in line/02up-XRUHE4.mp4,waiting in line,k400,0,32,224x224
2935,scuba diving/2PORKL_OHAQ.mp4,scuba diving,k400,0,32,224x224
2936,pushing car/nNWg8D3FB0I.mp4,pushing car,k400,0,32,224x224
2937,milking cow/mMe7ZjOPJpo.mp4,milking cow,k400,0,32,224x224
2938,baby waking up/i6ljbAyJXvk.mp4,baby waking up,k400,0,32,224x224
2939,drinking/162ro8sHvXM.mp4,drinking,k400,0,32,224x224
2940,headbanging/nTBCfA8WoaM.mp4,headbanging,k400,0,32,224x224
2941,playing clarinet/13m2HrnIZPI.mp4,playing clarinet,k400,0,32,224x224
2942,exercising with an exercise ball/Rth8rqF-h5Y.mp4,exercising with an exercise ball,k400,0,32,224x224
2943,ski jumping/0aFH5gAL0zc.mp4,ski jumping,k400,0,32,224x224
2944,milking cow/Ao53fT5hJo8.mp4,milking cow,k400,0,32,224x224
2945,playing clarinet/Afct6DPTqKA.mp4,playing clarinet,k400,0,32,224x224
2946,long jump/dCJmMvH6acQ.mp4,long jump,k400,0,32,224x224
2947,bench pressing/LA_IBccMtCM.mp4,bench pressing,k400,0,32,224x224
2948,bowling/IQaNsvi4ihs.mp4,bowling,k400,0,32,224x224
2949,catching or throwing frisbee/V4YFSKD0N3U.mp4,catching or throwing frisbee,k400,0,32,224x224
2950,cutting nails/LOtfctMTWG0.mp4,cutting nails,k400,0,32,224x224
2951,waxing eyebrows/nwe2paAlm38.mp4,waxing eyebrows,k400,0,32,224x224
2952,making a sandwich/KtbszAYbedo.mp4,making a sandwich,k400,0,32,224x224
2953,dancing ballet/D8zAOxle4KA.mp4,dancing ballet,k400,0,32,224x224
2954,getting a haircut/7J5KBUhpHyI.mp4,getting a haircut,k400,0,32,224x224
2955,braiding hair/04bTPQZ8-IM.mp4,braiding hair,k400,0,32,224x224
2956,carrying baby/pA4e2NzqEmc.mp4,carrying baby,k400,0,32,224x224
2957,making jewelry/SidUZMa87jg.mp4,making jewelry,k400,0,32,224x224
2958,picking fruit/ECMAPsUQBKo.mp4,picking fruit,k400,0,32,224x224
2959,windsurfing/iezbalvyWOU.mp4,windsurfing,k400,0,32,224x224
2960,tango dancing/sVb-4ogfT2M.mp4,tango dancing,k400,0,32,224x224
2961,pole vault/ySBnCgJnW8A.mp4,pole vault,k400,0,32,224x224
2962,robot dancing/yjYCiGec1tA.mp4,robot dancing,k400,0,32,224x224
2963,shaking head/WbrmqJNwq7I.mp4,shaking head,k400,0,32,224x224
2964,bowling/M195a3q1Ie8.mp4,bowling,k400,0,32,224x224
2965,kicking field goal/TzZsB-9iKtE.mp4,kicking field goal,k400,0,32,224x224
2966,dancing gangnam style/4O_jSf9uMJ0.mp4,dancing gangnam style,k400,0,32,224x224
2967,playing guitar/CMmDT_qLoYM.mp4,playing guitar,k400,0,32,224x224
2968,folding napkins/UAVQ85ODKJQ.mp4,folding napkins,k400,0,32,224x224
2969,parasailing/Nip_uXbbjio.mp4,parasailing,k400,0,32,224x224
2970,fixing hair/XJNlj1sv9z0.mp4,fixing hair,k400,0,32,224x224
2971,tickling/6Uos8Gdoy2c.mp4,tickling,k400,0,32,224x224
2972,using computer/wWbZWlWOdk8.mp4,using computer,k400,0,32,224x224
2973,capoeira/32Pt0uEZbLQ.mp4,capoeira,k400,0,32,224x224
2974,using computer/VEHL8lCy6gE.mp4,using computer,k400,0,32,224x224
2975,using computer/2L5RhK9KcNw.mp4,using computer,k400,0,32,224x224
2976,playing cello/A-x3NTX_YvE.mp4,playing cello,k400,0,32,224x224
2977,breading or breadcrumbing/2zFyhKWjBSY.mp4,breading or breadcrumbing,k400,0,32,224x224
2978,parasailing/ldAS5U5PEjU.mp4,parasailing,k400,0,32,224x224
2979,sniffing/KnrltEVUGi0.mp4,sniffing,k400,0,32,224x224
2980,writing/M1DlfIzJt1M.mp4,writing,k400,0,32,224x224
2981,petting animal (not cat)/qDL9-Xip-38.mp4,petting animal (not cat),k400,0,32,224x224
2982,playing basketball/gWt9iAIUCew.mp4,playing basketball,k400,0,32,224x224
2983,flying kite/1Z2NdTALYnk.mp4,flying kite,k400,0,32,224x224
2984,riding or walking with horse/AIpryKrl7Gc.mp4,riding or walking with horse,k400,0,32,224x224
2985,drinking beer/iSxwojhPCJQ.mp4,drinking beer,k400,0,32,224x224
2986,mowing lawn/Bo663W2FLC0.mp4,mowing lawn,k400,0,32,224x224
2987,golf putting/w0xqIbnzdCg.mp4,golf putting,k400,0,32,224x224
2988,playing recorder/6HoQbwwrkBQ.mp4,playing recorder,k400,0,32,224x224
2989,strumming guitar/6jGrxnQHPt8.mp4,strumming guitar,k400,0,32,224x224
2990,playing organ/v7yxb7ODhzs.mp4,playing organ,k400,0,32,224x224
2991,playing clarinet/Aq-eCUPETUA.mp4,playing clarinet,k400,0,32,224x224
2992,frying vegetables/waftMBC0qi4.mp4,frying vegetables,k400,0,32,224x224
2993,skiing slalom/ieqLHySxBxQ.mp4,skiing slalom,k400,0,32,224x224
2994,riding a bike/DxqWpE8_LjU.mp4,riding a bike,k400,0,32,224x224
2995,welding/0gk7bMlB2EY.mp4,welding,k400,0,32,224x224
2996,reading book/XrMo1PvR9rs.mp4,reading book,k400,0,32,224x224
2997,playing cricket/_jYFaUvnxYI.mp4,playing cricket,k400,0,32,224x224
2998,push up/HAGpDY1rqg0.mp4,push up,k400,0,32,224x224
2999,tapping guitar/vY7clzDxDWs.mp4,tapping guitar,k400,0,32,224x224
3000,making jewelry/DfdfhALwvZI.mp4,making jewelry,k400,0,32,224x224
3001,canoeing or kayaking/HHV1xawRPJg.mp4,canoeing or kayaking,k400,0,32,224x224
3002,pushing car/REUoKOqNOHo.mp4,pushing car,k400,0,32,224x224
3003,smoking/fqd40pLImeE.mp4,smoking,k400,0,32,224x224
3004,tasting food/TWSOiZrs3oA.mp4,tasting food,k400,0,32,224x224
3005,clay pottery making/23QBf4H_Tso.mp4,clay pottery making,k400,0,32,224x224
3006,making pizza/ZY5RGUuYOcc.mp4,making pizza,k400,0,32,224x224
3007,riding or walking with horse/OltW2ITvrks.mp4,riding or walking with horse,k400,0,32,224x224
3008,playing badminton/SM0qY2t6JA0.mp4,playing badminton,k400,0,32,224x224
3009,bench pressing/jxz6cpktV6A.mp4,bench pressing,k400,0,32,224x224
3010,fixing hair/fc5RP57i7kc.mp4,fixing hair,k400,0,32,224x224
3011,ice fishing/Kqy_wOVX8N0.mp4,ice fishing,k400,0,32,224x224
3012,crawling baby/9y2-eIRT3S4.mp4,crawling baby,k400,0,32,224x224
3013,egg hunting/oyDbf-qcm0g.mp4,egg hunting,k400,0,32,224x224
3014,playing cricket/bkctN-GqbvI.mp4,playing cricket,k400,0,32,224x224
3015,rock climbing/QxyPFJcGFcs.mp4,rock climbing,k400,0,32,224x224
3016,throwing discus/YPZpeWmeQjQ.mp4,throwing discus,k400,0,32,224x224
3017,swinging on something/PQxn-_yCLSg.mp4,swinging on something,k400,0,32,224x224
3018,playing harmonica/Ht-qTetpUnI.mp4,playing harmonica,k400,0,32,224x224
3019,feeding goats/6nmEL0QF-Y8.mp4,feeding goats,k400,0,32,224x224
3020,exercising with an exercise ball/gwwNST1hwgI.mp4,exercising with an exercise ball,k400,0,32,224x224
3021,barbequing/N0PPYMWrLro.mp4,barbequing,k400,0,32,224x224
3022,marching/bwqoL3bt1ZA.mp4,marching,k400,0,32,224x224
3023,abseiling/-WKCwDRp_jk.mp4,abseiling,k400,0,32,224x224
3024,snowkiting/WMkFEHbEG7A.mp4,snowkiting,k400,0,32,224x224
3025,high jump/ljo11CTyh14.mp4,high jump,k400,0,32,224x224
3026,ski jumping/60Qd-t1mbFw.mp4,ski jumping,k400,0,32,224x224
3027,wrestling/UzY9pcghd20.mp4,wrestling,k400,0,32,224x224
3028,walking the dog/9ETbfvxrInY.mp4,walking the dog,k400,0,32,224x224
3029,crossing river/Bly2hULVLa4.mp4,crossing river,k400,0,32,224x224
3030,feeding goats/vBpG8s_iEts.mp4,feeding goats,k400,0,32,224x224
3031,country line dancing/uCd3kkqleIU.mp4,country line dancing,k400,0,32,224x224
3032,hula hooping/8jzngdTJDTU.mp4,hula hooping,k400,0,32,224x224
3033,passing American football (in game)/TPiqAwpmTwc.mp4,passing American football (in game),k400,0,32,224x224
3034,feeding birds/URSUVHEZqbE.mp4,feeding birds,k400,0,32,224x224
3035,roller skating/_eYhkZgVPYY.mp4,roller skating,k400,0,32,224x224
3036,jetskiing/fImFgaYtcpw.mp4,jetskiing,k400,0,32,224x224
3037,eating ice cream/abpvGd6zeDI.mp4,eating ice cream,k400,0,32,224x224
3038,shot put/wjzs9-hxvNA.mp4,shot put,k400,0,32,224x224
3039,bobsledding/GuxpRO3Dq3s.mp4,bobsledding,k400,0,32,224x224
3040,playing badminton/rgrNZgQHPIw.mp4,playing badminton,k400,0,32,224x224
3041,drinking/LMPNApgBk6U.mp4,drinking,k400,0,32,224x224
3042,making pizza/iI4HVcKwA5A.mp4,making pizza,k400,0,32,224x224
3043,blowing leaves/w0IDNuIELkc.mp4,blowing leaves,k400,0,32,224x224
3044,canoeing or kayaking/GpPnHJ5o1u8.mp4,canoeing or kayaking,k400,0,32,224x224
3045,lunge/xdni6eBUZlE.mp4,lunge,k400,0,32,224x224
3046,riding scooter/sw6xRTDcygU.mp4,riding scooter,k400,0,32,224x224
3047,beatboxing/joLgAW6N1iA.mp4,beatboxing,k400,0,32,224x224
3048,blowing leaves/8HMzhfUHDHA.mp4,blowing leaves,k400,0,32,224x224
3049,skateboarding/5ptTkNT4aoE.mp4,skateboarding,k400,0,32,224x224
3050,eating burger/SQiHOEqKodI.mp4,eating burger,k400,0,32,224x224
3051,paragliding/Hux9nx2HaIU.mp4,paragliding,k400,0,32,224x224
3052,playing organ/Oh5Jyq9j90A.mp4,playing organ,k400,0,32,224x224
3053,arm wrestling/N3-q5EaTgYU.mp4,arm wrestling,k400,0,32,224x224
3054,headbanging/2dYrcD0PGmc.mp4,headbanging,k400,0,32,224x224
3055,triple jump/8bInVTYhNhk.mp4,triple jump,k400,0,32,224x224
3056,tobogganing/Va_6xmpIcAE.mp4,tobogganing,k400,0,32,224x224
3057,playing guitar/d9CB6eWRSNA.mp4,playing guitar,k400,0,32,224x224
3058,walking the dog/GZVqoB7JHUE.mp4,walking the dog,k400,0,32,224x224
3059,chopping wood/YYWhWtyBLKY.mp4,chopping wood,k400,0,32,224x224
3060,drawing/_UYocDqQ644.mp4,drawing,k400,0,32,224x224
3061,trimming trees/dK_cVE9TOwQ.mp4,trimming trees,k400,0,32,224x224
3062,testifying/Q7nDNw_VxAg.mp4,testifying,k400,0,32,224x224
3063,playing harp/DhBmEi0W9K8.mp4,playing harp,k400,0,32,224x224
3064,unboxing/2i9YoFfid7g.mp4,unboxing,k400,0,32,224x224
3065,washing feet/gkAlw0N9kcQ.mp4,washing feet,k400,0,32,224x224
3066,marching/DOLqqMHi_Zo.mp4,marching,k400,0,32,224x224
3067,playing accordion/NhCFBBEo6yk.mp4,playing accordion,k400,0,32,224x224
3068,finger snapping/b67G_ZuUhac.mp4,finger snapping,k400,0,32,224x224
3069,catching or throwing frisbee/EwPNYc5m-KM.mp4,catching or throwing frisbee,k400,0,32,224x224
3070,bowling/yguT0nvMifU.mp4,bowling,k400,0,32,224x224
3071,blasting sand/EE6HJ9_TqJA.mp4,blasting sand,k400,0,32,224x224
3072,brushing teeth/4gVzvd-B6tw.mp4,brushing teeth,k400,0,32,224x224
3073,high kick/NXP6eFW6dWM.mp4,high kick,k400,0,32,224x224
3074,hammer throw/JMjySYg_gGo.mp4,hammer throw,k400,0,32,224x224
3075,hugging/gnVBME2ecIw.mp4,hugging,k400,0,32,224x224
3076,auctioning/pjMHqBSP_-M.mp4,auctioning,k400,0,32,224x224
3077,hammer throw/r3NVefCdIXs.mp4,hammer throw,k400,0,32,224x224
3078,mowing lawn/uuYSyaB5AvI.mp4,mowing lawn,k400,0,32,224x224
3079,playing didgeridoo/6zzB-7AXGu8.mp4,playing didgeridoo,k400,0,32,224x224
3080,tapping guitar/lH4R3-YwXk0.mp4,tapping guitar,k400,0,32,224x224
3081,dancing macarena/xS9rmYQ-z2g.mp4,dancing macarena,k400,0,32,224x224
3082,scrambling eggs/L5lHeLH51Ow.mp4,scrambling eggs,k400,0,32,224x224
3083,brushing hair/DS2Pfqr-Tk4.mp4,brushing hair,k400,0,32,224x224
3084,scuba diving/FZFGYZ1MVWk.mp4,scuba diving,k400,0,32,224x224
3085,arm wrestling/U66ZtV7Wei8.mp4,arm wrestling,k400,0,32,224x224
3086,playing trombone/qSZdEx1_YMY.mp4,playing trombone,k400,0,32,224x224
3087,juggling balls/XpiMK31_H2M.mp4,juggling balls,k400,0,32,224x224
3088,playing guitar/gi8BQrk2FnA.mp4,playing guitar,k400,0,32,224x224
3089,jumpstyle dancing/jaAqXw9ME9c.mp4,jumpstyle dancing,k400,0,32,224x224
3090,getting a tattoo/09GcDW_bbg0.mp4,getting a tattoo,k400,0,32,224x224
3091,jetskiing/ziO1igKHVQg.mp4,jetskiing,k400,0,32,224x224
3092,diving cliff/QcTxiipSzWo.mp4,diving cliff,k400,0,32,224x224
3093,scuba diving/xqHQA01QFDg.mp4,scuba diving,k400,0,32,224x224
3094,hula hooping/yHMxXT3swgg.mp4,hula hooping,k400,0,32,224x224
3095,gymnastics tumbling/wN305VsH1TQ.mp4,gymnastics tumbling,k400,0,32,224x224
3096,biking through snow/8tcx9Grlb-Q.mp4,biking through snow,k400,0,32,224x224
3097,drumming fingers/wUKUnq7PgtY.mp4,drumming fingers,k400,0,32,224x224
3098,throwing axe/BulKQDBsBgY.mp4,throwing axe,k400,0,32,224x224
3099,stretching leg/TQCaFzN5ukU.mp4,stretching leg,k400,0,32,224x224
3100,skiing crosscountry/bLEmgMz6QAs.mp4,skiing crosscountry,k400,0,32,224x224
3101,snowkiting/eeSpeWBqU-0.mp4,snowkiting,k400,0,32,224x224
3102,sailing/2jFzQhINVBs.mp4,sailing,k400,0,32,224x224
3103,breading or breadcrumbing/hXKvRJbenqA.mp4,breading or breadcrumbing,k400,0,32,224x224
3104,playing xylophone/jMUDJDQQGqI.mp4,playing xylophone,k400,0,32,224x224
3105,catching or throwing baseball/FECZ_qaFDGU.mp4,catching or throwing baseball,k400,0,32,224x224
3106,marching/Zi1TohKLHdA.mp4,marching,k400,0,32,224x224
3107,ice fishing/HBwWFhruRZs.mp4,ice fishing,k400,0,32,224x224
3108,frying vegetables/OpKcsYg-dzM.mp4,frying vegetables,k400,0,32,224x224
3109,contact juggling/EozY27A0xZA.mp4,contact juggling,k400,0,32,224x224
3110,rock climbing/k2mkBDgCyhE.mp4,rock climbing,k400,0,32,224x224
3111,swimming breast stroke/cKCihmgMtyU.mp4,swimming breast stroke,k400,0,32,224x224
3112,headbanging/nUjU6OJPk7g.mp4,headbanging,k400,0,32,224x224
3113,playing ukulele/Qy5yMmTOUjY.mp4,playing ukulele,k400,0,32,224x224
3114,chopping wood/XGEFz3ASZxQ.mp4,chopping wood,k400,0,32,224x224
3115,tai chi/Ij5reJWmuTg.mp4,tai chi,k400,0,32,224x224
3116,tapping guitar/zvHKq2jTs-o.mp4,tapping guitar,k400,0,32,224x224
3117,swimming breast stroke/0sW3T2sMlos.mp4,swimming breast stroke,k400,0,32,224x224
3118,washing hands/c4Xm2O3TdlM.mp4,washing hands,k400,0,32,224x224
3119,roller skating/Z-DPTZarGxQ.mp4,roller skating,k400,0,32,224x224
3120,jetskiing/KnU5XtrT_6o.mp4,jetskiing,k400,0,32,224x224
3121,climbing tree/ahw8dLQcmxw.mp4,climbing tree,k400,0,32,224x224
3122,ice skating/hV9mEHaf0Ns.mp4,ice skating,k400,0,32,224x224
3123,dancing macarena/QMUHV79Jnjo.mp4,dancing macarena,k400,0,32,224x224
3124,ironing/-FzMbTz5t_c.mp4,ironing,k400,0,32,224x224
3125,cooking sausages/WDaWJCdPWuQ.mp4,cooking sausages,k400,0,32,224x224
3126,riding elephant/2Hl5xv_Pna8.mp4,riding elephant,k400,0,32,224x224
3127,shaking hands/TwCucyb-rt0.mp4,shaking hands,k400,0,32,224x224
3128,watering plants/3j4QG6xW1xY.mp4,watering plants,k400,0,32,224x224
3129,yawning/cdgcxzcFAuE.mp4,yawning,k400,0,32,224x224
3130,playing keyboard/l6PH3Vm-63Y.mp4,playing keyboard,k400,0,32,224x224
3131,carving pumpkin/2emau2lhixs.mp4,carving pumpkin,k400,0,32,224x224
3132,biking through snow/BKQ-PCimIwA.mp4,biking through snow,k400,0,32,224x224
3133,cleaning shoes/MBHULY7KpjU.mp4,cleaning shoes,k400,0,32,224x224
3134,dribbling basketball/7yV05ZBhs4g.mp4,dribbling basketball,k400,0,32,224x224
3135,picking fruit/Do-nk35kGR8.mp4,picking fruit,k400,0,32,224x224
3136,riding unicycle/XGaqi_eFaUU.mp4,riding unicycle,k400,0,32,224x224
3137,playing bass guitar/Zv82el8kCEs.mp4,playing bass guitar,k400,0,32,224x224
3138,playing basketball/nUPk_1oyBiE.mp4,playing basketball,k400,0,32,224x224
3139,dribbling basketball/9My39FDO_nU.mp4,dribbling basketball,k400,0,32,224x224
3140,tango dancing/g4T4XdzlC9k.mp4,tango dancing,k400,0,32,224x224
3141,unboxing/v4dDZ5wE9cQ.mp4,unboxing,k400,0,32,224x224
3142,trimming or shaving beard/kNPShHugiSQ.mp4,trimming or shaving beard,k400,0,32,224x224
3143,canoeing or kayaking/YkMBp9WZ3xc.mp4,canoeing or kayaking,k400,0,32,224x224
3144,pumping fist/TYGyt-LWlww.mp4,pumping fist,k400,0,32,224x224
3145,playing ice hockey/fppEk17hs8M.mp4,playing ice hockey,k400,0,32,224x224
3146,catching or throwing baseball/itUK_5pUOxw.mp4,catching or throwing baseball,k400,0,32,224x224
3147,cheerleading/n0lRP3d7VGw.mp4,cheerleading,k400,0,32,224x224
3148,playing basketball/XJvHTBl8RZA.mp4,playing basketball,k400,0,32,224x224
3149,juggling fire/_BDcWlv9xog.mp4,juggling fire,k400,0,32,224x224
3150,shot put/ZiYpWnb2AjA.mp4,shot put,k400,0,32,224x224
3151,building shed/rfQYCvrm8JM.mp4,building shed,k400,0,32,224x224
3152,shaking head/lFAqz4q0Vhk.mp4,shaking head,k400,0,32,224x224
3153,presenting weather forecast/nVTJ_Qstv5M.mp4,presenting weather forecast,k400,0,32,224x224
3154,eating burger/rryf2dMgXBU.mp4,eating burger,k400,0,32,224x224
3155,laying bricks/K5mihFyrWps.mp4,laying bricks,k400,0,32,224x224
3156,hammer throw/MSmnyJ8m4nY.mp4,hammer throw,k400,0,32,224x224
3157,playing ukulele/nBaVBkJBZiM.mp4,playing ukulele,k400,0,32,224x224
3158,snatch weight lifting/HeG3JF69s4E.mp4,snatch weight lifting,k400,0,32,224x224
3159,opening bottle/bJMPFknXv2o.mp4,opening bottle,k400,0,32,224x224
3160,skydiving/JzzvnH5ZULw.mp4,skydiving,k400,0,32,224x224
3161,texting/-TB-UFW3T7c.mp4,texting,k400,0,32,224x224
3162,catching fish/Hp6JVqETqOg.mp4,catching fish,k400,0,32,224x224
3163,feeding goats/BzrRm1engDI.mp4,feeding goats,k400,0,32,224x224
3164,drinking/8J2H9fRRUs8.mp4,drinking,k400,0,32,224x224
3165,playing ice hockey/_nw9wtgn0bQ.mp4,playing ice hockey,k400,0,32,224x224
3166,feeding goats/BzF6OvkI8A8.mp4,feeding goats,k400,0,32,224x224
3167,playing guitar/7Yxv6MpfR3k.mp4,playing guitar,k400,0,32,224x224
3168,snorkeling/ozwBBd3qVMI.mp4,snorkeling,k400,0,32,224x224
3169,faceplanting/JQeNtxyT2vE.mp4,faceplanting,k400,0,32,224x224
3170,reading book/8spxTJbq7V4.mp4,reading book,k400,0,32,224x224
3171,feeding goats/eKfjMyz-tpQ.mp4,feeding goats,k400,0,32,224x224
3172,arm wrestling/YsC-KI-H4bw.mp4,arm wrestling,k400,0,32,224x224
3173,eating spaghetti/fkGpC7cEf8M.mp4,eating spaghetti,k400,0,32,224x224
3174,kicking soccer ball/MGrKGU74k-g.mp4,kicking soccer ball,k400,0,32,224x224
3175,playing ukulele/OCziCIB4TMY.mp4,playing ukulele,k400,0,32,224x224
3176,snorkeling/Mz4-bJHunMo.mp4,snorkeling,k400,0,32,224x224
3177,archery/UbOCwe-XgIE.mp4,archery,k400,0,32,224x224
3178,waiting in line/BvMU_NEARL0.mp4,waiting in line,k400,0,32,224x224
3179,motorcycling/CTBnQoeXtgU.mp4,motorcycling,k400,0,32,224x224
3180,motorcycling/mmvJbVWuIrI.mp4,motorcycling,k400,0,32,224x224
3181,stomping grapes/hAdo-uDNzI4.mp4,stomping grapes,k400,0,32,224x224
3182,cleaning gutters/MB1s8dIKq2g.mp4,cleaning gutters,k400,0,32,224x224
3183,catching or throwing baseball/qtiUFRFth54.mp4,catching or throwing baseball,k400,0,32,224x224
3184,golf driving/z8Bm8UbYQYw.mp4,golf driving,k400,0,32,224x224
3185,shoveling snow/xi_cpQD5rzY.mp4,shoveling snow,k400,0,32,224x224
3186,brush painting/_AuUM-bzMe0.mp4,brush painting,k400,0,32,224x224
3187,long jump/C-FErm9S-QE.mp4,long jump,k400,0,32,224x224
3188,surfing water/eF9ipyXv1U8.mp4,surfing water,k400,0,32,224x224
3189,cooking egg/mR4CxUQkBQE.mp4,cooking egg,k400,0,32,224x224
3190,kitesurfing/bOX0t2-tW1k.mp4,kitesurfing,k400,0,32,224x224
3191,playing cards/pRkJy1a7XuY.mp4,playing cards,k400,0,32,224x224
3192,using remote controller (not gaming)/SVdHrcnC-X8.mp4,using remote controller (not gaming),k400,0,32,224x224
3193,cleaning toilet/FbuBz3XLIiw.mp4,cleaning toilet,k400,0,32,224x224
3194,golf driving/lW7Yz3PrVIo.mp4,golf driving,k400,0,32,224x224
3195,drinking/Yk9iEgo3CHM.mp4,drinking,k400,0,32,224x224
3196,sticking tongue out/XV-0Yxo12HU.mp4,sticking tongue out,k400,0,32,224x224
3197,marching/TbVKddlqePs.mp4,marching,k400,0,32,224x224
3198,high jump/gpk3APSCnBo.mp4,high jump,k400,0,32,224x224
3199,answering questions/Jt14GR8BnKw.mp4,answering questions,k400,0,32,224x224
3200,hockey stop/dVSn6PQgeIs.mp4,hockey stop,k400,0,32,224x224
3201,playing saxophone/Vn4oJ3z22Es.mp4,playing saxophone,k400,0,32,224x224
3202,reading book/RQEKtDFFgtM.mp4,reading book,k400,0,32,224x224
3203,curling hair/Cu40apwb6Tk.mp4,curling hair,k400,0,32,224x224
3204,flying kite/-dhv9SdiDMo.mp4,flying kite,k400,0,32,224x224
3205,surfing crowd/ZkV68ZQFFqc.mp4,surfing crowd,k400,0,32,224x224
3206,drop kicking/KpRSWlyt8cI.mp4,drop kicking,k400,0,32,224x224
3207,belly dancing/sDoyNq2VhXo.mp4,belly dancing,k400,0,32,224x224
3208,feeding fish/RA1xt5EphEc.mp4,feeding fish,k400,0,32,224x224
3209,barbequing/nirHQuxnIV8.mp4,barbequing,k400,0,32,224x224
3210,cleaning windows/GSrbIEnbero.mp4,cleaning windows,k400,0,32,224x224
3211,giving or receiving award/bJpLv4Ah2ug.mp4,giving or receiving award,k400,0,32,224x224
3212,snowkiting/zdx1dKRwiK4.mp4,snowkiting,k400,0,32,224x224
3213,playing xylophone/S5-2dhCdzOQ.mp4,playing xylophone,k400,0,32,224x224
3214,making snowman/j1G4HmLavr4.mp4,making snowman,k400,0,32,224x224
3215,playing bagpipes/t5uCzawdiYQ.mp4,playing bagpipes,k400,0,32,224x224
3216,tai chi/_Fzu5n0XOh8.mp4,tai chi,k400,0,32,224x224
3217,playing volleyball/gkKNQ1zLXL4.mp4,playing volleyball,k400,0,32,224x224
3218,playing kickball/j9vCMpT7yP4.mp4,playing kickball,k400,0,32,224x224
3219,trapezing/RVhsAWWQq98.mp4,trapezing,k400,0,32,224x224
3220,mowing lawn/W-Uz-hE8odM.mp4,mowing lawn,k400,0,32,224x224
3221,doing nails/31KRn5aQGvI.mp4,doing nails,k400,0,32,224x224
3222,capoeira/vJO0jgOpkno.mp4,capoeira,k400,0,32,224x224
3223,massaging feet/ghcYyjv-bms.mp4,massaging feet,k400,0,32,224x224
3224,using remote controller (not gaming)/9eqP7JJ-LcU.mp4,using remote controller (not gaming),k400,0,32,224x224
3225,making jewelry/0WzGYUQQRe8.mp4,making jewelry,k400,0,32,224x224
3226,dancing ballet/Yvzznqd8us4.mp4,dancing ballet,k400,0,32,224x224
3227,folding napkins/RsGsxyb0u88.mp4,folding napkins,k400,0,32,224x224
3228,unboxing/pnNT-vHvKPg.mp4,unboxing,k400,0,32,224x224
3229,milking cow/DYvaXNLV-Fg.mp4,milking cow,k400,0,32,224x224
3230,walking the dog/xp9IRXbSrfc.mp4,walking the dog,k400,0,32,224x224
3231,celebrating/4-aaAaM6IhM.mp4,celebrating,k400,0,32,224x224
3232,catching or throwing frisbee/WgBftzpBifU.mp4,catching or throwing frisbee,k400,0,32,224x224
3233,making snowman/MVCcvaMwQeU.mp4,making snowman,k400,0,32,224x224
3234,motorcycling/Vn-1TBIoFMY.mp4,motorcycling,k400,0,32,224x224
3235,bookbinding/jp8UTySWXV4.mp4,bookbinding,k400,0,32,224x224
3236,blowing out candles/Yb-k-dfIPgo.mp4,blowing out candles,k400,0,32,224x224
3237,ice climbing/zG-ycke0Lig.mp4,ice climbing,k400,0,32,224x224
3238,giving or receiving award/gnV3ejIMvl0.mp4,giving or receiving award,k400,0,32,224x224
3239,waxing eyebrows/JnGJtBIg9eU.mp4,waxing eyebrows,k400,0,32,224x224
3240,kicking field goal/ptXJ3iYYtCY.mp4,kicking field goal,k400,0,32,224x224
3241,trimming or shaving beard/7VgPTTqe0E8.mp4,trimming or shaving beard,k400,0,32,224x224
3242,crying/M16_dZE1jfI.mp4,crying,k400,0,32,224x224
3243,blowing out candles/Wh0eMBSmvJs.mp4,blowing out candles,k400,0,32,224x224
3244,playing recorder/e3zAcIOAQsk.mp4,playing recorder,k400,0,32,224x224
3245,smoking/bBQtTFiaGG0.mp4,smoking,k400,0,32,224x224
3246,playing paintball/GPSCvuSDa00.mp4,playing paintball,k400,0,32,224x224
3247,pumping gas/w-3L0QGB0Fw.mp4,pumping gas,k400,0,32,224x224
3248,strumming guitar/YojKUJrpoqY.mp4,strumming guitar,k400,0,32,224x224
3249,playing flute/DEinhxAhKas.mp4,playing flute,k400,0,32,224x224
3250,pushing car/jg80GwKOuGw.mp4,pushing car,k400,0,32,224x224
3251,biking through snow/SaHJK04y2Tw.mp4,biking through snow,k400,0,32,224x224
3252,skipping rope/dwcfuF1U8T4.mp4,skipping rope,k400,0,32,224x224
3253,filling eyebrows/WCBCvGO4nLs.mp4,filling eyebrows,k400,0,32,224x224
3254,bandaging/HZadX9Gjmv4.mp4,bandaging,k400,0,32,224x224
3255,carving pumpkin/9YFi0kzA02g.mp4,carving pumpkin,k400,0,32,224x224
3256,snorkeling/6NKCfdHt1lE.mp4,snorkeling,k400,0,32,224x224
3257,playing paintball/_8uzgb4pB4o.mp4,playing paintball,k400,0,32,224x224
3258,pushing car/CoZE72loEBs.mp4,pushing car,k400,0,32,224x224
3259,folding napkins/znC_LA1AGL8.mp4,folding napkins,k400,0,32,224x224
3260,feeding fish/qtckkudEfSs.mp4,feeding fish,k400,0,32,224x224
3261,scrambling eggs/wYx0gViKKBw.mp4,scrambling eggs,k400,0,32,224x224
3262,eating doughnuts/l3aR32S8bhw.mp4,eating doughnuts,k400,0,32,224x224
3263,playing cricket/27wCsv5g48Q.mp4,playing cricket,k400,0,32,224x224
3264,presenting weather forecast/q2DEVINVkGc.mp4,presenting weather forecast,k400,0,32,224x224
3265,situp/iIJr8Sk2xMU.mp4,situp,k400,0,32,224x224
3266,somersaulting/pn8JSq1Lmxg.mp4,somersaulting,k400,0,32,224x224
3267,smoking/6pIAEZI4HmA.mp4,smoking,k400,0,32,224x224
3268,chopping wood/M65Qz49cCnI.mp4,chopping wood,k400,0,32,224x224
3269,cutting pineapple/O1I26doEtyA.mp4,cutting pineapple,k400,0,32,224x224
3270,climbing tree/HYSYpcovr6I.mp4,climbing tree,k400,0,32,224x224
3271,pull ups/YifSLwo41r0.mp4,pull ups,k400,0,32,224x224
3272,side kick/YoXxlEsu8s4.mp4,side kick,k400,0,32,224x224
3273,massaging feet/B_NJxp5Wogs.mp4,massaging feet,k400,0,32,224x224
3274,clean and jerk/-wOtruVo7sY.mp4,clean and jerk,k400,0,32,224x224
3275,robot dancing/LoGyT4UFoTQ.mp4,robot dancing,k400,0,32,224x224
3276,folding clothes/jg6H1uNiIBY.mp4,folding clothes,k400,0,32,224x224
3277,counting money/vBEsqXb5roo.mp4,counting money,k400,0,32,224x224
3278,squat/AfeYDp0PRfs.mp4,squat,k400,0,32,224x224
3279,skateboarding/r3mrzNhh1nY.mp4,skateboarding,k400,0,32,224x224
3280,driving car/gDtCRaZftac.mp4,driving car,k400,0,32,224x224
3281,crossing river/9YAX7hKyb94.mp4,crossing river,k400,0,32,224x224
3282,riding elephant/22kPDFbxI1A.mp4,riding elephant,k400,0,32,224x224
3283,throwing axe/kyVdxb5Ggyw.mp4,throwing axe,k400,0,32,224x224
3284,breakdancing/ZKC9TVY2c8U.mp4,breakdancing,k400,0,32,224x224
3285,pushing cart/ec58bXnl0mI.mp4,pushing cart,k400,0,32,224x224
3286,jumping into pool/5n3yev-pn0s.mp4,jumping into pool,k400,0,32,224x224
3287,cracking neck/TZAKOOhELC0.mp4,cracking neck,k400,0,32,224x224
3288,passing American football (not in game)/BsssEczQtsU.mp4,passing American football (not in game),k400,0,32,224x224
3289,gymnastics tumbling/9tk68S8LIQw.mp4,gymnastics tumbling,k400,0,32,224x224
3290,shuffling cards/oaw9KK5rpjg.mp4,shuffling cards,k400,0,32,224x224
3291,playing ukulele/WHGNoqSc1W4.mp4,playing ukulele,k400,0,32,224x224
3292,playing tennis/XESaZsZNC3E.mp4,playing tennis,k400,0,32,224x224
3293,playing chess/jxWtrU3GIkg.mp4,playing chess,k400,0,32,224x224
3294,sneezing/CA4UTIr2nOU.mp4,sneezing,k400,0,32,224x224
3295,tai chi/6Tjmu3OilvY.mp4,tai chi,k400,0,32,224x224
3296,brushing teeth/SEPUS7KiZNA.mp4,brushing teeth,k400,0,32,224x224
3297,paragliding/CcpdEpGVBM0.mp4,paragliding,k400,0,32,224x224
3298,peeling apples/Sugeaouscjk.mp4,peeling apples,k400,0,32,224x224
3299,biking through snow/gBJtsMu3MlI.mp4,biking through snow,k400,0,32,224x224
3300,garbage collecting/p9BXh2Bv2t8.mp4,garbage collecting,k400,0,32,224x224
3301,javelin throw/pP5wJAVVD80.mp4,javelin throw,k400,0,32,224x224
3302,playing basketball/MN8LzcEix8w.mp4,playing basketball,k400,0,32,224x224
3303,hitting baseball/OvMbmJ8S4_w.mp4,hitting baseball,k400,0,32,224x224
3304,pumping fist/s3YRoUz32tI.mp4,pumping fist,k400,0,32,224x224
3305,shuffling cards/u_1B18KrZUA.mp4,shuffling cards,k400,0,32,224x224
3306,high jump/RO08GTKS4y8.mp4,high jump,k400,0,32,224x224
3307,riding mechanical bull/DRUwu5OPSQs.mp4,riding mechanical bull,k400,0,32,224x224
3308,using remote controller (not gaming)/5Ts6VkRZb3k.mp4,using remote controller (not gaming),k400,0,32,224x224
3309,front raises/l4pSsQq8IdE.mp4,front raises,k400,0,32,224x224
3310,golf driving/nQQByzwiiHY.mp4,golf driving,k400,0,32,224x224
3311,riding unicycle/kMkmAKQi5OI.mp4,riding unicycle,k400,0,32,224x224
3312,somersaulting/xMX-NCe9aRE.mp4,somersaulting,k400,0,32,224x224
3313,snowboarding/Ek_ypaH_1vc.mp4,snowboarding,k400,0,32,224x224
3314,grooming dog/Jz-Xh8OVql0.mp4,grooming dog,k400,0,32,224x224
3315,headbutting/sIKM6ZGC6uw.mp4,headbutting,k400,0,32,224x224
3316,jumpstyle dancing/XTuCCLX60YM.mp4,jumpstyle dancing,k400,0,32,224x224
3317,knitting/UZcDfLO--hw.mp4,knitting,k400,0,32,224x224
3318,bending back/JUI6H1185G4.mp4,bending back,k400,0,32,224x224
3319,belly dancing/c35uT8EvBq4.mp4,belly dancing,k400,0,32,224x224
3320,tobogganing/z_aXYKY8z6g.mp4,tobogganing,k400,0,32,224x224
3321,training dog/ZnLuo8WZdEw.mp4,training dog,k400,0,32,224x224
3322,busking/WkcMCXZaRI8.mp4,busking,k400,0,32,224x224
3323,shuffling cards/lSdpbTKqsEE.mp4,shuffling cards,k400,0,32,224x224
3324,washing dishes/woIxvYOk8Qs.mp4,washing dishes,k400,0,32,224x224
3325,playing guitar/mgrk-bcXzf4.mp4,playing guitar,k400,0,32,224x224
3326,garbage collecting/06xpoVe6ZoQ.mp4,garbage collecting,k400,0,32,224x224
3327,playing badminton/jaIkrqCwc7k.mp4,playing badminton,k400,0,32,224x224
3328,front raises/XRo1w9-QQ28.mp4,front raises,k400,0,32,224x224
3329,windsurfing/olQXZMiQm4k.mp4,windsurfing,k400,0,32,224x224
3330,climbing tree/xTiOmMsvkX8.mp4,climbing tree,k400,0,32,224x224
3331,squat/QFiQ_5b87WQ.mp4,squat,k400,0,32,224x224
3332,chopping wood/mPG6KZj6RsA.mp4,chopping wood,k400,0,32,224x224
3333,squat/erQj1iWoqVo.mp4,squat,k400,0,32,224x224
3334,planting trees/feiJPP8vuRk.mp4,planting trees,k400,0,32,224x224
3335,blowing glass/lS5EbUM5_W8.mp4,blowing glass,k400,0,32,224x224
3336,wrapping present/y_I8WzhDHA4.mp4,wrapping present,k400,0,32,224x224
3337,feeding birds/sFBVcKw00OA.mp4,feeding birds,k400,0,32,224x224
3338,weaving basket/jtUNncuX_bI.mp4,weaving basket,k400,0,32,224x224
3339,playing cards/-raqQwjhUZU.mp4,playing cards,k400,0,32,224x224
3340,shearing sheep/_yy_FMAHUQA.mp4,shearing sheep,k400,0,32,224x224
3341,using computer/Df8qKN0H36k.mp4,using computer,k400,0,32,224x224
3342,eating ice cream/g4rfAM4pV7g.mp4,eating ice cream,k400,0,32,224x224
3343,ice fishing/20VZNYJoI8Q.mp4,ice fishing,k400,0,32,224x224
3344,playing paintball/nSmKLspSQj8.mp4,playing paintball,k400,0,32,224x224
3345,grinding meat/mGro-7a5NxM.mp4,grinding meat,k400,0,32,224x224
3346,clapping/yyXONzUF9As.mp4,clapping,k400,0,32,224x224
3347,capoeira/HF2HmuDUaAY.mp4,capoeira,k400,0,32,224x224
3348,shoveling snow/Xcub3d3Zovo.mp4,shoveling snow,k400,0,32,224x224
3349,answering questions/6Am-TQ0OeFU.mp4,answering questions,k400,0,32,224x224
3350,playing violin/WMLd9ubXRrg.mp4,playing violin,k400,0,32,224x224
3351,tapping guitar/QXZ7SOWuD-o.mp4,tapping guitar,k400,0,32,224x224
3352,passing American football (in game)/KqcOyh34-HM.mp4,passing American football (in game),k400,0,32,224x224
3353,riding elephant/f80-OT3Yw0E.mp4,riding elephant,k400,0,32,224x224
3354,baby waking up/Vt_nL3qwFoQ.mp4,baby waking up,k400,0,32,224x224
3355,blowing nose/wHAoJwcyKLI.mp4,blowing nose,k400,0,32,224x224
3356,texting/HBoAVRStAGo.mp4,texting,k400,0,32,224x224
3357,decorating the christmas tree/fUOdp9IYZr0.mp4,decorating the christmas tree,k400,0,32,224x224
3358,tap dancing/J8meqbE6gZI.mp4,tap dancing,k400,0,32,224x224
3359,applauding/xnaNqiw4wQo.mp4,applauding,k400,0,32,224x224
3360,snowboarding/XMbVfBc-75E.mp4,snowboarding,k400,0,32,224x224
3361,decorating the christmas tree/HcCBbfSjVTc.mp4,decorating the christmas tree,k400,0,32,224x224
3362,diving cliff/x_x4v3_FQ4w.mp4,diving cliff,k400,0,32,224x224
3363,cleaning gutters/Bug1EQbqyLk.mp4,cleaning gutters,k400,0,32,224x224
3364,playing badminton/y49THHNdqj8.mp4,playing badminton,k400,0,32,224x224
3365,getting a haircut/0ZHZ1ZqmT7s.mp4,getting a haircut,k400,0,32,224x224
3366,playing trombone/Kgm8Mx-p5LM.mp4,playing trombone,k400,0,32,224x224
3367,weaving basket/O3GEdFq-fxA.mp4,weaving basket,k400,0,32,224x224
3368,arm wrestling/QThx5znFlUo.mp4,arm wrestling,k400,0,32,224x224
3369,eating spaghetti/a26x4FTIt3s.mp4,eating spaghetti,k400,0,32,224x224
3370,washing hands/2u9feiUCbag.mp4,washing hands,k400,0,32,224x224
3371,using computer/ChZC90xLURQ.mp4,using computer,k400,0,32,224x224
3372,water skiing/VVPvwfmlTRU.mp4,water skiing,k400,0,32,224x224
3373,sneezing/hYG5D_MURVU.mp4,sneezing,k400,0,32,224x224
3374,playing accordion/kinGlozU0Wo.mp4,playing accordion,k400,0,32,224x224
3375,trapezing/_SWUe5-CRLE.mp4,trapezing,k400,0,32,224x224
3376,salsa dancing/2BBucOyNKA8.mp4,salsa dancing,k400,0,32,224x224
3377,shaving head/e_LZGHPsJZQ.mp4,shaving head,k400,0,32,224x224
3378,playing bagpipes/g0O1gLSr-wM.mp4,playing bagpipes,k400,0,32,224x224
3379,hula hooping/f4TX5_YFtUY.mp4,hula hooping,k400,0,32,224x224
3380,stomping grapes/HPiXOwZe22I.mp4,stomping grapes,k400,0,32,224x224
3381,shearing sheep/J_qjp5MAxnM.mp4,shearing sheep,k400,0,32,224x224
3382,swinging legs/WJNIUG8vqrw.mp4,swinging legs,k400,0,32,224x224
3383,flying kite/6zmh0D4YBzw.mp4,flying kite,k400,0,32,224x224
3384,playing squash or racquetball/qvebUHM3go8.mp4,playing squash or racquetball,k400,0,32,224x224
3385,pushing wheelchair/rruTZ5-u794.mp4,pushing wheelchair,k400,0,32,224x224
3386,petting animal (not cat)/aSYjCl7fwM0.mp4,petting animal (not cat),k400,0,32,224x224
3387,tying tie/nEkrhAzOFqg.mp4,tying tie,k400,0,32,224x224
3388,somersaulting/bBMS2Zow3Fw.mp4,somersaulting,k400,0,32,224x224
3389,unloading truck/YxGJMmtBEIU.mp4,unloading truck,k400,0,32,224x224
3390,spray painting/8JTcU9MP6wM.mp4,spray painting,k400,0,32,224x224
3391,playing squash or racquetball/6-Bl7GecV-E.mp4,playing squash or racquetball,k400,0,32,224x224
3392,riding or walking with horse/5oTTHnVmBpc.mp4,riding or walking with horse,k400,0,32,224x224
3393,zumba/zJ02DQzZ8eg.mp4,zumba,k400,0,32,224x224
3394,crawling baby/w20_n8-sMfo.mp4,crawling baby,k400,0,32,224x224
3395,high kick/ESiT9txoY_A.mp4,high kick,k400,0,32,224x224
3396,feeding fish/2-44tHyZFU0.mp4,feeding fish,k400,0,32,224x224
3397,ski jumping/a8uN7-Ea_7M.mp4,ski jumping,k400,0,32,224x224
3398,playing drums/mfb4BkZD2Q0.mp4,playing drums,k400,0,32,224x224
3399,playing drums/tqTkn3j20jQ.mp4,playing drums,k400,0,32,224x224
3400,snorkeling/LNjIcCLjIOA.mp4,snorkeling,k400,0,32,224x224
3401,catching or throwing softball/9V12UTUlZis.mp4,catching or throwing softball,k400,0,32,224x224
3402,bobsledding/ztM2kzysGgI.mp4,bobsledding,k400,0,32,224x224
3403,zumba/kI6ICzcZYK4.mp4,zumba,k400,0,32,224x224
3404,climbing tree/Hf_yv87mNbs.mp4,climbing tree,k400,0,32,224x224
3405,jumping into pool/5nukwuBpl9w.mp4,jumping into pool,k400,0,32,224x224
3406,cooking egg/lVfYNqAmji0.mp4,cooking egg,k400,0,32,224x224
3407,pull ups/TlUpwQnReI8.mp4,pull ups,k400,0,32,224x224
3408,playing recorder/p8boB-BLQhI.mp4,playing recorder,k400,0,32,224x224
3409,blasting sand/IPpbk9FsKTo.mp4,blasting sand,k400,0,32,224x224
3410,blasting sand/DbRziEE8tWQ.mp4,blasting sand,k400,0,32,224x224
3411,braiding hair/OPThMxDSOyM.mp4,braiding hair,k400,0,32,224x224
3412,motorcycling/jlk-H-MBkJs.mp4,motorcycling,k400,0,32,224x224
3413,riding mule/J3t78EEWTis.mp4,riding mule,k400,0,32,224x224
3414,scuba diving/R62ikX1dOGQ.mp4,scuba diving,k400,0,32,224x224
3415,changing oil/lpiT7_w5NdA.mp4,changing oil,k400,0,32,224x224
3416,jumping into pool/qWNQR3jaagc.mp4,jumping into pool,k400,0,32,224x224
3417,side kick/cnFnGmRh_30.mp4,side kick,k400,0,32,224x224
3418,riding unicycle/_P0lBehW71I.mp4,riding unicycle,k400,0,32,224x224
3419,giving or receiving award/Gn1PMdxnugo.mp4,giving or receiving award,k400,0,32,224x224
3420,making a sandwich/CLUcbu82co4.mp4,making a sandwich,k400,0,32,224x224
3421,playing ice hockey/WynoghSHHPQ.mp4,playing ice hockey,k400,0,32,224x224
3422,ice climbing/stnr5RG-Hv4.mp4,ice climbing,k400,0,32,224x224
3423,tapping guitar/FJajhKwCMeo.mp4,tapping guitar,k400,0,32,224x224
3424,drinking/JIbVao_G8m8.mp4,drinking,k400,0,32,224x224
3425,passing American football (in game)/roJmdjRiZE4.mp4,passing American football (in game),k400,0,32,224x224
3426,salsa dancing/09Hbbin_TK0.mp4,salsa dancing,k400,0,32,224x224
3427,high jump/imcvhKDTb-Q.mp4,high jump,k400,0,32,224x224
3428,high jump/TS_Y0gXXZWY.mp4,high jump,k400,0,32,224x224
3429,punching person (boxing)/CqL0413qBfo.mp4,punching person (boxing),k400,0,32,224x224
3430,tobogganing/QWQXcf9b820.mp4,tobogganing,k400,0,32,224x224
3431,canoeing or kayaking/P16DwZkslUI.mp4,canoeing or kayaking,k400,0,32,224x224
3432,gymnastics tumbling/YDkzsq1kvNg.mp4,gymnastics tumbling,k400,0,32,224x224
3433,making pizza/u2UnkBBWpqs.mp4,making pizza,k400,0,32,224x224
3434,holding snake/JrzVkthM7F4.mp4,holding snake,k400,0,32,224x224
3435,bench pressing/gWszV_R2qsk.mp4,bench pressing,k400,0,32,224x224
3436,spinning poi/gI5KXEbjNnE.mp4,spinning poi,k400,0,32,224x224
3437,salsa dancing/2dufB6hb7bA.mp4,salsa dancing,k400,0,32,224x224
3438,washing feet/gGL_S1h_XIg.mp4,washing feet,k400,0,32,224x224
3439,dancing ballet/kgHbV6kxZzI.mp4,dancing ballet,k400,0,32,224x224
3440,snowboarding/2SMKAd3tnYk.mp4,snowboarding,k400,0,32,224x224
3441,making pizza/vrt_mrsM-U0.mp4,making pizza,k400,0,32,224x224
3442,situp/HDwFep1f7Uk.mp4,situp,k400,0,32,224x224
3443,dancing macarena/QyPUP8EOE0Y.mp4,dancing macarena,k400,0,32,224x224
3444,riding unicycle/bY8fU-Q-K1Q.mp4,riding unicycle,k400,0,32,224x224
3445,shaking head/brJ4OlM9A1g.mp4,shaking head,k400,0,32,224x224
3446,juggling balls/cB_K6f8mXIg.mp4,juggling balls,k400,0,32,224x224
3447,laughing/AWjye1GnwX0.mp4,laughing,k400,0,32,224x224
3448,snowboarding/9V9He88-24E.mp4,snowboarding,k400,0,32,224x224
3449,laughing/MKnWpZc-MkI.mp4,laughing,k400,0,32,224x224
3450,kicking soccer ball/-nwugnzr8JA.mp4,kicking soccer ball,k400,0,32,224x224
3451,grooming horse/yiK3aZyM_C8.mp4,grooming horse,k400,0,32,224x224
3452,headbanging/akqpDmTos1Y.mp4,headbanging,k400,0,32,224x224
3453,push up/RuOSy8kXPRg.mp4,push up,k400,0,32,224x224
3454,playing ice hockey/I9EB201_yAc.mp4,playing ice hockey,k400,0,32,224x224
3455,picking fruit/_XV4yV82tOY.mp4,picking fruit,k400,0,32,224x224
3456,riding unicycle/MBTtUIeEyOI.mp4,riding unicycle,k400,0,32,224x224
3457,squat/krtz1b0v490.mp4,squat,k400,0,32,224x224
3458,bookbinding/aD1YDRW3t_4.mp4,bookbinding,k400,0,32,224x224
3459,sign language interpreting/whn8Wh9dMKc.mp4,sign language interpreting,k400,0,32,224x224
3460,unloading truck/RMLhtkmHcqo.mp4,unloading truck,k400,0,32,224x224
3461,catching or throwing frisbee/598s4riqw3M.mp4,catching or throwing frisbee,k400,0,32,224x224
3462,skiing (not slalom or crosscountry)/bVpseAjSrRE.mp4,skiing (not slalom or crosscountry),k400,0,32,224x224
3463,riding mechanical bull/tthCKysG__w.mp4,riding mechanical bull,k400,0,32,224x224
3464,blowing out candles/eh6qoQFj1fs.mp4,blowing out candles,k400,0,32,224x224
3465,curling hair/ZpXLjVJ_NiA.mp4,curling hair,k400,0,32,224x224
3466,changing wheel/niNI0znGiTY.mp4,changing wheel,k400,0,32,224x224
3467,braiding hair/oVeRi6_ZaSc.mp4,braiding hair,k400,0,32,224x224
3468,milking cow/z5XQuKlbUP4.mp4,milking cow,k400,0,32,224x224
3469,abseiling/ABVY2X5gybE.mp4,abseiling,k400,0,32,224x224
3470,high jump/KqaQc0KGQfg.mp4,high jump,k400,0,32,224x224
3471,tapping guitar/fdwvtYrlhk4.mp4,tapping guitar,k400,0,32,224x224
3472,throwing discus/H-89vEoboYg.mp4,throwing discus,k400,0,32,224x224
3473,blowing out candles/fyD93hST9MU.mp4,blowing out candles,k400,0,32,224x224
3474,lunge/UM5rCClwRhc.mp4,lunge,k400,0,32,224x224
3475,eating spaghetti/JBByE-geFlE.mp4,eating spaghetti,k400,0,32,224x224
3476,counting money/gXzJCvhcnMk.mp4,counting money,k400,0,32,224x224
3477,curling hair/4tR7PwD8814.mp4,curling hair,k400,0,32,224x224
3478,bee keeping/TCuicUK8Jb8.mp4,bee keeping,k400,0,32,224x224
3479,spray painting/23bA_5yadxs.mp4,spray painting,k400,0,32,224x224
3480,jumping into pool/jNynQm5F4CY.mp4,jumping into pool,k400,0,32,224x224
3481,brush painting/Snyk3Mp9zxs.mp4,brush painting,k400,0,32,224x224
3482,smoking/VT8bbWpNbGk.mp4,smoking,k400,0,32,224x224
3483,riding or walking with horse/IM7xaedJ4Fo.mp4,riding or walking with horse,k400,0,32,224x224
3484,smoking hookah/RTPhGCWV-cI.mp4,smoking hookah,k400,0,32,224x224
3485,playing cello/Y0RX95EgLu4.mp4,playing cello,k400,0,32,224x224
3486,playing paintball/j9nmN_rRRH8.mp4,playing paintball,k400,0,32,224x224
3487,capoeira/ceXdwIxEMYk.mp4,capoeira,k400,0,32,224x224
3488,dying hair/hJrmtPyWG2k.mp4,dying hair,k400,0,32,224x224
3489,headbutting/NaS5D3_8Suo.mp4,headbutting,k400,0,32,224x224
3490,riding or walking with horse/HBCm9b76WFs.mp4,riding or walking with horse,k400,0,32,224x224
3491,sneezing/3NiWnN7nLOY.mp4,sneezing,k400,0,32,224x224
3492,skiing (not slalom or crosscountry)/oJSnwSqeZdw.mp4,skiing (not slalom or crosscountry),k400,0,32,224x224
3493,headbutting/1uMRRunRfX8.mp4,headbutting,k400,0,32,224x224
3494,drop kicking/eMxOhAHqXcM.mp4,drop kicking,k400,0,32,224x224
3495,bee keeping/wg3bjNafb-s.mp4,bee keeping,k400,0,32,224x224
3496,contact juggling/2qytZXP-FpA.mp4,contact juggling,k400,0,32,224x224
3497,stretching leg/rcHqMqW4KLs.mp4,stretching leg,k400,0,32,224x224
3498,sailing/nDN5EYLYbDU.mp4,sailing,k400,0,32,224x224
3499,skiing (not slalom or crosscountry)/gVBXbFvvi4A.mp4,skiing (not slalom or crosscountry),k400,0,32,224x224
3500,cheerleading/fN6nTARTIRI.mp4,cheerleading,k400,0,32,224x224
3501,opening bottle/G8eiAjDcB_Q.mp4,opening bottle,k400,0,32,224x224
3502,breakdancing/jFUthwVXmYc.mp4,breakdancing,k400,0,32,224x224
3503,blasting sand/ziSbF92tCao.mp4,blasting sand,k400,0,32,224x224
3504,testifying/1LgkbJjrhKI.mp4,testifying,k400,0,32,224x224
3505,playing harmonica/fPXh640TC5c.mp4,playing harmonica,k400,0,32,224x224
3506,sharpening knives/_CbPK4k-gJs.mp4,sharpening knives,k400,0,32,224x224
3507,chopping wood/kWLGyFa745Y.mp4,chopping wood,k400,0,32,224x224
3508,deadlifting/IPKbUa75Nvw.mp4,deadlifting,k400,0,32,224x224
3509,biking through snow/2qLcI3OiKNw.mp4,biking through snow,k400,0,32,224x224
3510,catching or throwing softball/p7yGgWeBG2E.mp4,catching or throwing softball,k400,0,32,224x224
3511,playing trumpet/JcJYnBs7e5E.mp4,playing trumpet,k400,0,32,224x224
3512,catching or throwing frisbee/HBooKfe8G44.mp4,catching or throwing frisbee,k400,0,32,224x224
3513,shaking head/uaBmEaGrdFU.mp4,shaking head,k400,0,32,224x224
3514,krumping/5bWTpelJMJY.mp4,krumping,k400,0,32,224x224
3515,waxing back/zbd0LX8Srjw.mp4,waxing back,k400,0,32,224x224
3516,giving or receiving award/wlDWaqGLfVs.mp4,giving or receiving award,k400,0,32,224x224
3517,jetskiing/fTzCuNPiu4A.mp4,jetskiing,k400,0,32,224x224
3518,breakdancing/0H6ylMAcLWE.mp4,breakdancing,k400,0,32,224x224
3519,waxing chest/AeThGDV_9P0.mp4,waxing chest,k400,0,32,224x224
3520,brushing teeth/DBQQZQGm_Mg.mp4,brushing teeth,k400,0,32,224x224
3521,brushing hair/8aOTGQBxPF0.mp4,brushing hair,k400,0,32,224x224
3522,windsurfing/k6DLVZdQHN8.mp4,windsurfing,k400,0,32,224x224
3523,texting/paQfDDs5ctU.mp4,texting,k400,0,32,224x224
3524,arm wrestling/PHhPU-31AR8.mp4,arm wrestling,k400,0,32,224x224
3525,swimming backstroke/THdc3lQpa0s.mp4,swimming backstroke,k400,0,32,224x224
3526,vault/f6tmkLN6RSU.mp4,vault,k400,0,32,224x224
3527,cutting nails/eSTBlNbGhko.mp4,cutting nails,k400,0,32,224x224
3528,drinking shots/r61GxRuSEXY.mp4,drinking shots,k400,0,32,224x224
3529,bench pressing/Gt9ZZttmR3w.mp4,bench pressing,k400,0,32,224x224
3530,stretching leg/EsxSrHv6TGM.mp4,stretching leg,k400,0,32,224x224
3531,reading book/rqb2EJEHpC0.mp4,reading book,k400,0,32,224x224
3532,making a cake/OdJcIS2y8HI.mp4,making a cake,k400,0,32,224x224
3533,marching/oYvkBNK4icQ.mp4,marching,k400,0,32,224x224
3534,cutting watermelon/bLpL6l5U-Z0.mp4,cutting watermelon,k400,0,32,224x224
3535,waxing legs/ueR-yY8QWmY.mp4,waxing legs,k400,0,32,224x224
3536,skiing (not slalom or crosscountry)/3Ik9Md430e4.mp4,skiing (not slalom or crosscountry),k400,0,32,224x224
3537,carrying baby/yRbZQQQ45Xw.mp4,carrying baby,k400,0,32,224x224
3538,riding elephant/sQpS-6-O_HQ.mp4,riding elephant,k400,0,32,224x224
3539,juggling soccer ball/I5k-Ry9CY-o.mp4,juggling soccer ball,k400,0,32,224x224
3540,kitesurfing/ffaubrC_Zeg.mp4,kitesurfing,k400,0,32,224x224
3541,throwing axe/iF9bqHZ8LsQ.mp4,throwing axe,k400,0,32,224x224
3542,capoeira/33IjN-RyuVc.mp4,capoeira,k400,0,32,224x224
3543,cooking sausages/ruoXUbN3EKI.mp4,cooking sausages,k400,0,32,224x224
3544,swing dancing/LjuwG65Z_GU.mp4,swing dancing,k400,0,32,224x224
3545,barbequing/OuUFSFJdOD8.mp4,barbequing,k400,0,32,224x224
3546,milking cow/tg3FcOtYkg4.mp4,milking cow,k400,0,32,224x224
3547,rock climbing/mGj7_KvnzW0.mp4,rock climbing,k400,0,32,224x224
3548,dribbling basketball/l2eESTdz1S8.mp4,dribbling basketball,k400,0,32,224x224
3549,jumping into pool/GdqHQ7a8bmY.mp4,jumping into pool,k400,0,32,224x224
3550,stretching arm/Q7lhahyE2Gs.mp4,stretching arm,k400,0,32,224x224
3551,tying knot (not on a tie)/4Z3PDAiOjcU.mp4,tying knot (not on a tie),k400,0,32,224x224
3552,whistling/YAtS8LxqQdY.mp4,whistling,k400,0,32,224x224
3553,hockey stop/0nb_AmZWYms.mp4,hockey stop,k400,0,32,224x224
3554,dunking basketball/FOlPRTXXIl4.mp4,dunking basketball,k400,0,32,224x224
3555,jetskiing/kExwdkNCkFM.mp4,jetskiing,k400,0,32,224x224
3556,playing didgeridoo/_-AmcKwQmPs.mp4,playing didgeridoo,k400,0,32,224x224
3557,archery/08b9nh7a3i8.mp4,archery,k400,0,32,224x224
3558,ice skating/ZNirjC8QGn8.mp4,ice skating,k400,0,32,224x224
3559,sticking tongue out/VVnEvwodAWE.mp4,sticking tongue out,k400,0,32,224x224
3560,playing volleyball/mCFiT2JPQqA.mp4,playing volleyball,k400,0,32,224x224
3561,eating spaghetti/ztZ8pOQO394.mp4,eating spaghetti,k400,0,32,224x224
3562,playing piano/lw8wWhFDPdA.mp4,playing piano,k400,0,32,224x224
3563,watering plants/yrx4HGW2tBg.mp4,watering plants,k400,0,32,224x224
3564,snowkiting/dIcrF81xFF0.mp4,snowkiting,k400,0,32,224x224
3565,diving cliff/8I86uWBpR3E.mp4,diving cliff,k400,0,32,224x224
3566,punching bag/On5CoMiTWV8.mp4,punching bag,k400,0,32,224x224
3567,eating ice cream/fS9DCWBmt8k.mp4,eating ice cream,k400,0,32,224x224
3568,peeling apples/HqNWe1An0DU.mp4,peeling apples,k400,0,32,224x224
3569,catching or throwing softball/0MoMvjxdSZM.mp4,catching or throwing softball,k400,0,32,224x224
3570,folding napkins/92x9ZSGE8Io.mp4,folding napkins,k400,0,32,224x224
3571,scuba diving/6Wl-a6x_csk.mp4,scuba diving,k400,0,32,224x224
3572,cutting nails/rvLRY2gSY8M.mp4,cutting nails,k400,0,32,224x224
3573,stretching arm/XUy3SOIGxLQ.mp4,stretching arm,k400,0,32,224x224
3574,washing hands/k-psS55m4GU.mp4,washing hands,k400,0,32,224x224
3575,javelin throw/6gMGxgzaLz8.mp4,javelin throw,k400,0,32,224x224
3576,feeding birds/_BOQqUy0uDA.mp4,feeding birds,k400,0,32,224x224
3577,diving cliff/jZow9sxorY8.mp4,diving cliff,k400,0,32,224x224
3578,dunking basketball/x1LZBU1u2q4.mp4,dunking basketball,k400,0,32,224x224
3579,picking fruit/1gIVwBdd4nE.mp4,picking fruit,k400,0,32,224x224
3580,dribbling basketball/0TBAM9jwSrY.mp4,dribbling basketball,k400,0,32,224x224
3581,ski jumping/3XgZeVWwkA8.mp4,ski jumping,k400,0,32,224x224
3582,massaging feet/uxdeWNcS944.mp4,massaging feet,k400,0,32,224x224
3583,ice climbing/HAfuxO0K_n4.mp4,ice climbing,k400,0,32,224x224
3584,mowing lawn/cfvTaqo06Rg.mp4,mowing lawn,k400,0,32,224x224
3585,reading newspaper/EzHU7JUjRTw.mp4,reading newspaper,k400,0,32,224x224
3586,headbanging/8HFWF0f3Rd4.mp4,headbanging,k400,0,32,224x224
3587,washing feet/xYzWvHgkJLs.mp4,washing feet,k400,0,32,224x224
3588,playing poker/3IIryt0of4w.mp4,playing poker,k400,0,32,224x224
3589,driving tractor/KvVlI6f5y-k.mp4,driving tractor,k400,0,32,224x224
3590,spraying/2esUhKksOUs.mp4,spraying,k400,0,32,224x224
3591,washing dishes/9afe3QsP6PY.mp4,washing dishes,k400,0,32,224x224
3592,ripping paper/cRoKp1r2Jl4.mp4,ripping paper,k400,0,32,224x224
3593,dribbling basketball/hYwVX-GgtEE.mp4,dribbling basketball,k400,0,32,224x224
3594,salsa dancing/VzfigmxzhrQ.mp4,salsa dancing,k400,0,32,224x224
3595,shaking head/XNsScn5QN18.mp4,shaking head,k400,0,32,224x224
3596,making bed/ZRm7lju_Ink.mp4,making bed,k400,0,32,224x224
3597,scrambling eggs/dwfPhixX2uw.mp4,scrambling eggs,k400,0,32,224x224
3598,bee keeping/ddfN8y7PVSw.mp4,bee keeping,k400,0,32,224x224
3599,counting money/8PMGPx1A8rA.mp4,counting money,k400,0,32,224x224
3600,playing ukulele/67yEhn2tVmg.mp4,playing ukulele,k400,0,32,224x224
3601,squat/nrnfdOBkcIk.mp4,squat,k400,0,32,224x224
3602,canoeing or kayaking/xqwNrxQ5M1s.mp4,canoeing or kayaking,k400,0,32,224x224
3603,golf putting/J67_lbpTnxg.mp4,golf putting,k400,0,32,224x224
3604,parasailing/vw1LNByHYBI.mp4,parasailing,k400,0,32,224x224
3605,catching or throwing frisbee/4ZGOmbxPZ1s.mp4,catching or throwing frisbee,k400,0,32,224x224
3606,riding mule/CmerkCCPL0s.mp4,riding mule,k400,0,32,224x224
3607,hoverboarding/tGRpphyoYYw.mp4,hoverboarding,k400,0,32,224x224
3608,playing cards/t3-8UhGZa0M.mp4,playing cards,k400,0,32,224x224
3609,brushing teeth/RgMyTxZc5Q0.mp4,brushing teeth,k400,0,32,224x224
3610,long jump/0tYkTCg2Amc.mp4,long jump,k400,0,32,224x224
3611,waxing chest/HWYN9VX_cCI.mp4,waxing chest,k400,0,32,224x224
3612,capoeira/cHBkP4Gv8GM.mp4,capoeira,k400,0,32,224x224
3613,stretching arm/ORJHKJ-K0lY.mp4,stretching arm,k400,0,32,224x224
3614,checking tires/HjJNB1qFvZw.mp4,checking tires,k400,0,32,224x224
3615,massaging back/uYwAZJ5TCrc.mp4,massaging back,k400,0,32,224x224
3616,playing guitar/rBBZ7xm8qEw.mp4,playing guitar,k400,0,32,224x224
3617,building shed/q2lFB35eBrw.mp4,building shed,k400,0,32,224x224
3618,planting trees/9BJ24P8dfLo.mp4,planting trees,k400,0,32,224x224
3619,making bed/84YdIpJp618.mp4,making bed,k400,0,32,224x224
3620,cooking egg/Kb_4ulzI3og.mp4,cooking egg,k400,0,32,224x224
3621,stretching arm/RfYyu5QcJj0.mp4,stretching arm,k400,0,32,224x224
3622,texting/C_A6_XkTi_o.mp4,texting,k400,0,32,224x224
3623,swing dancing/BmGHDe6bg6E.mp4,swing dancing,k400,0,32,224x224
3624,stretching leg/L2b8iid80G4.mp4,stretching leg,k400,0,32,224x224
3625,surfing water/OIlniWAxSsM.mp4,surfing water,k400,0,32,224x224
3626,waxing legs/qWXwkgWLTK4.mp4,waxing legs,k400,0,32,224x224
3627,swimming backstroke/lRRnKIuIY08.mp4,swimming backstroke,k400,0,32,224x224
3628,parasailing/DkKOq6Igo_M.mp4,parasailing,k400,0,32,224x224
3629,laying bricks/lORIZ1shRIM.mp4,laying bricks,k400,0,32,224x224
3630,snorkeling/v8R6k8eB1YQ.mp4,snorkeling,k400,0,32,224x224
3631,waxing legs/jaBMsK_JIcA.mp4,waxing legs,k400,0,32,224x224
3632,diving cliff/827mh4z_A5Y.mp4,diving cliff,k400,0,32,224x224
3633,ice climbing/xLsFUtbX51Y.mp4,ice climbing,k400,0,32,224x224
3634,smoking/EsANK8DdK8U.mp4,smoking,k400,0,32,224x224
3635,playing controller/FaKmCGnGhxg.mp4,playing controller,k400,0,32,224x224
3636,biking through snow/oVpOsfuRXgg.mp4,biking through snow,k400,0,32,224x224
3637,snowkiting/UDnp5rsMirk.mp4,snowkiting,k400,0,32,224x224
3638,tying tie/O1qWHsaB4B0.mp4,tying tie,k400,0,32,224x224
3639,shuffling cards/-S5q7b5fBPs.mp4,shuffling cards,k400,0,32,224x224
3640,blowing out candles/984q0X_Y_pg.mp4,blowing out candles,k400,0,32,224x224
3641,disc golfing/y9tpKmP84Kg.mp4,disc golfing,k400,0,32,224x224
3642,planting trees/MD0p5cHS56o.mp4,planting trees,k400,0,32,224x224
3643,tango dancing/NIWrxHAoluc.mp4,tango dancing,k400,0,32,224x224
3644,swimming butterfly stroke/5Jn9UCY9Vwg.mp4,swimming butterfly stroke,k400,0,32,224x224
3645,brushing teeth/xi4008ykcCo.mp4,brushing teeth,k400,0,32,224x224
3646,scuba diving/vdNL2Dj2-uY.mp4,scuba diving,k400,0,32,224x224
3647,salsa dancing/9V_hTN1qQBE.mp4,salsa dancing,k400,0,32,224x224
3648,eating chips/EjlzQ6kxHYM.mp4,eating chips,k400,0,32,224x224
3649,air drumming/5M80ZTWfzOU.mp4,air drumming,k400,0,32,224x224
3650,knitting/_MVoZg7hG20.mp4,knitting,k400,0,32,224x224
3651,biking through snow/v15OXyR_9Y8.mp4,biking through snow,k400,0,32,224x224
3652,ski jumping/1TrsTk09X8w.mp4,ski jumping,k400,0,32,224x224
3653,folding clothes/AvVNMkxYPGk.mp4,folding clothes,k400,0,32,224x224
3654,playing xylophone/0mFo7i_SRc4.mp4,playing xylophone,k400,0,32,224x224
3655,playing cymbals/3uyVcoxbPsg.mp4,playing cymbals,k400,0,32,224x224
3656,dining/inQpRVLTLEU.mp4,dining,k400,0,32,224x224
3657,extinguishing fire/Mwreo2lMhcI.mp4,extinguishing fire,k400,0,32,224x224
3658,yoga/sROozDIfa_A.mp4,yoga,k400,0,32,224x224
3659,ripping paper/4N7qqPTZ0P8.mp4,ripping paper,k400,0,32,224x224
3660,applying cream/NtdRNsfmdYY.mp4,applying cream,k400,0,32,224x224
3661,playing tennis/OFodVRM-DHw.mp4,playing tennis,k400,0,32,224x224
3662,playing saxophone/V2yIWokiarc.mp4,playing saxophone,k400,0,32,224x224
3663,ice climbing/3k6C6AoQ2Bc.mp4,ice climbing,k400,0,32,224x224
3664,sharpening pencil/7WdzKtPqeaA.mp4,sharpening pencil,k400,0,32,224x224
3665,playing poker/YnffjKwI2js.mp4,playing poker,k400,0,32,224x224
3666,blowing leaves/Oe6UTZUXCrQ.mp4,blowing leaves,k400,0,32,224x224
3667,knitting/xlAwsEcvjDI.mp4,knitting,k400,0,32,224x224
3668,riding scooter/jPKI34QCaeQ.mp4,riding scooter,k400,0,32,224x224
3669,playing drums/Maz_RXcQFhs.mp4,playing drums,k400,0,32,224x224
3670,playing organ/EvjfIWT8KhU.mp4,playing organ,k400,0,32,224x224
3671,headbanging/XDPnpfSOvp8.mp4,headbanging,k400,0,32,224x224
3672,applauding/GBG55ZwGS-Y.mp4,applauding,k400,0,32,224x224
3673,snowmobiling/sTQt1sSbHo8.mp4,snowmobiling,k400,0,32,224x224
3674,ripping paper/W_3dgRLv5Mk.mp4,ripping paper,k400,0,32,224x224
3675,jetskiing/f8xbaiG4Wl8.mp4,jetskiing,k400,0,32,224x224
3676,shearing sheep/PRB3uCXAlsc.mp4,shearing sheep,k400,0,32,224x224
3677,snowboarding/_MVQtBQuAB0.mp4,snowboarding,k400,0,32,224x224
3678,hula hooping/Y2851--Qhpo.mp4,hula hooping,k400,0,32,224x224
3679,counting money/KT3UtnB9cCE.mp4,counting money,k400,0,32,224x224
3680,eating hotdog/sHsIYIUCyV4.mp4,eating hotdog,k400,0,32,224x224
3681,pumping fist/r45uXrINTXY.mp4,pumping fist,k400,0,32,224x224
3682,driving car/yNSe9jMq994.mp4,driving car,k400,0,32,224x224
3683,hitting baseball/kJ5AqLms8KE.mp4,hitting baseball,k400,0,32,224x224
3684,curling hair/6LCvm9D1A2A.mp4,curling hair,k400,0,32,224x224
3685,riding elephant/mh9a2tgUwG8.mp4,riding elephant,k400,0,32,224x224
3686,massaging back/PFvRVyHzLM8.mp4,massaging back,k400,0,32,224x224
3687,disc golfing/0PX-e1Vszs4.mp4,disc golfing,k400,0,32,224x224
3688,hammer throw/DCgUSPjsO6g.mp4,hammer throw,k400,0,32,224x224
3689,stretching leg/Ta4Vj0ICe6A.mp4,stretching leg,k400,0,32,224x224
3690,playing tennis/qLC17kp_fpo.mp4,playing tennis,k400,0,32,224x224
3691,catching or throwing frisbee/85XBMkz9AY8.mp4,catching or throwing frisbee,k400,0,32,224x224
3692,cartwheeling/IRs_scrLLLs.mp4,cartwheeling,k400,0,32,224x224
3693,doing aerobics/_ZujEyyrR_Q.mp4,doing aerobics,k400,0,32,224x224
3694,golf putting/cN3t20qz9FM.mp4,golf putting,k400,0,32,224x224
3695,feeding fish/4XjzB0S7dlY.mp4,feeding fish,k400,0,32,224x224
3696,archery/bfYXfdKIcTs.mp4,archery,k400,0,32,224x224
3697,disc golfing/hdL4HbCaB2s.mp4,disc golfing,k400,0,32,224x224
3698,skiing (not slalom or crosscountry)/pD2vDnNGqjY.mp4,skiing (not slalom or crosscountry),k400,0,32,224x224
3699,playing cello/8q7dhmgZniw.mp4,playing cello,k400,0,32,224x224
3700,singing/m2UpF2X-wUw.mp4,singing,k400,0,32,224x224
3701,balloon blowing/G0Q_-t7MSmA.mp4,balloon blowing,k400,0,32,224x224
3702,fixing hair/AQZQMW6UJ0Y.mp4,fixing hair,k400,0,32,224x224
3703,ice skating/JYDL3MVGcQs.mp4,ice skating,k400,0,32,224x224
3704,playing badminton/Hs20-6tulPU.mp4,playing badminton,k400,0,32,224x224
3705,jetskiing/kxKcsIDeNCI.mp4,jetskiing,k400,0,32,224x224
3706,waxing chest/2UGukKzb2oI.mp4,waxing chest,k400,0,32,224x224
3707,shoveling snow/-uWc-xNt-1I.mp4,shoveling snow,k400,0,32,224x224
3708,arranging flowers/n2L0lJXQ-KY.mp4,arranging flowers,k400,0,32,224x224
3709,bandaging/HsJ_BSfkWuY.mp4,bandaging,k400,0,32,224x224
3710,lunge/yNLysanOaDw.mp4,lunge,k400,0,32,224x224
3711,arm wrestling/i9V8FhJWUrg.mp4,arm wrestling,k400,0,32,224x224
3712,watering plants/QPq5XK3_PnE.mp4,watering plants,k400,0,32,224x224
3713,situp/fD_IFmFHvyE.mp4,situp,k400,0,32,224x224
3714,giving or receiving award/SXzIakkdrso.mp4,giving or receiving award,k400,0,32,224x224
3715,answering questions/ny_4DKE5_AI.mp4,answering questions,k400,0,32,224x224
3716,playing kickball/OwRly8VcBNc.mp4,playing kickball,k400,0,32,224x224
3717,air drumming/ETZYds_uExg.mp4,air drumming,k400,0,32,224x224
3718,playing recorder/uPJrk1TNrek.mp4,playing recorder,k400,0,32,224x224
3719,drinking shots/xodPhbxFTws.mp4,drinking shots,k400,0,32,224x224
3720,playing paintball/GPRBfCscFgQ.mp4,playing paintball,k400,0,32,224x224
3721,playing drums/ZapDWgFY2eg.mp4,playing drums,k400,0,32,224x224
3722,playing recorder/Bwv7d3nQDmc.mp4,playing recorder,k400,0,32,224x224
3723,ski jumping/mjkMA906IrM.mp4,ski jumping,k400,0,32,224x224
3724,abseiling/oNT_nF81-ZY.mp4,abseiling,k400,0,32,224x224
3725,canoeing or kayaking/TxNdwFf-2ps.mp4,canoeing or kayaking,k400,0,32,224x224
3726,hockey stop/Zao7wLso2Hk.mp4,hockey stop,k400,0,32,224x224
3727,tai chi/I87Tt6cRrPw.mp4,tai chi,k400,0,32,224x224
3728,canoeing or kayaking/Q8Ym8TMqMNs.mp4,canoeing or kayaking,k400,0,32,224x224
3729,surfing crowd/J-IP6Gq9pcQ.mp4,surfing crowd,k400,0,32,224x224
3730,bouncing on trampoline/t-Qpm3buGy4.mp4,bouncing on trampoline,k400,0,32,224x224
3731,triple jump/HoDwa3nvDSI.mp4,triple jump,k400,0,32,224x224
3732,unboxing/H4hE4wcr1CQ.mp4,unboxing,k400,0,32,224x224
3733,juggling fire/XvnkrYh28a8.mp4,juggling fire,k400,0,32,224x224
3734,swing dancing/ne4UIOFv9fM.mp4,swing dancing,k400,0,32,224x224
3735,riding mule/5X7u1YubmsU.mp4,riding mule,k400,0,32,224x224
3736,making pizza/3a6bM8ZlVFY.mp4,making pizza,k400,0,32,224x224
3737,hitting baseball/YuvGSFTGXtc.mp4,hitting baseball,k400,0,32,224x224
3738,roller skating/WOfKHY1yty0.mp4,roller skating,k400,0,32,224x224
3739,sled dog racing/mtYYBMrSTuQ.mp4,sled dog racing,k400,0,32,224x224
3740,swimming breast stroke/VJ3GlaIVF58.mp4,swimming breast stroke,k400,0,32,224x224
3741,punching person (boxing)/G5f9NFq9V9k.mp4,punching person (boxing),k400,0,32,224x224
3742,finger snapping/YXfGmgq5xZE.mp4,finger snapping,k400,0,32,224x224
3743,wrapping present/X41OZre0tz4.mp4,wrapping present,k400,0,32,224x224
3744,hula hooping/cHPkCVxt5aQ.mp4,hula hooping,k400,0,32,224x224
3745,riding elephant/eyy3Toepdjg.mp4,riding elephant,k400,0,32,224x224
3746,roller skating/kxunh39Znq4.mp4,roller skating,k400,0,32,224x224
3747,swinging legs/QlGuTasXzhI.mp4,swinging legs,k400,0,32,224x224
3748,feeding birds/ZpzPgLbu0YA.mp4,feeding birds,k400,0,32,224x224
3749,shearing sheep/HoTgUnlpeH8.mp4,shearing sheep,k400,0,32,224x224
3750,tossing coin/vsfjGvTEy1A.mp4,tossing coin,k400,0,32,224x224
3751,waxing legs/clqy5bfBp_s.mp4,waxing legs,k400,0,32,224x224
3752,country line dancing/7EGsGlmZp90.mp4,country line dancing,k400,0,32,224x224
3753,snatch weight lifting/cHS6vxtLlgc.mp4,snatch weight lifting,k400,0,32,224x224
3754,fixing hair/WHOYJ1NWS5g.mp4,fixing hair,k400,0,32,224x224
3755,playing clarinet/8LG4cSQqVoo.mp4,playing clarinet,k400,0,32,224x224
3756,making pizza/DrtZbeppObU.mp4,making pizza,k400,0,32,224x224
3757,snowboarding/I6HSQadVd8E.mp4,snowboarding,k400,0,32,224x224
3758,playing ice hockey/G_K7AvWOq7E.mp4,playing ice hockey,k400,0,32,224x224
3759,kissing/eVRFTXBjbiE.mp4,kissing,k400,0,32,224x224
3760,playing ukulele/PTrTNQCSjQ0.mp4,playing ukulele,k400,0,32,224x224
3761,catching fish/amIyGHydLfY.mp4,catching fish,k400,0,32,224x224
3762,mowing lawn/RAHwDJ5PyoY.mp4,mowing lawn,k400,0,32,224x224
3763,riding mechanical bull/BLfpG2nAfRM.mp4,riding mechanical bull,k400,0,32,224x224
3764,tapping pen/8KK3z5rhT8s.mp4,tapping pen,k400,0,32,224x224
3765,making tea/XNk6ApRILmI.mp4,making tea,k400,0,32,224x224
3766,wrestling/c0omPTrqaec.mp4,wrestling,k400,0,32,224x224
3767,playing squash or racquetball/wRAwoCz9Z_0.mp4,playing squash or racquetball,k400,0,32,224x224
3768,cleaning gutters/jHV7UUTrnN8.mp4,cleaning gutters,k400,0,32,224x224
3769,faceplanting/zE-4O-FaB7M.mp4,faceplanting,k400,0,32,224x224
3770,long jump/q8IXlUP696g.mp4,long jump,k400,0,32,224x224
3771,petting cat/g382HjMQK38.mp4,petting cat,k400,0,32,224x224
3772,hula hooping/opWue7I7gZg.mp4,hula hooping,k400,0,32,224x224
3773,cracking neck/8uOWKNXjdNw.mp4,cracking neck,k400,0,32,224x224
3774,skateboarding/1Y7ePpJqt_M.mp4,skateboarding,k400,0,32,224x224
3775,breakdancing/0Ek0SD0LLC8.mp4,breakdancing,k400,0,32,224x224
3776,pumping fist/7kbRE00NLwU.mp4,pumping fist,k400,0,32,224x224
3777,vault/C4dB0kechRs.mp4,vault,k400,0,32,224x224
3778,snatch weight lifting/pKVOdexhR2k.mp4,snatch weight lifting,k400,0,32,224x224
3779,riding camel/XcUyEJbO8aU.mp4,riding camel,k400,0,32,224x224
3780,front raises/hqTjxOrSbpA.mp4,front raises,k400,0,32,224x224
3781,bookbinding/QUwtwXGEoys.mp4,bookbinding,k400,0,32,224x224
3782,grinding meat/A34fnExQGBM.mp4,grinding meat,k400,0,32,224x224
3783,crying/XTrZQ0wc9tg.mp4,crying,k400,0,32,224x224
3784,shoveling snow/Qh6Je1Iij-I.mp4,shoveling snow,k400,0,32,224x224
3785,checking tires/YouOW4hVfi4.mp4,checking tires,k400,0,32,224x224
3786,golf putting/RCy1ZmNfAv8.mp4,golf putting,k400,0,32,224x224
3787,making snowman/By5pK_GqeDQ.mp4,making snowman,k400,0,32,224x224
3788,smoking/W04I3idqOy0.mp4,smoking,k400,0,32,224x224
3789,jetskiing/-VkVSGV3jTw.mp4,jetskiing,k400,0,32,224x224
3790,eating burger/k-vu0kajM8M.mp4,eating burger,k400,0,32,224x224
3791,deadlifting/oxDsP4W0GKk.mp4,deadlifting,k400,0,32,224x224
3792,shearing sheep/wK1ZCXp4FIw.mp4,shearing sheep,k400,0,32,224x224
3793,playing violin/g2PrbxK6ndQ.mp4,playing violin,k400,0,32,224x224
3794,playing didgeridoo/1-Wz8oFfKEE.mp4,playing didgeridoo,k400,0,32,224x224
3795,triple jump/60siNxokTj0.mp4,triple jump,k400,0,32,224x224
3796,feeding goats/mhHkvg2Tvcw.mp4,feeding goats,k400,0,32,224x224
3797,drawing/KlqOtHVy680.mp4,drawing,k400,0,32,224x224
3798,cleaning floor/X5joFn8pa3k.mp4,cleaning floor,k400,0,32,224x224
3799,high kick/GZ3NhABn1IQ.mp4,high kick,k400,0,32,224x224
3800,slacklining/8jsPgYp87Co.mp4,slacklining,k400,0,32,224x224
3801,unloading truck/nnxyt5fj4xw.mp4,unloading truck,k400,0,32,224x224
3802,trimming or shaving beard/F-hqdiauDF0.mp4,trimming or shaving beard,k400,0,32,224x224
3803,tango dancing/BBcBgKq5dC8.mp4,tango dancing,k400,0,32,224x224
3804,front raises/9ziiONlL_gw.mp4,front raises,k400,0,32,224x224
3805,bartending/uEZwpuhUTCA.mp4,bartending,k400,0,32,224x224
3806,playing bass guitar/ZitC9cmJRtA.mp4,playing bass guitar,k400,0,32,224x224
3807,dodgeball/5bkQggmzcl8.mp4,dodgeball,k400,0,32,224x224
3808,playing squash or racquetball/HLu7PtJcygw.mp4,playing squash or racquetball,k400,0,32,224x224
3809,frying vegetables/fAlSIna7XvA.mp4,frying vegetables,k400,0,32,224x224
3810,country line dancing/R9yroeU-Q8c.mp4,country line dancing,k400,0,32,224x224
3811,pole vault/UTBCl4qq7f0.mp4,pole vault,k400,0,32,224x224
3812,climbing tree/YxMnczl-eJs.mp4,climbing tree,k400,0,32,224x224
3813,bench pressing/sgPDFliqQUo.mp4,bench pressing,k400,0,32,224x224
3814,wrapping present/q_NJf3Hpwhw.mp4,wrapping present,k400,0,32,224x224
3815,brushing teeth/_Q2dubAF8V0.mp4,brushing teeth,k400,0,32,224x224
3816,pole vault/bZ5EO31QQPM.mp4,pole vault,k400,0,32,224x224
3817,high jump/HHImn-kOj2g.mp4,high jump,k400,0,32,224x224
3818,zumba/doaQF7C_idE.mp4,zumba,k400,0,32,224x224
3819,playing ice hockey/bChtWGiqQn8.mp4,playing ice hockey,k400,0,32,224x224
3820,egg hunting/lrLjUBadRoI.mp4,egg hunting,k400,0,32,224x224
3821,punching bag/46uSy2O0q4g.mp4,punching bag,k400,0,32,224x224
3822,balloon blowing/zjlsXhfS0cI.mp4,balloon blowing,k400,0,32,224x224
3823,hurling (sport)/apNWqMQxBF0.mp4,hurling (sport),k400,0,32,224x224
3824,dying hair/i9cqREKBWtw.mp4,dying hair,k400,0,32,224x224
3825,smoking hookah/DJZFki4Fj9M.mp4,smoking hookah,k400,0,32,224x224
3826,squat/zgW9kQ5VfMI.mp4,squat,k400,0,32,224x224
3827,windsurfing/vOWIP9IqFiU.mp4,windsurfing,k400,0,32,224x224
3828,yoga/BY_mTEDi7V8.mp4,yoga,k400,0,32,224x224
3829,cutting pineapple/dluDTRxVgJk.mp4,cutting pineapple,k400,0,32,224x224
3830,biking through snow/NjHbNoG171I.mp4,biking through snow,k400,0,32,224x224
3831,snorkeling/LrBkvo20LKw.mp4,snorkeling,k400,0,32,224x224
3832,beatboxing/joCLxc7cBwE.mp4,beatboxing,k400,0,32,224x224
3833,pushing car/IRULx_80QPY.mp4,pushing car,k400,0,32,224x224
3834,arm wrestling/MIoMro8YqBU.mp4,arm wrestling,k400,0,32,224x224
3835,pushing cart/trO7cF5zWwU.mp4,pushing cart,k400,0,32,224x224
3836,brushing teeth/KseaC74jCQQ.mp4,brushing teeth,k400,0,32,224x224
3837,swimming butterfly stroke/vVrLe_JaZ-g.mp4,swimming butterfly stroke,k400,0,32,224x224
3838,sharpening pencil/MbOgl7RXNhs.mp4,sharpening pencil,k400,0,32,224x224
3839,roller skating/J7n4e28SQ4M.mp4,roller skating,k400,0,32,224x224
3840,robot dancing/_OKTIyOeqA4.mp4,robot dancing,k400,0,32,224x224
3841,pushing cart/MP3ggBahV2U.mp4,pushing cart,k400,0,32,224x224
3842,marching/I2tu40FTT8s.mp4,marching,k400,0,32,224x224
3843,drop kicking/jp7s5_IbFHA.mp4,drop kicking,k400,0,32,224x224
3844,playing bagpipes/h07O_rYnlV8.mp4,playing bagpipes,k400,0,32,224x224
3845,trimming or shaving beard/bJqZhAz2tGE.mp4,trimming or shaving beard,k400,0,32,224x224
3846,swimming breast stroke/pbgc-diahyk.mp4,swimming breast stroke,k400,0,32,224x224
3847,capoeira/x_jQhP-ivTg.mp4,capoeira,k400,0,32,224x224
3848,massaging legs/PcRuz6OYKns.mp4,massaging legs,k400,0,32,224x224
3849,cleaning windows/u_sa3ga6nfc.mp4,cleaning windows,k400,0,32,224x224
3850,eating spaghetti/RDYc7nLMQ0o.mp4,eating spaghetti,k400,0,32,224x224
3851,pumping fist/z_RaG3Hg720.mp4,pumping fist,k400,0,32,224x224
3852,playing violin/nKH9nPI23Fg.mp4,playing violin,k400,0,32,224x224
3853,playing paintball/sufXwkUc5m0.mp4,playing paintball,k400,0,32,224x224
3854,playing tennis/t2QuthFcOys.mp4,playing tennis,k400,0,32,224x224
3855,blowing out candles/Qt4V8FyLpHo.mp4,blowing out candles,k400,0,32,224x224
3856,rock climbing/OthmZur48nA.mp4,rock climbing,k400,0,32,224x224
3857,flying kite/4SVD78zJObQ.mp4,flying kite,k400,0,32,224x224
3858,catching or throwing frisbee/XXOiWoJHVjA.mp4,catching or throwing frisbee,k400,0,32,224x224
3859,filling eyebrows/LpQI6AX2ykw.mp4,filling eyebrows,k400,0,32,224x224
3860,sneezing/L-nEV4FoYIc.mp4,sneezing,k400,0,32,224x224
3861,riding camel/0TFD222QOOw.mp4,riding camel,k400,0,32,224x224
3862,playing drums/oaOHc50OqHs.mp4,playing drums,k400,0,32,224x224
3863,cutting watermelon/-szfvr-_la8.mp4,cutting watermelon,k400,0,32,224x224
3864,cracking neck/VhO8-Kc_t1A.mp4,cracking neck,k400,0,32,224x224
3865,training dog/OJ6b_OvVVoU.mp4,training dog,k400,0,32,224x224
3866,barbequing/N-dw3-QpalU.mp4,barbequing,k400,0,32,224x224
3867,deadlifting/3h5arRCtWmw.mp4,deadlifting,k400,0,32,224x224
3868,golf driving/07wiAPphbv4.mp4,golf driving,k400,0,32,224x224
3869,jetskiing/A3sohTryEHc.mp4,jetskiing,k400,0,32,224x224
3870,playing recorder/n9IO4sEyQyk.mp4,playing recorder,k400,0,32,224x224
3871,skiing (not slalom or crosscountry)/_0Q2KrfOYmE.mp4,skiing (not slalom or crosscountry),k400,0,32,224x224
3872,climbing tree/xrvTTbe8fJ4.mp4,climbing tree,k400,0,32,224x224
3873,playing volleyball/_jsEG6wG6x8.mp4,playing volleyball,k400,0,32,224x224
3874,washing feet/CSZ9WxEw62k.mp4,washing feet,k400,0,32,224x224
3875,feeding goats/Z2tIQylBmC0.mp4,feeding goats,k400,0,32,224x224
3876,bookbinding/rp4NpEkyl9U.mp4,bookbinding,k400,0,32,224x224
3877,snowmobiling/XG23nI2ljLg.mp4,snowmobiling,k400,0,32,224x224
3878,yawning/xcGu5XHMiYQ.mp4,yawning,k400,0,32,224x224
3879,surfing crowd/YuV4yE4EsoU.mp4,surfing crowd,k400,0,32,224x224
3880,playing controller/4Hksk8WBGgY.mp4,playing controller,k400,0,32,224x224
3881,beatboxing/InCjGNP6xno.mp4,beatboxing,k400,0,32,224x224
3882,roller skating/boduUN1AhOg.mp4,roller skating,k400,0,32,224x224
3883,walking the dog/uPtSihGLLRY.mp4,walking the dog,k400,0,32,224x224
3884,kicking field goal/Mno3JzqrgD8.mp4,kicking field goal,k400,0,32,224x224
3885,riding a bike/-JS1xwedseo.mp4,riding a bike,k400,0,32,224x224
3886,sweeping floor/FBBlYrv-YlE.mp4,sweeping floor,k400,0,32,224x224
3887,shaking head/vERozGiIw3E.mp4,shaking head,k400,0,32,224x224
3888,juggling balls/bIdrUNZ4VJI.mp4,juggling balls,k400,0,32,224x224
3889,petting animal (not cat)/yoAfhgCyobs.mp4,petting animal (not cat),k400,0,32,224x224
3890,eating burger/SuCdDdRWxNU.mp4,eating burger,k400,0,32,224x224
3891,riding camel/_Di0-3McRow.mp4,riding camel,k400,0,32,224x224
3892,air drumming/KWZJMByXJtk.mp4,air drumming,k400,0,32,224x224
3893,jumping into pool/c0B5Q4KgPMc.mp4,jumping into pool,k400,0,32,224x224
3894,wrapping present/deMiSijJJX0.mp4,wrapping present,k400,0,32,224x224
3895,playing keyboard/DnH4nGV2zrM.mp4,playing keyboard,k400,0,32,224x224
3896,brushing hair/MaJlWFemO68.mp4,brushing hair,k400,0,32,224x224
3897,writing/5vhDTiLMJTg.mp4,writing,k400,0,32,224x224
3898,playing trumpet/bf6c3mY9hr4.mp4,playing trumpet,k400,0,32,224x224
3899,checking tires/OGuxzSHTkP0.mp4,checking tires,k400,0,32,224x224
3900,clapping/TNYxqHDU3aQ.mp4,clapping,k400,0,32,224x224
3901,singing/v95rjVxGNYM.mp4,singing,k400,0,32,224x224
3902,playing cards/Kt04Pcx0-q8.mp4,playing cards,k400,0,32,224x224
3903,salsa dancing/ehFE8n2u60I.mp4,salsa dancing,k400,0,32,224x224
3904,tango dancing/5Si_RsH25JU.mp4,tango dancing,k400,0,32,224x224
3905,riding mechanical bull/ZkQJgDSxI1c.mp4,riding mechanical bull,k400,0,32,224x224
3906,singing/SImtQm0TQOY.mp4,singing,k400,0,32,224x224
3907,zumba/99nXDdc4WCQ.mp4,zumba,k400,0,32,224x224
3908,mowing lawn/WmAdLBG0wAk.mp4,mowing lawn,k400,0,32,224x224
3909,reading newspaper/HFPFg5Y2gm4.mp4,reading newspaper,k400,0,32,224x224
3910,krumping/hc3N2yWjZDM.mp4,krumping,k400,0,32,224x224
3911,strumming guitar/UFNpCJPbkuw.mp4,strumming guitar,k400,0,32,224x224
3912,passing American football (not in game)/t6004MAyqLU.mp4,passing American football (not in game),k400,0,32,224x224
3913,grooming dog/jZaJu8Os3Jc.mp4,grooming dog,k400,0,32,224x224
3914,hopscotch/iK3_1YhOtTk.mp4,hopscotch,k400,0,32,224x224
3915,brushing hair/TGqVPAArgmI.mp4,brushing hair,k400,0,32,224x224
3916,waxing back/n40WkY6scLI.mp4,waxing back,k400,0,32,224x224
3917,tying tie/wAh9ZNSEZ94.mp4,tying tie,k400,0,32,224x224
3918,crawling baby/6MLNXhxuAIM.mp4,crawling baby,k400,0,32,224x224
3919,petting animal (not cat)/FlFO8o0feZA.mp4,petting animal (not cat),k400,0,32,224x224
3920,using computer/9obe2uzQuLw.mp4,using computer,k400,0,32,224x224
3921,pull ups/11_VkYz0LoI.mp4,pull ups,k400,0,32,224x224
3922,bookbinding/EI9BQJBvedE.mp4,bookbinding,k400,0,32,224x224
3923,hoverboarding/1YN96OSSWaQ.mp4,hoverboarding,k400,0,32,224x224
3924,cooking chicken/RFE7qdhjgXc.mp4,cooking chicken,k400,0,32,224x224
3925,trapezing/yhE0UZ4oTbQ.mp4,trapezing,k400,0,32,224x224
3926,riding unicycle/LJe2XmTPSU8.mp4,riding unicycle,k400,0,32,224x224
3927,belly dancing/8laj4uicKwk.mp4,belly dancing,k400,0,32,224x224
3928,washing hands/Yy6tpfeVOT4.mp4,washing hands,k400,0,32,224x224
3929,archery/1iEmMg8X1ho.mp4,archery,k400,0,32,224x224
3930,playing paintball/8bOIl5rKFDw.mp4,playing paintball,k400,0,32,224x224
3931,air drumming/ksiSIIdglac.mp4,air drumming,k400,0,32,224x224
3932,making tea/kW5BmCKH248.mp4,making tea,k400,0,32,224x224
3933,diving cliff/aa17oAJxpiI.mp4,diving cliff,k400,0,32,224x224
3934,shooting basketball/amvdGM2seMQ.mp4,shooting basketball,k400,0,32,224x224
3935,stretching arm/aYlN7tIHBfY.mp4,stretching arm,k400,0,32,224x224
3936,riding or walking with horse/rKngOaqh_DU.mp4,riding or walking with horse,k400,0,32,224x224
3937,celebrating/ucQYuntHtjM.mp4,celebrating,k400,0,32,224x224
3938,eating cake/HUWwtuQpAHE.mp4,eating cake,k400,0,32,224x224
3939,milking cow/k1as3lgCSDM.mp4,milking cow,k400,0,32,224x224
3940,driving car/xMcg_jq_PtU.mp4,driving car,k400,0,32,224x224
3941,drop kicking/xJ614czxPq8.mp4,drop kicking,k400,0,32,224x224
3942,playing paintball/huwDiaDh9nU.mp4,playing paintball,k400,0,32,224x224
3943,bowling/-vxADORE9Vo.mp4,bowling,k400,0,32,224x224
3944,making pizza/3Ggy42uVgYo.mp4,making pizza,k400,0,32,224x224
3945,headbanging/EJKOrmsZc4o.mp4,headbanging,k400,0,32,224x224
3946,climbing a rope/Uh4TpkekiE0.mp4,climbing a rope,k400,0,32,224x224
3947,tap dancing/_cOIM49dB3w.mp4,tap dancing,k400,0,32,224x224
3948,climbing tree/P9rQRKMB1gk.mp4,climbing tree,k400,0,32,224x224
3949,surfing water/8yQqSN3ajgc.mp4,surfing water,k400,0,32,224x224
3950,stretching arm/i6GIeMNNXB4.mp4,stretching arm,k400,0,32,224x224
3951,riding unicycle/Rla1jDCkEfw.mp4,riding unicycle,k400,0,32,224x224
3952,running on treadmill/nATmGATvnZs.mp4,running on treadmill,k400,0,32,224x224
3953,playing bass guitar/epzxu4t_VZk.mp4,playing bass guitar,k400,0,32,224x224
3954,playing poker/92aTHJwqGVE.mp4,playing poker,k400,0,32,224x224
3955,shaking head/vBg5jC1RqGw.mp4,shaking head,k400,0,32,224x224
3956,playing guitar/IPs-QW4-UHQ.mp4,playing guitar,k400,0,32,224x224
3957,opening present/eA2UCsbVXMg.mp4,opening present,k400,0,32,224x224
3958,biking through snow/rkFcEMX2zA8.mp4,biking through snow,k400,0,32,224x224
3959,ice climbing/TsnCx48x7DY.mp4,ice climbing,k400,0,32,224x224
3960,cleaning toilet/vH4yFoe6uw0.mp4,cleaning toilet,k400,0,32,224x224
3961,lunge/mXAKz28Rbxc.mp4,lunge,k400,0,32,224x224
3962,ice fishing/nKM5EnxAkSg.mp4,ice fishing,k400,0,32,224x224
3963,reading book/uFQBLe1HGCc.mp4,reading book,k400,0,32,224x224
3964,playing trombone/BBda_xaBa70.mp4,playing trombone,k400,0,32,224x224
3965,petting cat/KZvTVhAYqsM.mp4,petting cat,k400,0,32,224x224
3966,spraying/SMJMQgH4Bf4.mp4,spraying,k400,0,32,224x224
3967,disc golfing/D8aN64X6jCM.mp4,disc golfing,k400,0,32,224x224
3968,blowing out candles/jtxROrU2RZM.mp4,blowing out candles,k400,0,32,224x224
3969,petting animal (not cat)/ykgZBV0tFIQ.mp4,petting animal (not cat),k400,0,32,224x224
3970,assembling computer/vlxC4SPnXao.mp4,assembling computer,k400,0,32,224x224
3971,zumba/ox2bngG9uY4.mp4,zumba,k400,0,32,224x224
3972,passing American football (in game)/JuOszNddx0Y.mp4,passing American football (in game),k400,0,32,224x224
3973,laughing/xPhBXz52g9k.mp4,laughing,k400,0,32,224x224
3974,golf putting/AvPRYPuMNJo.mp4,golf putting,k400,0,32,224x224
3975,using remote controller (not gaming)/zCmbHd-hsW8.mp4,using remote controller (not gaming),k400,0,32,224x224
3976,pushing car/1VK4ewxVRoo.mp4,pushing car,k400,0,32,224x224
3977,playing poker/HRRkqWpuOws.mp4,playing poker,k400,0,32,224x224
3978,motorcycling/YwNbjwVOc3I.mp4,motorcycling,k400,0,32,224x224
3979,milking cow/JMBw-V0S_Yk.mp4,milking cow,k400,0,32,224x224
3980,peeling apples/S0vY1e9MsRw.mp4,peeling apples,k400,0,32,224x224
3981,snorkeling/2qqo8j0t8kE.mp4,snorkeling,k400,0,32,224x224
3982,singing/nSmhOyihXcg.mp4,singing,k400,0,32,224x224
3983,catching or throwing baseball/M-SucFfaemc.mp4,catching or throwing baseball,k400,0,32,224x224
3984,playing basketball/Y7g8MgFsTgY.mp4,playing basketball,k400,0,32,224x224
3985,country line dancing/LRmmzzqonS0.mp4,country line dancing,k400,0,32,224x224
3986,hula hooping/wCempLw5Ik8.mp4,hula hooping,k400,0,32,224x224
3987,eating hotdog/iVFqBnEOpEU.mp4,eating hotdog,k400,0,32,224x224
3988,grooming horse/iTdqa9crjrI.mp4,grooming horse,k400,0,32,224x224
3989,pushing car/mIu45ueBUiI.mp4,pushing car,k400,0,32,224x224
3990,exercising arm/EYOuGOD-atc.mp4,exercising arm,k400,0,32,224x224
3991,busking/g8Y9vHJeF4E.mp4,busking,k400,0,32,224x224
3992,catching fish/hoWz1UiWyh0.mp4,catching fish,k400,0,32,224x224
3993,braiding hair/zEkpUUPkXKE.mp4,braiding hair,k400,0,32,224x224
3994,disc golfing/wULajoAi-XY.mp4,disc golfing,k400,0,32,224x224
3995,dancing ballet/tcPepildV5A.mp4,dancing ballet,k400,0,32,224x224
3996,tap dancing/fPZb1IB-U_k.mp4,tap dancing,k400,0,32,224x224
3997,flying kite/J6ZzYLHFnaE.mp4,flying kite,k400,0,32,224x224
3998,canoeing or kayaking/yqbSWsdJF68.mp4,canoeing or kayaking,k400,0,32,224x224
3999,drinking/tWJQTR5WSQM.mp4,drinking,k400,0,32,224x224
4000,carrying baby/ypvD252NAds.mp4,carrying baby,k400,0,32,224x224
4001,biking through snow/DQGoW6Ckpsw.mp4,biking through snow,k400,0,32,224x224
4002,riding or walking with horse/y1WR8eOJSgc.mp4,riding or walking with horse,k400,0,32,224x224
4003,planting trees/otMxPFka6iY.mp4,planting trees,k400,0,32,224x224
4004,dancing macarena/_jsUhUHsXr0.mp4,dancing macarena,k400,0,32,224x224
4005,moving furniture/0ssER51PqQc.mp4,moving furniture,k400,0,32,224x224
4006,spinning poi/2bowpowd_0M.mp4,spinning poi,k400,0,32,224x224
4007,washing feet/K0MRCBa_HyU.mp4,washing feet,k400,0,32,224x224
4008,blowing out candles/Fm39t2ICv-Y.mp4,blowing out candles,k400,0,32,224x224
4009,shearing sheep/VDbWVaW_ySY.mp4,shearing sheep,k400,0,32,224x224
4010,shaking head/jUisKbUuCsM.mp4,shaking head,k400,0,32,224x224
4011,riding scooter/GOcnyjrSvq8.mp4,riding scooter,k400,0,32,224x224
4012,playing drums/45th535mj0Q.mp4,playing drums,k400,0,32,224x224
4013,pushing cart/ejyuPFtk71A.mp4,pushing cart,k400,0,32,224x224
4014,passing American football (not in game)/VtDXJBb9Z7U.mp4,passing American football (not in game),k400,0,32,224x224
4015,eating carrots/tTaUasv14j8.mp4,eating carrots,k400,0,32,224x224
4016,playing violin/cETEL7AYfWA.mp4,playing violin,k400,0,32,224x224
4017,skateboarding/Q78dvSL6edA.mp4,skateboarding,k400,0,32,224x224
4018,tap dancing/4zxDv1rXT0U.mp4,tap dancing,k400,0,32,224x224
4019,throwing discus/5L333DkWLp4.mp4,throwing discus,k400,0,32,224x224
4020,beatboxing/DXrgES6ajjo.mp4,beatboxing,k400,0,32,224x224
4021,passing American football (not in game)/FakXEOxtg_E.mp4,passing American football (not in game),k400,0,32,224x224
4022,ironing/zoS18xQDqOE.mp4,ironing,k400,0,32,224x224
4023,beatboxing/Xw6zjPEOGHs.mp4,beatboxing,k400,0,32,224x224
4024,swimming breast stroke/ICfYee5JSok.mp4,swimming breast stroke,k400,0,32,224x224
4025,situp/vMY2o7cZTKk.mp4,situp,k400,0,32,224x224
4026,testifying/29_pCX3EY14.mp4,testifying,k400,0,32,224x224
4027,tango dancing/fyxWcwo9c1E.mp4,tango dancing,k400,0,32,224x224
4028,breading or breadcrumbing/rmPIvZfY1Tw.mp4,breading or breadcrumbing,k400,0,32,224x224
4029,playing cymbals/Q29diOhRGEQ.mp4,playing cymbals,k400,0,32,224x224
4030,ski jumping/HjSIiq_QWZk.mp4,ski jumping,k400,0,32,224x224
4031,playing harmonica/ThQSbm483HE.mp4,playing harmonica,k400,0,32,224x224
4032,folding paper/wC-PLiy0YIA.mp4,folding paper,k400,0,32,224x224
4033,kicking soccer ball/cV0Jt3UK7NY.mp4,kicking soccer ball,k400,0,32,224x224
4034,belly dancing/r7dgawc9cEE.mp4,belly dancing,k400,0,32,224x224
4035,playing cello/wnSDZ6LSwp4.mp4,playing cello,k400,0,32,224x224
4036,cheerleading/X2M2GbkSP58.mp4,cheerleading,k400,0,32,224x224
4037,surfing water/EhAE6pxu9fQ.mp4,surfing water,k400,0,32,224x224
4038,roller skating/HeGWemmL6xE.mp4,roller skating,k400,0,32,224x224
4039,swimming backstroke/M0g4Fv8HTgE.mp4,swimming backstroke,k400,0,32,224x224
4040,playing recorder/2Z19-4EG6xY.mp4,playing recorder,k400,0,32,224x224
4041,bobsledding/F_PHhpC-kJc.mp4,bobsledding,k400,0,32,224x224
4042,riding unicycle/hmXuuR5PDmQ.mp4,riding unicycle,k400,0,32,224x224
4043,training dog/F2Iw-IO0HPg.mp4,training dog,k400,0,32,224x224
4044,belly dancing/v4T_KTgTsec.mp4,belly dancing,k400,0,32,224x224
4045,drop kicking/l0nRnj_W5BA.mp4,drop kicking,k400,0,32,224x224
4046,bee keeping/Gm_OERc3lLE.mp4,bee keeping,k400,0,32,224x224
4047,high kick/VqQoUokx0-0.mp4,high kick,k400,0,32,224x224
4048,driving tractor/RTl0i-Rg_fA.mp4,driving tractor,k400,0,32,224x224
4049,tap dancing/QL7LSRubsRo.mp4,tap dancing,k400,0,32,224x224
4050,throwing discus/JaFfZouygvg.mp4,throwing discus,k400,0,32,224x224
4051,blowing glass/JjHUXZcopBw.mp4,blowing glass,k400,0,32,224x224
4052,paragliding/ES2pCA-KoAs.mp4,paragliding,k400,0,32,224x224
4053,tossing coin/2_7O6Mpyr5I.mp4,tossing coin,k400,0,32,224x224
4054,recording music/QboGKX18wdY.mp4,recording music,k400,0,32,224x224
4055,snowkiting/yNVQSnXyVic.mp4,snowkiting,k400,0,32,224x224
4056,wrapping present/-VG42OzQzHc.mp4,wrapping present,k400,0,32,224x224
4057,arm wrestling/74kf5luCaFA.mp4,arm wrestling,k400,0,32,224x224
4058,parkour/_miPLFqmeKA.mp4,parkour,k400,0,32,224x224
4059,feeding birds/9NRSGvY9kUM.mp4,feeding birds,k400,0,32,224x224
4060,petting animal (not cat)/AiO2hJ1tVXw.mp4,petting animal (not cat),k400,0,32,224x224
4061,waxing back/B9kt-1rznTg.mp4,waxing back,k400,0,32,224x224
4062,blowing glass/AzWUVgrM9R0.mp4,blowing glass,k400,0,32,224x224
4063,bobsledding/mb2rno2ylUU.mp4,bobsledding,k400,0,32,224x224
4064,waxing chest/dOW3vhgWK0s.mp4,waxing chest,k400,0,32,224x224
4065,cleaning windows/1nlR2DtRulg.mp4,cleaning windows,k400,0,32,224x224
4066,juggling balls/d-d7DK4PgtY.mp4,juggling balls,k400,0,32,224x224
4067,whistling/iPuIoRYYBfk.mp4,whistling,k400,0,32,224x224
4068,dancing gangnam style/JisAuMlKaD8.mp4,dancing gangnam style,k400,0,32,224x224
4069,feeding birds/Pzm9LimJGXk.mp4,feeding birds,k400,0,32,224x224
4070,juggling fire/nf1oXOqGwUo.mp4,juggling fire,k400,0,32,224x224
4071,milking cow/EiH3MpVQYMs.mp4,milking cow,k400,0,32,224x224
4072,cleaning pool/3yga_3jpPc4.mp4,cleaning pool,k400,0,32,224x224
4073,contact juggling/Emyb51Yqso8.mp4,contact juggling,k400,0,32,224x224
4074,bouncing on trampoline/NXwZ6jqz6w4.mp4,bouncing on trampoline,k400,0,32,224x224
4075,climbing tree/ayu6JBKE5cc.mp4,climbing tree,k400,0,32,224x224
4076,shaking hands/ZZDQt1_kk74.mp4,shaking hands,k400,0,32,224x224
4077,shooting basketball/ewnWOwIoPm4.mp4,shooting basketball,k400,0,32,224x224
4078,trimming or shaving beard/8F-DqaGl6eE.mp4,trimming or shaving beard,k400,0,32,224x224
4079,golf putting/qzNdw-4OzEs.mp4,golf putting,k400,0,32,224x224
4080,kitesurfing/COKYCPVGsGA.mp4,kitesurfing,k400,0,32,224x224
4081,playing accordion/2p3ii4YIFFQ.mp4,playing accordion,k400,0,32,224x224
4082,squat/kJtNQRUtNL4.mp4,squat,k400,0,32,224x224
4083,walking the dog/HtU_ZXXoB44.mp4,walking the dog,k400,0,32,224x224
4084,wrestling/7LFbUPkKJg0.mp4,wrestling,k400,0,32,224x224
4085,playing ice hockey/JbJZ3GWEKh4.mp4,playing ice hockey,k400,0,32,224x224
4086,gymnastics tumbling/OqN_KxWubRU.mp4,gymnastics tumbling,k400,0,32,224x224
4087,shooting basketball/IfaKWM2VV2c.mp4,shooting basketball,k400,0,32,224x224
4088,playing clarinet/E0sOC5beXlc.mp4,playing clarinet,k400,0,32,224x224
4089,flipping pancake/EEavl6D9eJg.mp4,flipping pancake,k400,0,32,224x224
4090,pull ups/EynDaWYFIKM.mp4,pull ups,k400,0,32,224x224
4091,snowboarding/0lxm7YZ3Cc8.mp4,snowboarding,k400,0,32,224x224
4092,cooking egg/OBRt1Lrt-3Q.mp4,cooking egg,k400,0,32,224x224
4093,fixing hair/BpX9plQqbFI.mp4,fixing hair,k400,0,32,224x224
4094,driving tractor/Ovd6re846ho.mp4,driving tractor,k400,0,32,224x224
4095,riding elephant/xPJrLCaEp4I.mp4,riding elephant,k400,0,32,224x224
4096,tap dancing/C5B8EOICUsM.mp4,tap dancing,k400,0,32,224x224
4097,changing wheel/NjJhVBzmHDs.mp4,changing wheel,k400,0,32,224x224
4098,washing feet/o-0RceJMjA8.mp4,washing feet,k400,0,32,224x224
4099,shaving head/FST_PVAQoVQ.mp4,shaving head,k400,0,32,224x224
4100,peeling potatoes/wpmwqVGMJVc.mp4,peeling potatoes,k400,0,32,224x224
4101,decorating the christmas tree/SIepoRvCzuQ.mp4,decorating the christmas tree,k400,0,32,224x224
4102,marching/3o9LkJDBJN0.mp4,marching,k400,0,32,224x224
4103,hammer throw/r2JY80iBRhk.mp4,hammer throw,k400,0,32,224x224
4104,riding camel/JeeGt_tJjZM.mp4,riding camel,k400,0,32,224x224
4105,sled dog racing/neKDSh3srL4.mp4,sled dog racing,k400,0,32,224x224
4106,dining/VraEASk2yiE.mp4,dining,k400,0,32,224x224
4107,massaging person's head/r_DwmF0Y7JQ.mp4,massaging person's head,k400,0,32,224x224
4108,tossing coin/hAvkrlhQCks.mp4,tossing coin,k400,0,32,224x224
4109,headbanging/wgiMdlhOtBA.mp4,headbanging,k400,0,32,224x224
4110,fixing hair/AUoBRZ4xRa8.mp4,fixing hair,k400,0,32,224x224
4111,breading or breadcrumbing/r0vc_5eYx9I.mp4,breading or breadcrumbing,k400,0,32,224x224
4112,opening bottle/T1dG37yP_E8.mp4,opening bottle,k400,0,32,224x224
4113,weaving basket/tREEIghcJ3U.mp4,weaving basket,k400,0,32,224x224
4114,triple jump/mKzPEMvjRkM.mp4,triple jump,k400,0,32,224x224
4115,driving car/sw-2nlwSDsA.mp4,driving car,k400,0,32,224x224
4116,jetskiing/fTuioVrowOY.mp4,jetskiing,k400,0,32,224x224
4117,tai chi/w3IBWpm49yI.mp4,tai chi,k400,0,32,224x224
4118,baking cookies/yrlT9W5j3FA.mp4,baking cookies,k400,0,32,224x224
4119,tapping pen/izMaydHC0GQ.mp4,tapping pen,k400,0,32,224x224
4120,sticking tongue out/ZIpVseGqQcY.mp4,sticking tongue out,k400,0,32,224x224
4121,riding or walking with horse/y61H45xu15Y.mp4,riding or walking with horse,k400,0,32,224x224
4122,cooking sausages/9-P215O-ILE.mp4,cooking sausages,k400,0,32,224x224
4123,washing dishes/mwLQcqukSug.mp4,washing dishes,k400,0,32,224x224
4124,catching fish/30zRuRxGz38.mp4,catching fish,k400,0,32,224x224
4125,stretching leg/xIza-AULafs.mp4,stretching leg,k400,0,32,224x224
4126,skiing (not slalom or crosscountry)/WkVcxr8blok.mp4,skiing (not slalom or crosscountry),k400,0,32,224x224
4127,weaving basket/RLA9_DaVRZM.mp4,weaving basket,k400,0,32,224x224
4128,changing wheel/CEHsBRj7EUU.mp4,changing wheel,k400,0,32,224x224
4129,jetskiing/Jvmpbchl_3k.mp4,jetskiing,k400,0,32,224x224
4130,snatch weight lifting/2KISzmxQCk4.mp4,snatch weight lifting,k400,0,32,224x224
4131,skipping rope/Qa6dbFxEsWw.mp4,skipping rope,k400,0,32,224x224
4132,cutting pineapple/tBcTV0n493Y.mp4,cutting pineapple,k400,0,32,224x224
4133,passing American football (in game)/URQRx8n6HuM.mp4,passing American football (in game),k400,0,32,224x224
4134,riding elephant/zVStehQk2eU.mp4,riding elephant,k400,0,32,224x224
4135,dunking basketball/AJqz1_a8bZM.mp4,dunking basketball,k400,0,32,224x224
4136,playing clarinet/mwPEC8Z7gUY.mp4,playing clarinet,k400,0,32,224x224
4137,playing cricket/OKY58PXaJsk.mp4,playing cricket,k400,0,32,224x224
4138,bookbinding/HdnyMhw56oE.mp4,bookbinding,k400,0,32,224x224
4139,eating doughnuts/Pm3PZJ50IWU.mp4,eating doughnuts,k400,0,32,224x224
4140,grooming horse/qRmJEe3yB54.mp4,grooming horse,k400,0,32,224x224
4141,dancing gangnam style/dbhWSTz87js.mp4,dancing gangnam style,k400,0,32,224x224
4142,catching or throwing softball/Jb8vNoj6YhQ.mp4,catching or throwing softball,k400,0,32,224x224
4143,juggling balls/cwDePc4Z4ws.mp4,juggling balls,k400,0,32,224x224
4144,high jump/z0GFX2ix2mU.mp4,high jump,k400,0,32,224x224
4145,pushing car/-fP1UdxOIGs.mp4,pushing car,k400,0,32,224x224
4146,playing ukulele/NEBHIdmCpgg.mp4,playing ukulele,k400,0,32,224x224
4147,punching bag/PtgKvCTvzz8.mp4,punching bag,k400,0,32,224x224
4148,shoveling snow/85NtgkgLvvo.mp4,shoveling snow,k400,0,32,224x224
4149,roller skating/OKCEi4RtCbY.mp4,roller skating,k400,0,32,224x224
4150,bowling/E66-uMQTy_k.mp4,bowling,k400,0,32,224x224
4151,counting money/pNLj_rjCec0.mp4,counting money,k400,0,32,224x224
4152,making jewelry/Z_c0F8sa7JA.mp4,making jewelry,k400,0,32,224x224
4153,washing feet/SEFGkXhQU6I.mp4,washing feet,k400,0,32,224x224
4154,playing bagpipes/wQeY9FcRTLY.mp4,playing bagpipes,k400,0,32,224x224
4155,javelin throw/jO6b2JxP8dk.mp4,javelin throw,k400,0,32,224x224
4156,cleaning floor/AV4t72IYADk.mp4,cleaning floor,k400,0,32,224x224
4157,playing volleyball/GlF1S7l47v0.mp4,playing volleyball,k400,0,32,224x224
4158,gymnastics tumbling/-7vg39JRcOI.mp4,gymnastics tumbling,k400,0,32,224x224
4159,hockey stop/meU6bzbMLrQ.mp4,hockey stop,k400,0,32,224x224
4160,sailing/HQYY3edCwdU.mp4,sailing,k400,0,32,224x224
4161,dunking basketball/IhlRIr7c5LA.mp4,dunking basketball,k400,0,32,224x224
4162,presenting weather forecast/YkOAQqnRK6Y.mp4,presenting weather forecast,k400,0,32,224x224
4163,eating burger/yiJzcWF06hY.mp4,eating burger,k400,0,32,224x224
4164,parkour/O2QRIjb3anA.mp4,parkour,k400,0,32,224x224
4165,playing xylophone/JBHEwoUBGAs.mp4,playing xylophone,k400,0,32,224x224
4166,barbequing/_YqKMi6RVxQ.mp4,barbequing,k400,0,32,224x224
4167,crossing river/_6Ql6NWs0eM.mp4,crossing river,k400,0,32,224x224
4168,salsa dancing/u9S12UTsFh8.mp4,salsa dancing,k400,0,32,224x224
4169,carrying baby/Ko2a_V3KmbY.mp4,carrying baby,k400,0,32,224x224
4170,blasting sand/4el9EU-KeSY.mp4,blasting sand,k400,0,32,224x224
4171,bungee jumping/UtdZwNI_lsk.mp4,bungee jumping,k400,0,32,224x224
4172,hula hooping/rET-VsGw1YQ.mp4,hula hooping,k400,0,32,224x224
4173,playing tennis/Vf_qqavWLr8.mp4,playing tennis,k400,0,32,224x224
4174,dunking basketball/ugo9qbjLGLI.mp4,dunking basketball,k400,0,32,224x224
4175,playing badminton/8aSVToagSO4.mp4,playing badminton,k400,0,32,224x224
4176,slacklining/ufTSteXFSjc.mp4,slacklining,k400,0,32,224x224
4177,tickling/6ISb7feuP1c.mp4,tickling,k400,0,32,224x224
4178,brush painting/ewJ_ZbvQU08.mp4,brush painting,k400,0,32,224x224
4179,squat/QFg3TuKvXvw.mp4,squat,k400,0,32,224x224
4180,snowboarding/YQ2jQ2gfjr0.mp4,snowboarding,k400,0,32,224x224
4181,tasting food/5ZpWwuBjWQE.mp4,tasting food,k400,0,32,224x224
4182,braiding hair/8kcSBonxXU4.mp4,braiding hair,k400,0,32,224x224
4183,eating spaghetti/24Lb61u82f4.mp4,eating spaghetti,k400,0,32,224x224
4184,climbing tree/agFA-fpTqEA.mp4,climbing tree,k400,0,32,224x224
4185,cutting watermelon/dwI3e9udjlY.mp4,cutting watermelon,k400,0,32,224x224
4186,pumping fist/1Icc2-uIth4.mp4,pumping fist,k400,0,32,224x224
4187,high jump/S4hsGMNzJWo.mp4,high jump,k400,0,32,224x224
4188,playing recorder/lBkLrR3SYVw.mp4,playing recorder,k400,0,32,224x224
4189,dancing macarena/_08xCUmayOk.mp4,dancing macarena,k400,0,32,224x224
4190,playing bass guitar/hlKIOM9aOVM.mp4,playing bass guitar,k400,0,32,224x224
4191,tapping guitar/fnG4thuFieA.mp4,tapping guitar,k400,0,32,224x224
4192,dunking basketball/NSBXSBqTn0o.mp4,dunking basketball,k400,0,32,224x224
4193,slapping/NTwHN-XnQhA.mp4,slapping,k400,0,32,224x224
4194,assembling computer/iNbgH3SVfoA.mp4,assembling computer,k400,0,32,224x224
4195,sharpening knives/rGeyMF1_6Ug.mp4,sharpening knives,k400,0,32,224x224
4196,playing cello/gMjHM43LeUc.mp4,playing cello,k400,0,32,224x224
4197,playing clarinet/NoscwPZ6Sw0.mp4,playing clarinet,k400,0,32,224x224
4198,scuba diving/PgO0aMy3N1E.mp4,scuba diving,k400,0,32,224x224
4199,dining/74M9qsgbhrc.mp4,dining,k400,0,32,224x224
4200,swinging legs/EJDbOG2Yqww.mp4,swinging legs,k400,0,32,224x224
4201,washing dishes/owJxGoT0eLA.mp4,washing dishes,k400,0,32,224x224
4202,throwing axe/b8YRO4tCsus.mp4,throwing axe,k400,0,32,224x224
4203,cleaning pool/jZPkP1iFuDA.mp4,cleaning pool,k400,0,32,224x224
4204,cleaning gutters/-lAkrqerHZE.mp4,cleaning gutters,k400,0,32,224x224
4205,windsurfing/eHtqXf1c6lU.mp4,windsurfing,k400,0,32,224x224
4206,extinguishing fire/Edqxd5iJnGc.mp4,extinguishing fire,k400,0,32,224x224
4207,zumba/Vrvu0WThAOA.mp4,zumba,k400,0,32,224x224
4208,playing cards/LeNHiTDP2B0.mp4,playing cards,k400,0,32,224x224
4209,dribbling basketball/VBN_Nd1O4iA.mp4,dribbling basketball,k400,0,32,224x224
4210,cheerleading/sQ920A_Pr3c.mp4,cheerleading,k400,0,32,224x224
4211,drumming fingers/ivrCVFvH6H0.mp4,drumming fingers,k400,0,32,224x224
4212,watering plants/Y1BvRoxLG5g.mp4,watering plants,k400,0,32,224x224
4213,passing American football (not in game)/T4w2NfAAd4s.mp4,passing American football (not in game),k400,0,32,224x224
4214,tasting food/BqKwJG-Q72g.mp4,tasting food,k400,0,32,224x224
4215,high jump/K3ijqpg6JHc.mp4,high jump,k400,0,32,224x224
4216,playing poker/HRseAxpon_s.mp4,playing poker,k400,0,32,224x224
4217,country line dancing/Efhjfh38ISE.mp4,country line dancing,k400,0,32,224x224
4218,sled dog racing/sXFpdsZs1C4.mp4,sled dog racing,k400,0,32,224x224
4219,pushing cart/HNDv7KH8b90.mp4,pushing cart,k400,0,32,224x224
4220,climbing tree/AVgtAA-1SM0.mp4,climbing tree,k400,0,32,224x224
4221,making snowman/LWwUsSx7oQc.mp4,making snowman,k400,0,32,224x224
4222,playing cello/ROXbjNVD9tg.mp4,playing cello,k400,0,32,224x224
4223,rock climbing/OK5dK_EEt6Q.mp4,rock climbing,k400,0,32,224x224
4224,filling eyebrows/X8Y3vsA2sig.mp4,filling eyebrows,k400,0,32,224x224
4225,tossing salad/ehJz4bOF6Tg.mp4,tossing salad,k400,0,32,224x224
4226,hopscotch/zDuofHpA4V4.mp4,hopscotch,k400,0,32,224x224
4227,capoeira/gaxz36lVyCk.mp4,capoeira,k400,0,32,224x224
4228,running on treadmill/U3pn3Bua6sg.mp4,running on treadmill,k400,0,32,224x224
4229,throwing ball/xGbNxfVMbwc.mp4,throwing ball,k400,0,32,224x224
4230,driving tractor/Mb7DnhNHgwQ.mp4,driving tractor,k400,0,32,224x224
4231,playing badminton/4kJIv1ZTLYo.mp4,playing badminton,k400,0,32,224x224
4232,crying/elQPkPKTHKo.mp4,crying,k400,0,32,224x224
4233,surfing water/4IM6swZEguU.mp4,surfing water,k400,0,32,224x224
4234,marching/f0FG5c5i_iQ.mp4,marching,k400,0,32,224x224
4235,filling eyebrows/SXjSBAtAS7I.mp4,filling eyebrows,k400,0,32,224x224
4236,punching bag/w2gYVoNPhxw.mp4,punching bag,k400,0,32,224x224
4237,breakdancing/A6Z_t353fMo.mp4,breakdancing,k400,0,32,224x224
4238,vault/s34bMhsF8bI.mp4,vault,k400,0,32,224x224
4239,playing clarinet/N6-884G-HtI.mp4,playing clarinet,k400,0,32,224x224
4240,making pizza/QiXjMs6GqWo.mp4,making pizza,k400,0,32,224x224
4241,disc golfing/IQW0jmj8J7o.mp4,disc golfing,k400,0,32,224x224
4242,belly dancing/ikASwCLYWC4.mp4,belly dancing,k400,0,32,224x224
4243,shredding paper/xx5D9F4txc8.mp4,shredding paper,k400,0,32,224x224
4244,plastering/sHq7uGaAq1U.mp4,plastering,k400,0,32,224x224
4245,walking the dog/chJJewfd6lM.mp4,walking the dog,k400,0,32,224x224
4246,gymnastics tumbling/1ExwpIz5lIo.mp4,gymnastics tumbling,k400,0,32,224x224
4247,arm wrestling/HTk3WPVrvpQ.mp4,arm wrestling,k400,0,32,224x224
4248,riding unicycle/lAJYbvQfAcw.mp4,riding unicycle,k400,0,32,224x224
4249,air drumming/_wSslwn5Xuc.mp4,air drumming,k400,0,32,224x224
4250,dying hair/2wAJlhClETM.mp4,dying hair,k400,0,32,224x224
4251,jumping into pool/2yJsZlS8axM.mp4,jumping into pool,k400,0,32,224x224
4252,riding elephant/TJXPTRMOAII.mp4,riding elephant,k400,0,32,224x224
4253,playing cello/56RjCc8uR9k.mp4,playing cello,k400,0,32,224x224
4254,getting a tattoo/yit_ns3AmAs.mp4,getting a tattoo,k400,0,32,224x224
4255,dunking basketball/1D5dQWLqAoU.mp4,dunking basketball,k400,0,32,224x224
4256,parkour/k6Iavy1hqOI.mp4,parkour,k400,0,32,224x224
4257,golf driving/9oyobigsQgM.mp4,golf driving,k400,0,32,224x224
4258,shaving head/WEQG3Z3lotk.mp4,shaving head,k400,0,32,224x224
4259,laughing/_hywoBrmn5M.mp4,laughing,k400,0,32,224x224
4260,deadlifting/hYIQ4rMdS9g.mp4,deadlifting,k400,0,32,224x224
4261,sniffing/3-7QwxrwmGI.mp4,sniffing,k400,0,32,224x224
4262,tai chi/BVrS0SXsSug.mp4,tai chi,k400,0,32,224x224
4263,jumping into pool/A39CdgSIrFk.mp4,jumping into pool,k400,0,32,224x224
4264,garbage collecting/AVphYYLjwqM.mp4,garbage collecting,k400,0,32,224x224
4265,eating hotdog/AuRCaSkMemw.mp4,eating hotdog,k400,0,32,224x224
4266,high kick/ELt2Wjy_c7o.mp4,high kick,k400,0,32,224x224
4267,dribbling basketball/6PNWtXX9qqE.mp4,dribbling basketball,k400,0,32,224x224
4268,playing cello/9NeUfkEDlhU.mp4,playing cello,k400,0,32,224x224
4269,drop kicking/JYW8N71Gbyc.mp4,drop kicking,k400,0,32,224x224
4270,high jump/LNAwF3-y1ts.mp4,high jump,k400,0,32,224x224
4271,riding camel/vVUdonmnT9E.mp4,riding camel,k400,0,32,224x224
4272,playing harp/CQkSxYZRMMM.mp4,playing harp,k400,0,32,224x224
4273,pole vault/iat6N7RFeFU.mp4,pole vault,k400,0,32,224x224
4274,tobogganing/F3EYv3MTx68.mp4,tobogganing,k400,0,32,224x224
4275,flying kite/kFSoI3qyzQI.mp4,flying kite,k400,0,32,224x224
4276,jumping into pool/rpM9ThmqF_I.mp4,jumping into pool,k400,0,32,224x224
4277,rock scissors paper/kb1koGqFGRY.mp4,rock scissors paper,k400,0,32,224x224
4278,pull ups/et1utOz1hZE.mp4,pull ups,k400,0,32,224x224
4279,sanding floor/oZ9UwmX-MVI.mp4,sanding floor,k400,0,32,224x224
4280,skateboarding/dw-oFK3eVs0.mp4,skateboarding,k400,0,32,224x224
4281,kicking field goal/ZZ6lAdFy76o.mp4,kicking field goal,k400,0,32,224x224
4282,giving or receiving award/UD16HTOLnOI.mp4,giving or receiving award,k400,0,32,224x224
4283,dunking basketball/TfFsc6wdFHY.mp4,dunking basketball,k400,0,32,224x224
4284,deadlifting/NnpX9QeqiKc.mp4,deadlifting,k400,0,32,224x224
4285,water skiing/t-r5boAni1A.mp4,water skiing,k400,0,32,224x224
4286,dribbling basketball/9fnA-sb9F6E.mp4,dribbling basketball,k400,0,32,224x224
4287,playing paintball/pwKqYIyMgdI.mp4,playing paintball,k400,0,32,224x224
4288,bungee jumping/Qfrc52xDvgc.mp4,bungee jumping,k400,0,32,224x224
4289,disc golfing/IbulECXoUqc.mp4,disc golfing,k400,0,32,224x224
4290,driving tractor/VdxuQ2YXH1Y.mp4,driving tractor,k400,0,32,224x224
4291,using segway/nDcR63-yJ-U.mp4,using segway,k400,0,32,224x224
4292,pumping fist/Dglw-yFGris.mp4,pumping fist,k400,0,32,224x224
4293,welding/pPYxA32MrGk.mp4,welding,k400,0,32,224x224
4294,playing trumpet/U_M0nI7TyNs.mp4,playing trumpet,k400,0,32,224x224
4295,getting a haircut/sgshSLE_PQw.mp4,getting a haircut,k400,0,32,224x224
4296,diving cliff/CZ39rbkh4MM.mp4,diving cliff,k400,0,32,224x224
4297,trimming trees/dlkYif7yC-M.mp4,trimming trees,k400,0,32,224x224
4298,playing bass guitar/RgRI3xqewN8.mp4,playing bass guitar,k400,0,32,224x224
4299,ice skating/iiH2YH5v8oY.mp4,ice skating,k400,0,32,224x224
4300,laughing/IG0JY0a23uA.mp4,laughing,k400,0,32,224x224
4301,ice fishing/J0SHvyBPEcM.mp4,ice fishing,k400,0,32,224x224
4302,high kick/9j130uB6wTA.mp4,high kick,k400,0,32,224x224
4303,hurling (sport)/bQ4WtzR4UEE.mp4,hurling (sport),k400,0,32,224x224
4304,cooking on campfire/zIprHlQkx88.mp4,cooking on campfire,k400,0,32,224x224
4305,cartwheeling/HrW6-d52MWw.mp4,cartwheeling,k400,0,32,224x224
4306,snowboarding/9biVERdVGHs.mp4,snowboarding,k400,0,32,224x224
4307,dribbling basketball/OPCDwcxMiPg.mp4,dribbling basketball,k400,0,32,224x224
4308,water sliding/xYUra6KZndA.mp4,water sliding,k400,0,32,224x224
4309,ice skating/HXrrOPrKTg4.mp4,ice skating,k400,0,32,224x224
4310,salsa dancing/3gWgPvdjkS0.mp4,salsa dancing,k400,0,32,224x224
4311,cleaning floor/xAhSsMZ3-KU.mp4,cleaning floor,k400,0,32,224x224
4312,playing tennis/CBL31JcCt24.mp4,playing tennis,k400,0,32,224x224
4313,pull ups/yLe2apbmnjY.mp4,pull ups,k400,0,32,224x224
4314,skiing crosscountry/SDmfOx9iKVU.mp4,skiing crosscountry,k400,0,32,224x224
4315,skiing crosscountry/MVHcN6EbVcY.mp4,skiing crosscountry,k400,0,32,224x224
4316,decorating the christmas tree/axsPcuOv92M.mp4,decorating the christmas tree,k400,0,32,224x224
4317,javelin throw/ViN8s7IuD0M.mp4,javelin throw,k400,0,32,224x224
4318,juggling soccer ball/lVwRQKU4W8I.mp4,juggling soccer ball,k400,0,32,224x224
4319,breakdancing/PelcWyOm3UI.mp4,breakdancing,k400,0,32,224x224
4320,doing nails/cWCJes_FH44.mp4,doing nails,k400,0,32,224x224
4321,flying kite/kD6nj1SGgKM.mp4,flying kite,k400,0,32,224x224
4322,country line dancing/ONDBIFiWN3g.mp4,country line dancing,k400,0,32,224x224
4323,folding napkins/BOx8R7uKUOY.mp4,folding napkins,k400,0,32,224x224
4324,jetskiing/efA4R2Eg5LA.mp4,jetskiing,k400,0,32,224x224
4325,massaging person's head/wAdGQSd6nFQ.mp4,massaging person's head,k400,0,32,224x224
4326,jogging/u_9OTjkL7D8.mp4,jogging,k400,0,32,224x224
4327,snowmobiling/z7wSVRHIZFU.mp4,snowmobiling,k400,0,32,224x224
4328,doing laundry/tCAhP0YI5ZA.mp4,doing laundry,k400,0,32,224x224
4329,swinging on something/Pm_tOePCC7c.mp4,swinging on something,k400,0,32,224x224
4330,cleaning windows/bmc11KqVbEE.mp4,cleaning windows,k400,0,32,224x224
4331,kicking field goal/kYPHsUGVZ0E.mp4,kicking field goal,k400,0,32,224x224
4332,opening present/I-FxfU9PVCs.mp4,opening present,k400,0,32,224x224
4333,cleaning pool/76pyoo4FGpA.mp4,cleaning pool,k400,0,32,224x224
4334,pushing cart/7ZSWHTQNJw4.mp4,pushing cart,k400,0,32,224x224
4335,crying/0t7w8in5oeA.mp4,crying,k400,0,32,224x224
4336,waxing eyebrows/O6DeaMInX-s.mp4,waxing eyebrows,k400,0,32,224x224
4337,eating burger/szksmdQAPr0.mp4,eating burger,k400,0,32,224x224
4338,recording music/9s2kaWXAMYw.mp4,recording music,k400,0,32,224x224
4339,snatch weight lifting/za-hmcb0o9M.mp4,snatch weight lifting,k400,0,32,224x224
4340,jetskiing/F7ma3Yy-hl8.mp4,jetskiing,k400,0,32,224x224
4341,springboard diving/Z1pKLe3qFM0.mp4,springboard diving,k400,0,32,224x224
4342,throwing discus/fd22oMPU-Ng.mp4,throwing discus,k400,0,32,224x224
4343,swimming butterfly stroke/Y2fWtFJRDo0.mp4,swimming butterfly stroke,k400,0,32,224x224
4344,high jump/gN9Cr974AWg.mp4,high jump,k400,0,32,224x224
4345,fixing hair/BkA-wREcJzo.mp4,fixing hair,k400,0,32,224x224
4346,milking cow/45zkQuKr-pE.mp4,milking cow,k400,0,32,224x224
4347,feeding fish/u-hBKxc2C6s.mp4,feeding fish,k400,0,32,224x224
4348,lunge/mnUp69vJ4fg.mp4,lunge,k400,0,32,224x224
4349,bench pressing/CY0GKejQRVI.mp4,bench pressing,k400,0,32,224x224
4350,playing bagpipes/6BElwB3q6ls.mp4,playing bagpipes,k400,0,32,224x224
4351,shaving head/oQvHPW58z0E.mp4,shaving head,k400,0,32,224x224
4352,making tea/wnGgdbpYmRY.mp4,making tea,k400,0,32,224x224
4353,bowling/gTRa6hwj76w.mp4,bowling,k400,0,32,224x224
4354,frying vegetables/I2OGfMx4YzE.mp4,frying vegetables,k400,0,32,224x224
4355,changing wheel/psPpis-L3IY.mp4,changing wheel,k400,0,32,224x224
4356,deadlifting/52tRN6EWv0E.mp4,deadlifting,k400,0,32,224x224
4357,cartwheeling/FttUy7ljzqE.mp4,cartwheeling,k400,0,32,224x224
4358,clapping/8BjRkSr_8NE.mp4,clapping,k400,0,32,224x224
4359,playing harmonica/WgiDnf3u8zE.mp4,playing harmonica,k400,0,32,224x224
4360,playing harp/2_Sq97pPNOM.mp4,playing harp,k400,0,32,224x224
4361,javelin throw/d3EYcbjSacI.mp4,javelin throw,k400,0,32,224x224
4362,cooking chicken/rHLwqiMuhwY.mp4,cooking chicken,k400,0,32,224x224
4363,snowkiting/40Up5xeETmE.mp4,snowkiting,k400,0,32,224x224
4364,knitting/-XVAKPWNsZQ.mp4,knitting,k400,0,32,224x224
4365,drinking/6u9hwqeCYWY.mp4,drinking,k400,0,32,224x224
4366,auctioning/gi3j7Ub2d18.mp4,auctioning,k400,0,32,224x224
4367,playing cello/9NN-HazcD9g.mp4,playing cello,k400,0,32,224x224
4368,climbing tree/QZq06mGuSfk.mp4,climbing tree,k400,0,32,224x224
4369,reading book/sOOQSl8jxJA.mp4,reading book,k400,0,32,224x224
4370,riding or walking with horse/fU8VGs0oiVE.mp4,riding or walking with horse,k400,0,32,224x224
4371,hammer throw/run8BUWo8K4.mp4,hammer throw,k400,0,32,224x224
4372,skydiving/W34pOVXDsUA.mp4,skydiving,k400,0,32,224x224
4373,playing accordion/lcA0VPbLMXI.mp4,playing accordion,k400,0,32,224x224
4374,playing harmonica/7tHfPtboEXQ.mp4,playing harmonica,k400,0,32,224x224
4375,skateboarding/SAMgy9Ki-HU.mp4,skateboarding,k400,0,32,224x224
4376,bookbinding/RcX2gzDGn9U.mp4,bookbinding,k400,0,32,224x224
4377,driving tractor/D_I5fNeYwF8.mp4,driving tractor,k400,0,32,224x224
4378,golf chipping/TAqydsP18mo.mp4,golf chipping,k400,0,32,224x224
4379,curling hair/T3IHHYVhJvA.mp4,curling hair,k400,0,32,224x224
4380,paragliding/EQPdXktXoGY.mp4,paragliding,k400,0,32,224x224
4381,playing trombone/bj--1HS-u6k.mp4,playing trombone,k400,0,32,224x224
4382,throwing discus/fedq18F2e38.mp4,throwing discus,k400,0,32,224x224
4383,making bed/PaEsP6_cCJ8.mp4,making bed,k400,0,32,224x224
4384,barbequing/D3CegX7j_n4.mp4,barbequing,k400,0,32,224x224
4385,juggling balls/coOYX8-gtLg.mp4,juggling balls,k400,0,32,224x224
4386,air drumming/zCskcPjUVvg.mp4,air drumming,k400,0,32,224x224
4387,chopping wood/eG9-1pKw6Pc.mp4,chopping wood,k400,0,32,224x224
4388,surfing crowd/swZNs21jybs.mp4,surfing crowd,k400,0,32,224x224
4389,changing oil/kFCoZem7XLI.mp4,changing oil,k400,0,32,224x224
4390,golf putting/tD8_4hOQddM.mp4,golf putting,k400,0,32,224x224
4391,celebrating/XzayrTyl8Fw.mp4,celebrating,k400,0,32,224x224
4392,catching or throwing frisbee/3W9nGO1N8QQ.mp4,catching or throwing frisbee,k400,0,32,224x224
4393,playing guitar/7oYUhdeN8YY.mp4,playing guitar,k400,0,32,224x224
4394,pull ups/HrsaSFTGt4o.mp4,pull ups,k400,0,32,224x224
4395,unloading truck/AxHWyaH-JcA.mp4,unloading truck,k400,0,32,224x224
4396,skiing (not slalom or crosscountry)/9mFA2a3UiYQ.mp4,skiing (not slalom or crosscountry),k400,0,32,224x224
4397,making sushi/Kw_XdutyRtU.mp4,making sushi,k400,0,32,224x224
4398,dining/ymdHqLnvToc.mp4,dining,k400,0,32,224x224
4399,tai chi/kF-FSk40dS8.mp4,tai chi,k400,0,32,224x224
4400,playing drums/nBkHKb6Fa8I.mp4,playing drums,k400,0,32,224x224
4401,finger snapping/ozcnlqSITNM.mp4,finger snapping,k400,0,32,224x224
4402,playing squash or racquetball/Izd3BG6D1S4.mp4,playing squash or racquetball,k400,0,32,224x224
4403,yawning/GTjCRYce2k0.mp4,yawning,k400,0,32,224x224
4404,braiding hair/3TiGUeLZuBk.mp4,braiding hair,k400,0,32,224x224
4405,belly dancing/dfArQcPq_mo.mp4,belly dancing,k400,0,32,224x224
4406,ice climbing/JhTtNi9USUI.mp4,ice climbing,k400,0,32,224x224
4407,massaging person's head/lSwgm49rRq8.mp4,massaging person's head,k400,0,32,224x224
4408,tap dancing/QN9rubEfAg4.mp4,tap dancing,k400,0,32,224x224
4409,knitting/7z-FcVfASb0.mp4,knitting,k400,0,32,224x224
4410,grooming dog/i24CAx5LmI8.mp4,grooming dog,k400,0,32,224x224
4411,somersaulting/VN3Vgw0cE-0.mp4,somersaulting,k400,0,32,224x224
4412,arm wrestling/HTZPea9B3_Y.mp4,arm wrestling,k400,0,32,224x224
4413,eating spaghetti/o7Fa7miojdg.mp4,eating spaghetti,k400,0,32,224x224
4414,applauding/RcIwIcFRF6E.mp4,applauding,k400,0,32,224x224
4415,triple jump/V5v-1yzvOak.mp4,triple jump,k400,0,32,224x224
4416,ironing/ydGkBVj__w4.mp4,ironing,k400,0,32,224x224
4417,throwing axe/yGhj7Mw4hq0.mp4,throwing axe,k400,0,32,224x224
4418,skiing slalom/lqNyxX9C4oM.mp4,skiing slalom,k400,0,32,224x224
4419,shot put/DEQ9ZJZoUIQ.mp4,shot put,k400,0,32,224x224
4420,passing American football (not in game)/iGAqbMcM9gY.mp4,passing American football (not in game),k400,0,32,224x224
4421,playing harmonica/mV6rvt43rVE.mp4,playing harmonica,k400,0,32,224x224
4422,tap dancing/6KcwOQFlHh4.mp4,tap dancing,k400,0,32,224x224
4423,writing/3T391ZBTFX4.mp4,writing,k400,0,32,224x224
4424,riding mechanical bull/xyQjJeuS6a4.mp4,riding mechanical bull,k400,0,32,224x224
4425,making a sandwich/9SkTPUdTCJg.mp4,making a sandwich,k400,0,32,224x224
4426,marching/XWvrWywctRk.mp4,marching,k400,0,32,224x224
4427,air drumming/Ob-VYqPMlxM.mp4,air drumming,k400,0,32,224x224
4428,juggling fire/7lSOrSIyzwg.mp4,juggling fire,k400,0,32,224x224
4429,deadlifting/XAyAJdFGbRU.mp4,deadlifting,k400,0,32,224x224
4430,air drumming/ebduwpFg3Y4.mp4,air drumming,k400,0,32,224x224
4431,eating spaghetti/0QEc0kJWUaU.mp4,eating spaghetti,k400,0,32,224x224
4432,eating cake/1rLgHXNOoqI.mp4,eating cake,k400,0,32,224x224
4433,windsurfing/WceoWW4bwvE.mp4,windsurfing,k400,0,32,224x224
4434,shining shoes/pc3yJmwHeOs.mp4,shining shoes,k400,0,32,224x224
4435,cleaning floor/STL3ejY9u_Q.mp4,cleaning floor,k400,0,32,224x224
4436,blasting sand/3bP1w8DLOGs.mp4,blasting sand,k400,0,32,224x224
4437,making snowman/vdd6yv6UxLw.mp4,making snowman,k400,0,32,224x224
4438,bench pressing/sd4DxaP5yuQ.mp4,bench pressing,k400,0,32,224x224
4439,massaging legs/WHNpV-2I6QQ.mp4,massaging legs,k400,0,32,224x224
4440,golf driving/9fcFQ65abHQ.mp4,golf driving,k400,0,32,224x224
4441,archery/7AhEDr0QwBY.mp4,archery,k400,0,32,224x224
4442,contact juggling/OGgsQsMWfmU.mp4,contact juggling,k400,0,32,224x224
4443,water skiing/dBulZOUDbMo.mp4,water skiing,k400,0,32,224x224
4444,blowing out candles/zurFvII5yvc.mp4,blowing out candles,k400,0,32,224x224
4445,swing dancing/pHoTm0CTHqg.mp4,swing dancing,k400,0,32,224x224
4446,snowmobiling/o0-bu73IaNk.mp4,snowmobiling,k400,0,32,224x224
4447,pushing wheelchair/T7Ky2Ebjdko.mp4,pushing wheelchair,k400,0,32,224x224
4448,watering plants/PvCN8yp38Yk.mp4,watering plants,k400,0,32,224x224
4449,zumba/Vrw2Bj4uDEY.mp4,zumba,k400,0,32,224x224
4450,dribbling basketball/P35bh_NLw1E.mp4,dribbling basketball,k400,0,32,224x224
4451,juggling balls/d8Oz7UPloMc.mp4,juggling balls,k400,0,32,224x224
4452,playing recorder/vE4iiZ47z0c.mp4,playing recorder,k400,0,32,224x224
4453,assembling computer/rbL6KS0W7qE.mp4,assembling computer,k400,0,32,224x224
4454,opening present/vaIdBL8WgXE.mp4,opening present,k400,0,32,224x224
4455,stretching arm/Nm-V0s09iRs.mp4,stretching arm,k400,0,32,224x224
4456,dying hair/eB0usEC_H3Y.mp4,dying hair,k400,0,32,224x224
4457,javelin throw/pgfMrlz6BC4.mp4,javelin throw,k400,0,32,224x224
4458,finger snapping/Myl0HnZPtJo.mp4,finger snapping,k400,0,32,224x224
4459,shearing sheep/yYd-ObeIECk.mp4,shearing sheep,k400,0,32,224x224
4460,grinding meat/7YjnnngEXNE.mp4,grinding meat,k400,0,32,224x224
4461,surfing water/mWFN3TjoW3M.mp4,surfing water,k400,0,32,224x224
4462,throwing axe/jO7klFJycZU.mp4,throwing axe,k400,0,32,224x224
4463,pull ups/zz6lF-UE29A.mp4,pull ups,k400,0,32,224x224
4464,folding napkins/whtzod-hCYw.mp4,folding napkins,k400,0,32,224x224
4465,drawing/FTvoeyTiU9M.mp4,drawing,k400,0,32,224x224
4466,stretching leg/1_rKrzArO8E.mp4,stretching leg,k400,0,32,224x224
4467,tasting food/XlRZA0QMBFQ.mp4,tasting food,k400,0,32,224x224
4468,tying knot (not on a tie)/OqOVjmXaA60.mp4,tying knot (not on a tie),k400,0,32,224x224
4469,rock climbing/OADwhDL3tNo.mp4,rock climbing,k400,0,32,224x224
4470,golf putting/RCfOkoTOvDY.mp4,golf putting,k400,0,32,224x224
4471,parasailing/xl8JbIlS9Tk.mp4,parasailing,k400,0,32,224x224
4472,catching or throwing baseball/itwezb029W0.mp4,catching or throwing baseball,k400,0,32,224x224
4473,washing feet/xes_HJYdxsU.mp4,washing feet,k400,0,32,224x224
4474,eating doughnuts/YqJAMFj4TYA.mp4,eating doughnuts,k400,0,32,224x224
4475,snorkeling/fnZbDldTKYA.mp4,snorkeling,k400,0,32,224x224
4476,spray painting/uSFdJY0qDBk.mp4,spray painting,k400,0,32,224x224
4477,weaving basket/YAlh6fXVupw.mp4,weaving basket,k400,0,32,224x224
4478,eating watermelon/aR6F_NhJ1c8.mp4,eating watermelon,k400,0,32,224x224
4479,driving car/ZA3CMARs9Iw.mp4,driving car,k400,0,32,224x224
4480,taking a shower/aI_w2-WnpW8.mp4,taking a shower,k400,0,32,224x224
4481,chopping wood/umAp0BRMFqU.mp4,chopping wood,k400,0,32,224x224
4482,checking tires/JF2Je7UGlWg.mp4,checking tires,k400,0,32,224x224
4483,cleaning gutters/PnENO31OLAk.mp4,cleaning gutters,k400,0,32,224x224
4484,playing paintball/8CKcUbYknwM.mp4,playing paintball,k400,0,32,224x224
4485,shaving head/Xv__0v03BiY.mp4,shaving head,k400,0,32,224x224
4486,cleaning gutters/U8QWeocnwYY.mp4,cleaning gutters,k400,0,32,224x224
4487,cheerleading/YcX37EyWy5I.mp4,cheerleading,k400,0,32,224x224
4488,lunge/f0VxQ6sxs7s.mp4,lunge,k400,0,32,224x224
4489,feeding birds/-0EXMXaj77A.mp4,feeding birds,k400,0,32,224x224
4490,playing violin/R22n5VSRje4.mp4,playing violin,k400,0,32,224x224
4491,eating spaghetti/FXmCXEpvZW0.mp4,eating spaghetti,k400,0,32,224x224
4492,rock climbing/B8olzoGqDhA.mp4,rock climbing,k400,0,32,224x224
4493,marching/eOoiw5yGpEw.mp4,marching,k400,0,32,224x224
4494,using segway/7Yo6fxRoMRM.mp4,using segway,k400,0,32,224x224
4495,playing chess/wrR00MzGZYw.mp4,playing chess,k400,0,32,224x224
4496,feeding birds/CZ0JKZTrQ60.mp4,feeding birds,k400,0,32,224x224
4497,playing violin/xa_SzyyOc6k.mp4,playing violin,k400,0,32,224x224
4498,picking fruit/qt6ty_hwkmw.mp4,picking fruit,k400,0,32,224x224
4499,folding clothes/XQbtDI1EoaU.mp4,folding clothes,k400,0,32,224x224
4500,arm wrestling/PG6zKsuEIIA.mp4,arm wrestling,k400,0,32,224x224
4501,driving tractor/xDxbi9ZeoxU.mp4,driving tractor,k400,0,32,224x224
4502,dodgeball/QrZEXX_j-nM.mp4,dodgeball,k400,0,32,224x224
4503,shooting goal (soccer)/kmJtmOQs9IA.mp4,shooting goal (soccer),k400,0,32,224x224
4504,clay pottery making/kVAScTNRnwA.mp4,clay pottery making,k400,0,32,224x224
4505,getting a haircut/Jbmf2uNLlSQ.mp4,getting a haircut,k400,0,32,224x224
4506,pushing car/_-lccK5wvfk.mp4,pushing car,k400,0,32,224x224
4507,hopscotch/4ibmflYp0wA.mp4,hopscotch,k400,0,32,224x224
4508,snowmobiling/sT3Ti5VL_k4.mp4,snowmobiling,k400,0,32,224x224
4509,massaging legs/yRVIWBiJyUM.mp4,massaging legs,k400,0,32,224x224
4510,golf putting/RelQLUHKPSw.mp4,golf putting,k400,0,32,224x224
4511,shaking hands/X_1OsOXllqs.mp4,shaking hands,k400,0,32,224x224
4512,somersaulting/-u7lMPwWSHI.mp4,somersaulting,k400,0,32,224x224
4513,belly dancing/dU7W4hlzNnI.mp4,belly dancing,k400,0,32,224x224
4514,riding a bike/WjHmytE3-CM.mp4,riding a bike,k400,0,32,224x224
4515,slapping/ohfPNCygRQM.mp4,slapping,k400,0,32,224x224
4516,stretching leg/HN7r9LadMOE.mp4,stretching leg,k400,0,32,224x224
4517,blowing out candles/7v_dPsTBD5I.mp4,blowing out candles,k400,0,32,224x224
4518,petting animal (not cat)/qDuG9cH084s.mp4,petting animal (not cat),k400,0,32,224x224
4519,celebrating/NfeGt5aNOnI.mp4,celebrating,k400,0,32,224x224
4520,playing tennis/dxbxCH1Wcj4.mp4,playing tennis,k400,0,32,224x224
4521,biking through snow/dH0kKAeh-Ws.mp4,biking through snow,k400,0,32,224x224
4522,using computer/cBgu6i8gmgc.mp4,using computer,k400,0,32,224x224
4523,skiing (not slalom or crosscountry)/VfOwXWePsxg.mp4,skiing (not slalom or crosscountry),k400,0,32,224x224
4524,presenting weather forecast/997uWfw2SOM.mp4,presenting weather forecast,k400,0,32,224x224
4525,biking through snow/UzOUvtf4Kyw.mp4,biking through snow,k400,0,32,224x224
4526,cleaning floor/saIC1CX7QBU.mp4,cleaning floor,k400,0,32,224x224
4527,triple jump/Cs0v810EXo8.mp4,triple jump,k400,0,32,224x224
4528,driving car/Sn-zzPNEYT4.mp4,driving car,k400,0,32,224x224
4529,high jump/BGIEZzO347k.mp4,high jump,k400,0,32,224x224
4530,massaging person's head/yBx3kkMwW50.mp4,massaging person's head,k400,0,32,224x224
4531,swimming butterfly stroke/lisB8-8MSmc.mp4,swimming butterfly stroke,k400,0,32,224x224
4532,dancing ballet/gla9zr7ZEIo.mp4,dancing ballet,k400,0,32,224x224
4533,eating chips/TyFJBRZWB2U.mp4,eating chips,k400,0,32,224x224
4534,playing trumpet/Pz7vZ_6VYlU.mp4,playing trumpet,k400,0,32,224x224
4535,making snowman/85KpcEraLn4.mp4,making snowman,k400,0,32,224x224
4536,playing flute/rPJOMOLtVR0.mp4,playing flute,k400,0,32,224x224
4537,beatboxing/mmSzwMNvSAE.mp4,beatboxing,k400,0,32,224x224
4538,eating hotdog/iHl7ntWMtMs.mp4,eating hotdog,k400,0,32,224x224
4539,skipping rope/lRYmFe6VWhk.mp4,skipping rope,k400,0,32,224x224
4540,eating chips/lzWdUIiTaNg.mp4,eating chips,k400,0,32,224x224
4541,side kick/LXkaZm6uHng.mp4,side kick,k400,0,32,224x224
4542,snowkiting/OIt3puRVKZQ.mp4,snowkiting,k400,0,32,224x224
4543,jetskiing/gA7cMBuqewM.mp4,jetskiing,k400,0,32,224x224
4544,sweeping floor/lmKly9Qk5_A.mp4,sweeping floor,k400,0,32,224x224
4545,braiding hair/Rk4Nx4Fctyw.mp4,braiding hair,k400,0,32,224x224
4546,throwing discus/gXl4CO3kLWk.mp4,throwing discus,k400,0,32,224x224
4547,playing clarinet/NqIhfcghybE.mp4,playing clarinet,k400,0,32,224x224
4548,cooking chicken/Fji6ROggo5s.mp4,cooking chicken,k400,0,32,224x224
4549,milking cow/nzdtRgItvg4.mp4,milking cow,k400,0,32,224x224
4550,pushing wheelchair/_uoWfFrKfRE.mp4,pushing wheelchair,k400,0,32,224x224
4551,playing trombone/-pQDvTacljU.mp4,playing trombone,k400,0,32,224x224
4552,sharpening pencil/Inrcsyum-_I.mp4,sharpening pencil,k400,0,32,224x224
4553,crawling baby/T-hhWahqJN0.mp4,crawling baby,k400,0,32,224x224
4554,singing/mlyjqFBwCyc.mp4,singing,k400,0,32,224x224
4555,playing ukulele/BLlR5-AbXi8.mp4,playing ukulele,k400,0,32,224x224
4556,breading or breadcrumbing/FDzmW_mVVQE.mp4,breading or breadcrumbing,k400,0,32,224x224
4557,using computer/TdT-r5yue6w.mp4,using computer,k400,0,32,224x224
4558,pumping fist/13iOe3RNobo.mp4,pumping fist,k400,0,32,224x224
4559,skipping rope/vTiyaM7mxMg.mp4,skipping rope,k400,0,32,224x224
4560,walking the dog/xofIP95RV88.mp4,walking the dog,k400,0,32,224x224
4561,tasting beer/WHnH_rNGV_A.mp4,tasting beer,k400,0,32,224x224
4562,unloading truck/LFukdzEPfhA.mp4,unloading truck,k400,0,32,224x224
4563,cooking chicken/vDreJx6mGOg.mp4,cooking chicken,k400,0,32,224x224
4564,weaving basket/oSegmNU-_p0.mp4,weaving basket,k400,0,32,224x224
4565,cutting pineapple/_VWhJeB04EQ.mp4,cutting pineapple,k400,0,32,224x224
4566,auctioning/dSgDtWr0PA0.mp4,auctioning,k400,0,32,224x224
4567,trimming or shaving beard/e_HcSV7qu1s.mp4,trimming or shaving beard,k400,0,32,224x224
4568,using segway/OVrUTY7O014.mp4,using segway,k400,0,32,224x224
4569,cheerleading/a4evSQKDieI.mp4,cheerleading,k400,0,32,224x224
4570,playing harmonica/9fLKcfCUFs4.mp4,playing harmonica,k400,0,32,224x224
4571,feeding goats/8DNr1B6SgGE.mp4,feeding goats,k400,0,32,224x224
4572,eating spaghetti/4yNSz5MrYt0.mp4,eating spaghetti,k400,0,32,224x224
4573,braiding hair/ufAoOI47b3E.mp4,braiding hair,k400,0,32,224x224
4574,carrying baby/Fj6aFUgONqA.mp4,carrying baby,k400,0,32,224x224
4575,ice fishing/ulBG_fK0gBw.mp4,ice fishing,k400,0,32,224x224
4576,throwing axe/ukKsuoaAgfE.mp4,throwing axe,k400,0,32,224x224
4577,hoverboarding/1EZeODqo2Vw.mp4,hoverboarding,k400,0,32,224x224
4578,folding clothes/mvdTa7uCayc.mp4,folding clothes,k400,0,32,224x224
4579,singing/7Wf6IA_oW-M.mp4,singing,k400,0,32,224x224
4580,tango dancing/dYNeW0Kr1dQ.mp4,tango dancing,k400,0,32,224x224
4581,bouncing on trampoline/DtyARMncs_k.mp4,bouncing on trampoline,k400,0,32,224x224
4582,bending back/bH3XFUinrrw.mp4,bending back,k400,0,32,224x224
4583,dying hair/jHODDw65G4A.mp4,dying hair,k400,0,32,224x224
4584,cheerleading/4FKV6NOSnSw.mp4,cheerleading,k400,0,32,224x224
4585,playing bagpipes/MY9tmlmf3Pw.mp4,playing bagpipes,k400,0,32,224x224
4586,country line dancing/nWsaHmdZq2s.mp4,country line dancing,k400,0,32,224x224
4587,sharpening pencil/47vyj2nU0oc.mp4,sharpening pencil,k400,0,32,224x224
4588,making snowman/xqmGRS7p9CE.mp4,making snowman,k400,0,32,224x224
4589,hula hooping/j2GPF5enFHY.mp4,hula hooping,k400,0,32,224x224
4590,playing tennis/BWRWNarIU7E.mp4,playing tennis,k400,0,32,224x224
4591,ice skating/VncL2b_8h9c.mp4,ice skating,k400,0,32,224x224
4592,snowkiting/UHm9RcZSqlk.mp4,snowkiting,k400,0,32,224x224
4593,hurling (sport)/MsE8oL0NTmo.mp4,hurling (sport),k400,0,32,224x224
4594,doing nails/cyBKdzfB9os.mp4,doing nails,k400,0,32,224x224
4595,tango dancing/neEqEqAh8VA.mp4,tango dancing,k400,0,32,224x224
4596,walking the dog/ku5qdB1GRIg.mp4,walking the dog,k400,0,32,224x224
4597,roller skating/BrEGQIxmpVM.mp4,roller skating,k400,0,32,224x224
4598,playing xylophone/O7OWtSuYrNQ.mp4,playing xylophone,k400,0,32,224x224
4599,playing guitar/_tlq3iqjoeQ.mp4,playing guitar,k400,0,32,224x224
4600,crying/1EzJU1Ks9NU.mp4,crying,k400,0,32,224x224
4601,unboxing/OX3Owo7CEX8.mp4,unboxing,k400,0,32,224x224
4602,air drumming/rOxGtBTjINQ.mp4,air drumming,k400,0,32,224x224
4603,pole vault/amFs6PphoRo.mp4,pole vault,k400,0,32,224x224
4604,krumping/TZtugGlx65E.mp4,krumping,k400,0,32,224x224
4605,milking cow/wvkE_RfjAoo.mp4,milking cow,k400,0,32,224x224
4606,playing squash or racquetball/Ud85zIMd8Oo.mp4,playing squash or racquetball,k400,0,32,224x224
4607,playing recorder/EmfCpmK-yqY.mp4,playing recorder,k400,0,32,224x224
4608,bench pressing/13Y0Ja2EfJI.mp4,bench pressing,k400,0,32,224x224
4609,washing dishes/ur5aqt49rPQ.mp4,washing dishes,k400,0,32,224x224
4610,capoeira/WVbnJ4p79GU.mp4,capoeira,k400,0,32,224x224
4611,pushing cart/oa72OsGWDaQ.mp4,pushing cart,k400,0,32,224x224
4612,headbutting/vvSe-jKvpwM.mp4,headbutting,k400,0,32,224x224
4613,giving or receiving award/JBWeDivEHFI.mp4,giving or receiving award,k400,0,32,224x224
4614,waiting in line/CZG6wY9Nzs0.mp4,waiting in line,k400,0,32,224x224
4615,shining shoes/j-5oefR5kQk.mp4,shining shoes,k400,0,32,224x224
4616,javelin throw/I3gOqvpe_2o.mp4,javelin throw,k400,0,32,224x224
4617,climbing ladder/6JM5ip_dUX0.mp4,climbing ladder,k400,0,32,224x224
4618,cooking on campfire/24cKLt2hz6Q.mp4,cooking on campfire,k400,0,32,224x224
4619,cleaning windows/VG8o1phkXvg.mp4,cleaning windows,k400,0,32,224x224
4620,wrapping present/y_Jy61zjzqc.mp4,wrapping present,k400,0,32,224x224
4621,frying vegetables/lD6ohsjFqrA.mp4,frying vegetables,k400,0,32,224x224
4622,playing accordion/ui7Pejbj-mI.mp4,playing accordion,k400,0,32,224x224
4623,crawling baby/3qCTkzcZ_h8.mp4,crawling baby,k400,0,32,224x224
4624,archery/q96D3fQewRc.mp4,archery,k400,0,32,224x224
4625,bending back/1omMPfRukGM.mp4,bending back,k400,0,32,224x224
4626,barbequing/ohk8S8pegCc.mp4,barbequing,k400,0,32,224x224
4627,gymnastics tumbling/um6r_iO3_3E.mp4,gymnastics tumbling,k400,0,32,224x224
4628,petting animal (not cat)/YRKpkTSPJKs.mp4,petting animal (not cat),k400,0,32,224x224
4629,plastering/B-Ey4W7YJBI.mp4,plastering,k400,0,32,224x224
4630,curling hair/NSovwLgjiBI.mp4,curling hair,k400,0,32,224x224
4631,presenting weather forecast/yQaStoe6Ebk.mp4,presenting weather forecast,k400,0,32,224x224
4632,snowkiting/EQGtEiANZmE.mp4,snowkiting,k400,0,32,224x224
4633,pushing car/Vv1ODn7G8nE.mp4,pushing car,k400,0,32,224x224
4634,pole vault/_0Dhj9_7EgM.mp4,pole vault,k400,0,32,224x224
4635,using remote controller (not gaming)/0RvwUL6STGk.mp4,using remote controller (not gaming),k400,0,32,224x224
4636,walking the dog/pwldAjiLJ7E.mp4,walking the dog,k400,0,32,224x224
4637,skateboarding/8X2_zsnPkq8.mp4,skateboarding,k400,0,32,224x224
4638,country line dancing/T-VkUhLUk4Y.mp4,country line dancing,k400,0,32,224x224
4639,barbequing/kbyKHGagm3Q.mp4,barbequing,k400,0,32,224x224
4640,baby waking up/d6pV0wYqDI8.mp4,baby waking up,k400,0,32,224x224
4641,petting animal (not cat)/Kp84F2cT-K0.mp4,petting animal (not cat),k400,0,32,224x224
4642,frying vegetables/JxcwV2d7dNk.mp4,frying vegetables,k400,0,32,224x224
4643,pushing cart/MS91gsniRqo.mp4,pushing cart,k400,0,32,224x224
4644,long jump/rN9SP7JWShM.mp4,long jump,k400,0,32,224x224
4645,front raises/sAuAXMO-muU.mp4,front raises,k400,0,32,224x224
4646,shuffling cards/1zctllXrZW8.mp4,shuffling cards,k400,0,32,224x224
4647,stretching arm/vfOFrZ6S94Q.mp4,stretching arm,k400,0,32,224x224
4648,dancing ballet/5XH1xKwHNEY.mp4,dancing ballet,k400,0,32,224x224
4649,headbanging/GdikAZauc5I.mp4,headbanging,k400,0,32,224x224
4650,juggling fire/uXtG_tx7jQE.mp4,juggling fire,k400,0,32,224x224
4651,playing tennis/4Asy8Kvdsi0.mp4,playing tennis,k400,0,32,224x224
4652,playing drums/U-pRLha-I7E.mp4,playing drums,k400,0,32,224x224
4653,jumping into pool/6niNKEvwIbg.mp4,jumping into pool,k400,0,32,224x224
4654,playing flute/0Iy18mslB4A.mp4,playing flute,k400,0,32,224x224
4655,sled dog racing/fQp1Yig9fTQ.mp4,sled dog racing,k400,0,32,224x224
4656,yoga/wfiRm0YJOEo.mp4,yoga,k400,0,32,224x224
4657,dancing gangnam style/3qSeJMs_Zvo.mp4,dancing gangnam style,k400,0,32,224x224
4658,ice climbing/fkmwfi21-n4.mp4,ice climbing,k400,0,32,224x224
4659,playing ukulele/Ysy8zdOUpl0.mp4,playing ukulele,k400,0,32,224x224
4660,situp/YegSO01eYDM.mp4,situp,k400,0,32,224x224
4661,krumping/NgZLTp1k7-I.mp4,krumping,k400,0,32,224x224
4662,rock climbing/juPvnvgOKMQ.mp4,rock climbing,k400,0,32,224x224
4663,bench pressing/KsOw05oRYyg.mp4,bench pressing,k400,0,32,224x224
4664,opening bottle/EFHUN77fI50.mp4,opening bottle,k400,0,32,224x224
4665,rock scissors paper/drXlOLzBuSY.mp4,rock scissors paper,k400,0,32,224x224
4666,tossing coin/dDUrjTB6CHM.mp4,tossing coin,k400,0,32,224x224
4667,getting a haircut/J2rVfg1Rty8.mp4,getting a haircut,k400,0,32,224x224
4668,dying hair/A8tN_Mn-UHw.mp4,dying hair,k400,0,32,224x224
4669,spraying/S3oJa2vqng4.mp4,spraying,k400,0,32,224x224
4670,skateboarding/QuSJmvHMCCY.mp4,skateboarding,k400,0,32,224x224
4671,cleaning shoes/eszXxJz1DzA.mp4,cleaning shoes,k400,0,32,224x224
4672,robot dancing/wtFitJIIEvk.mp4,robot dancing,k400,0,32,224x224
4673,tasting beer/JXnDzd18ESY.mp4,tasting beer,k400,0,32,224x224
4674,watering plants/95ATcfwh-lw.mp4,watering plants,k400,0,32,224x224
4675,salsa dancing/yi2AeqknkaE.mp4,salsa dancing,k400,0,32,224x224
4676,juggling fire/MnzqdzzeGEQ.mp4,juggling fire,k400,0,32,224x224
4677,grooming dog/pYa2yY-R_OI.mp4,grooming dog,k400,0,32,224x224
4678,dancing macarena/dEuL4lG60l0.mp4,dancing macarena,k400,0,32,224x224
4679,playing xylophone/07xUClqspr8.mp4,playing xylophone,k400,0,32,224x224
4680,bending back/PKkLLMPTMCg.mp4,bending back,k400,0,32,224x224
4681,sled dog racing/hXWKVjSCk4c.mp4,sled dog racing,k400,0,32,224x224
4682,abseiling/dMBxA3ZtLqY.mp4,abseiling,k400,0,32,224x224
4683,tapping pen/T8AI9yY4ZrU.mp4,tapping pen,k400,0,32,224x224
4684,peeling apples/mUu1fT2vUVg.mp4,peeling apples,k400,0,32,224x224
4685,javelin throw/6t22TMiwMkg.mp4,javelin throw,k400,0,32,224x224
4686,tapping pen/-JA4tOwoZr4.mp4,tapping pen,k400,0,32,224x224
4687,triple jump/RqY0XA9OHrk.mp4,triple jump,k400,0,32,224x224
4688,playing paintball/NVD2SJXZnRY.mp4,playing paintball,k400,0,32,224x224
4689,side kick/4cjPOFSvC4Q.mp4,side kick,k400,0,32,224x224
4690,playing saxophone/0qnwyvAzH94.mp4,playing saxophone,k400,0,32,224x224
4691,scrambling eggs/FBqVBW02sn8.mp4,scrambling eggs,k400,0,32,224x224
4692,laughing/Gy5cpFKGvO0.mp4,laughing,k400,0,32,224x224
4693,golf driving/_qfVAzglTV4.mp4,golf driving,k400,0,32,224x224
4694,playing bass guitar/Iw4vOuewRF4.mp4,playing bass guitar,k400,0,32,224x224
4695,kicking field goal/4W71vXJGT4Y.mp4,kicking field goal,k400,0,32,224x224
4696,shredding paper/Imo8UbGgDZ4.mp4,shredding paper,k400,0,32,224x224
4697,changing oil/MaxL809orZo.mp4,changing oil,k400,0,32,224x224
4698,welding/8DURjoV3tRs.mp4,welding,k400,0,32,224x224
4699,fixing hair/LtVn8AylH_o.mp4,fixing hair,k400,0,32,224x224
4700,pull ups/wWRoIIKdu0g.mp4,pull ups,k400,0,32,224x224
4701,lunge/gksKlKlwh9g.mp4,lunge,k400,0,32,224x224
4702,skiing slalom/nHKdxrxnwX8.mp4,skiing slalom,k400,0,32,224x224
4703,abseiling/u_8AD-p_A8A.mp4,abseiling,k400,0,32,224x224
4704,surfing crowd/ANCryb67tIg.mp4,surfing crowd,k400,0,32,224x224
4705,swimming breast stroke/piUQoTPFbNQ.mp4,swimming breast stroke,k400,0,32,224x224
4706,gymnastics tumbling/Mm-xTg9fX5s.mp4,gymnastics tumbling,k400,0,32,224x224
4707,surfing crowd/-A5JFdMXB_k.mp4,surfing crowd,k400,0,32,224x224
4708,playing drums/cvxc6ZTFUKo.mp4,playing drums,k400,0,32,224x224
4709,pumping fist/rz05O8n75c0.mp4,pumping fist,k400,0,32,224x224
4710,playing violin/T7lFmWEf2L8.mp4,playing violin,k400,0,32,224x224
4711,shot put/awFK6Am3BvE.mp4,shot put,k400,0,32,224x224
4712,high kick/kUd06AuZqVU.mp4,high kick,k400,0,32,224x224
4713,clean and jerk/QJDC720t7FM.mp4,clean and jerk,k400,0,32,224x224
4714,front raises/Ut09ow5T26Q.mp4,front raises,k400,0,32,224x224
4715,pushing cart/aB-fDY_W4PU.mp4,pushing cart,k400,0,32,224x224
4716,windsurfing/zjGK9BieFTc.mp4,windsurfing,k400,0,32,224x224
4717,bookbinding/plX0pbshBoM.mp4,bookbinding,k400,0,32,224x224
4718,dancing gangnam style/XRsKyukWuzY.mp4,dancing gangnam style,k400,0,32,224x224
4719,snowkiting/OHxW8T6tYNg.mp4,snowkiting,k400,0,32,224x224
4720,chopping wood/e3aS1BUxra8.mp4,chopping wood,k400,0,32,224x224
4721,playing trumpet/mv8YXBqnEvo.mp4,playing trumpet,k400,0,32,224x224
4722,eating carrots/bBCHuEDw99s.mp4,eating carrots,k400,0,32,224x224
4723,bouncing on trampoline/BxiUswJL9As.mp4,bouncing on trampoline,k400,0,32,224x224
4724,playing violin/D5213U_kmzw.mp4,playing violin,k400,0,32,224x224
4725,sailing/Bh1kOJ70rvU.mp4,sailing,k400,0,32,224x224
4726,presenting weather forecast/uj8vIfs7knA.mp4,presenting weather forecast,k400,0,32,224x224
4727,golf driving/rT6G8urO_Pc.mp4,golf driving,k400,0,32,224x224
4728,spinning poi/M4L1bnYPzrE.mp4,spinning poi,k400,0,32,224x224
4729,picking fruit/hPwjSmAoBEY.mp4,picking fruit,k400,0,32,224x224
4730,robot dancing/E2MzmexxKTs.mp4,robot dancing,k400,0,32,224x224
4731,exercising arm/yeiiwlkep-4.mp4,exercising arm,k400,0,32,224x224
4732,headbanging/Z2OmqV_MCGk.mp4,headbanging,k400,0,32,224x224
4733,decorating the christmas tree/bjNmvjPmy2Y.mp4,decorating the christmas tree,k400,0,32,224x224
4734,riding elephant/lNeGBx-yV5I.mp4,riding elephant,k400,0,32,224x224
4735,shaving head/hGo-6sS9UZI.mp4,shaving head,k400,0,32,224x224
4736,skiing (not slalom or crosscountry)/qIXfkbpr2_g.mp4,skiing (not slalom or crosscountry),k400,0,32,224x224
4737,spray painting/LG2N9aOlG0A.mp4,spray painting,k400,0,32,224x224
4738,sign language interpreting/5FJeX8Um9pw.mp4,sign language interpreting,k400,0,32,224x224
4739,scuba diving/CZZQOpGn1Yw.mp4,scuba diving,k400,0,32,224x224
4740,playing harmonica/Qu_GGLF_NBA.mp4,playing harmonica,k400,0,32,224x224
4741,side kick/UL6f2TF4Pb4.mp4,side kick,k400,0,32,224x224
4742,feeding fish/yVKKtPm1WLg.mp4,feeding fish,k400,0,32,224x224
4743,water skiing/GpQb_CvFExM.mp4,water skiing,k400,0,32,224x224
4744,washing feet/fnAaTL-3P9E.mp4,washing feet,k400,0,32,224x224
4745,tapping guitar/P9dK0ZtFplM.mp4,tapping guitar,k400,0,32,224x224
4746,unboxing/5lsQNws5Y2c.mp4,unboxing,k400,0,32,224x224
4747,waxing legs/b48aJKePwyc.mp4,waxing legs,k400,0,32,224x224
4748,giving or receiving award/wl88evbLFKQ.mp4,giving or receiving award,k400,0,32,224x224
4749,somersaulting/MiQo_tAkEjo.mp4,somersaulting,k400,0,32,224x224
4750,smoking/ZgCgMXwMycI.mp4,smoking,k400,0,32,224x224
4751,dancing ballet/mm5b-ASZl5o.mp4,dancing ballet,k400,0,32,224x224
4752,cleaning floor/yuEQj4g96FM.mp4,cleaning floor,k400,0,32,224x224
4753,country line dancing/hKX6x0oFnGY.mp4,country line dancing,k400,0,32,224x224
4754,playing violin/SvYwmsjVZDU.mp4,playing violin,k400,0,32,224x224
4755,baking cookies/mzsb9SXiGF8.mp4,baking cookies,k400,0,32,224x224
4756,kicking field goal/Gx2PlFyqJMs.mp4,kicking field goal,k400,0,32,224x224
4757,kicking field goal/kFRQSLDEBNA.mp4,kicking field goal,k400,0,32,224x224
4758,skiing crosscountry/VdlfFvlXfGo.mp4,skiing crosscountry,k400,0,32,224x224
4759,holding snake/4E75lDljah8.mp4,holding snake,k400,0,32,224x224
4760,shaking head/WfJokMFw2ts.mp4,shaking head,k400,0,32,224x224
4761,pull ups/oY1EO_43EV4.mp4,pull ups,k400,0,32,224x224
4762,riding unicycle/hz3bHW4IoDM.mp4,riding unicycle,k400,0,32,224x224
4763,eating spaghetti/ttiDP4vEr1w.mp4,eating spaghetti,k400,0,32,224x224
4764,playing drums/mwL_z5HEfgI.mp4,playing drums,k400,0,32,224x224
4765,bandaging/2ffYeuTjjvI.mp4,bandaging,k400,0,32,224x224
4766,cleaning windows/dG5fs53SI9A.mp4,cleaning windows,k400,0,32,224x224
4767,washing dishes/ZEmDQQbHIPc.mp4,washing dishes,k400,0,32,224x224
4768,shredding paper/5i4pUhkfU_k.mp4,shredding paper,k400,0,32,224x224
4769,paragliding/9WLPju5q_3M.mp4,paragliding,k400,0,32,224x224
4770,jumpstyle dancing/rBLQ8DPocZo.mp4,jumpstyle dancing,k400,0,32,224x224
4771,swimming breast stroke/Wy8_eYPNEmQ.mp4,swimming breast stroke,k400,0,32,224x224
4772,sweeping floor/C_sKJI9VgiQ.mp4,sweeping floor,k400,0,32,224x224
4773,smoking hookah/v1WBRJeabu4.mp4,smoking hookah,k400,0,32,224x224
4774,somersaulting/P_VaP2C2HcM.mp4,somersaulting,k400,0,32,224x224
4775,contact juggling/OVCdbL3SouA.mp4,contact juggling,k400,0,32,224x224
4776,flying kite/Hguwbi4vz0Q.mp4,flying kite,k400,0,32,224x224
4777,eating hotdog/VOH9FOTwHbk.mp4,eating hotdog,k400,0,32,224x224
4778,playing accordion/bwY9Qn3YoJE.mp4,playing accordion,k400,0,32,224x224
4779,waxing legs/TiSzNE67iY8.mp4,waxing legs,k400,0,32,224x224
4780,squat/40G_yVdDq0Q.mp4,squat,k400,0,32,224x224
4781,writing/EAu1mhQ-FfA.mp4,writing,k400,0,32,224x224
4782,ripping paper/sl14JmzFZ9Y.mp4,ripping paper,k400,0,32,224x224
4783,folding paper/1vP6NS3C6Ug.mp4,folding paper,k400,0,32,224x224
4784,bandaging/4ZEk58w_cFM.mp4,bandaging,k400,0,32,224x224
4785,spinning poi/tVq07glOK3k.mp4,spinning poi,k400,0,32,224x224
4786,singing/338o84SU4yg.mp4,singing,k400,0,32,224x224
4787,giving or receiving award/bLAVe5sVDpo.mp4,giving or receiving award,k400,0,32,224x224
4788,opening present/6gv8ctTK_gM.mp4,opening present,k400,0,32,224x224
4789,digging/EogqtDGheCA.mp4,digging,k400,0,32,224x224
4790,tai chi/jstC5H1KyM4.mp4,tai chi,k400,0,32,224x224
4791,baking cookies/OZr_bLz_VFo.mp4,baking cookies,k400,0,32,224x224
4792,building shed/Lvjcp0LulV0.mp4,building shed,k400,0,32,224x224
4793,snowkiting/HeIy1DEFXfY.mp4,snowkiting,k400,0,32,224x224
4794,dancing charleston/k46rCBCbN3U.mp4,dancing charleston,k400,0,32,224x224
4795,shot put/Co-Ql-R5G9Y.mp4,shot put,k400,0,32,224x224
4796,hula hooping/c67Hm8ccSeg.mp4,hula hooping,k400,0,32,224x224
4797,beatboxing/YAUatIJY-Qg.mp4,beatboxing,k400,0,32,224x224
4798,crying/XHHW72gqpMA.mp4,crying,k400,0,32,224x224
4799,cleaning gutters/_lTDvvxLgX8.mp4,cleaning gutters,k400,0,32,224x224
4800,massaging back/7a9701Hrqwc.mp4,massaging back,k400,0,32,224x224
4801,somersaulting/IglykMir2-s.mp4,somersaulting,k400,0,32,224x224
4802,tossing salad/eS0VEVdsvzE.mp4,tossing salad,k400,0,32,224x224
4803,baby waking up/oZ5lWTKBSzg.mp4,baby waking up,k400,0,32,224x224
4804,pushing car/bjC3xD-CCO0.mp4,pushing car,k400,0,32,224x224
4805,somersaulting/fS07UTixW0o.mp4,somersaulting,k400,0,32,224x224
4806,bungee jumping/tuC-rqE_q1w.mp4,bungee jumping,k400,0,32,224x224
4807,tobogganing/wpo_VcjcRDE.mp4,tobogganing,k400,0,32,224x224
4808,skipping rope/nQuD-LpfwEo.mp4,skipping rope,k400,0,32,224x224
4809,riding or walking with horse/pf9Tc5YNi9Y.mp4,riding or walking with horse,k400,0,32,224x224
4810,shining shoes/-7e9jqhnf98.mp4,shining shoes,k400,0,32,224x224
4811,barbequing/4sJMR7sNeAI.mp4,barbequing,k400,0,32,224x224
4812,jumping into pool/Fgy2OJLJRhs.mp4,jumping into pool,k400,0,32,224x224
4813,playing organ/JJFWDCWzBLM.mp4,playing organ,k400,0,32,224x224
4814,sweeping floor/69XCCb6Cvhs.mp4,sweeping floor,k400,0,32,224x224
4815,tapping pen/M0ALJ8faPUQ.mp4,tapping pen,k400,0,32,224x224
4816,getting a haircut/Wm5TIdm72ys.mp4,getting a haircut,k400,0,32,224x224
4817,kicking field goal/4X3aOjNCbDw.mp4,kicking field goal,k400,0,32,224x224
4818,motorcycling/Wtgu6wTOCAI.mp4,motorcycling,k400,0,32,224x224
4819,vault/C8gyalz7fRQ.mp4,vault,k400,0,32,224x224
4820,dancing ballet/Z1JiXEfJOOs.mp4,dancing ballet,k400,0,32,224x224
4821,picking fruit/gRp3UjWkkK0.mp4,picking fruit,k400,0,32,224x224
4822,folding napkins/hCdO71eb1OM.mp4,folding napkins,k400,0,32,224x224
4823,drop kicking/sXsGGZmZBhU.mp4,drop kicking,k400,0,32,224x224
4824,throwing discus/cC-oMkdR9ME.mp4,throwing discus,k400,0,32,224x224
4825,jumping into pool/OW9eEw3-w6Q.mp4,jumping into pool,k400,0,32,224x224
4826,finger snapping/cyXtc2E_vYg.mp4,finger snapping,k400,0,32,224x224
4827,pole vault/xwWurNO9aEE.mp4,pole vault,k400,0,32,224x224
4828,exercising arm/uglxWqRNDoY.mp4,exercising arm,k400,0,32,224x224
4829,canoeing or kayaking/ymS64ddSp3s.mp4,canoeing or kayaking,k400,0,32,224x224
4830,reading newspaper/YYi4Gw7sLck.mp4,reading newspaper,k400,0,32,224x224
4831,spray painting/v1Woac-iYYA.mp4,spray painting,k400,0,32,224x224
4832,biking through snow/kkFZQSkPJPQ.mp4,biking through snow,k400,0,32,224x224
4833,golf putting/DK91U8hVtT0.mp4,golf putting,k400,0,32,224x224
4834,long jump/ncVEsYh4g7Y.mp4,long jump,k400,0,32,224x224
4835,skipping rope/O8kKlCMsMQQ.mp4,skipping rope,k400,0,32,224x224
4836,playing trombone/Ozzc0hxImT0.mp4,playing trombone,k400,0,32,224x224
4837,flying kite/SHfhXO6YW2g.mp4,flying kite,k400,0,32,224x224
4838,presenting weather forecast/34MfAi-Ao64.mp4,presenting weather forecast,k400,0,32,224x224
4839,hurdling/uekuND4X0ME.mp4,hurdling,k400,0,32,224x224
4840,playing bagpipes/Qj_7ahJcJG8.mp4,playing bagpipes,k400,0,32,224x224
4841,hopscotch/rc-7svhyz3M.mp4,hopscotch,k400,0,32,224x224
4842,washing hair/M8WcTpFr0QI.mp4,washing hair,k400,0,32,224x224
4843,wrapping present/GBqXIFjZf8w.mp4,wrapping present,k400,0,32,224x224
4844,dying hair/cBGAHhWbxSc.mp4,dying hair,k400,0,32,224x224
4845,crawling baby/2IenNLGunCg.mp4,crawling baby,k400,0,32,224x224
4846,playing chess/m8CZAiKJOPg.mp4,playing chess,k400,0,32,224x224
4847,playing tennis/Rb_zjtWTt0Q.mp4,playing tennis,k400,0,32,224x224
4848,playing poker/lZ54L1LeRiY.mp4,playing poker,k400,0,32,224x224
4849,driving tractor/D-A8T8FTGW4.mp4,driving tractor,k400,0,32,224x224
4850,water sliding/eXEt05aiLuY.mp4,water sliding,k400,0,32,224x224
4851,shaving head/ZnCWm6pHKX8.mp4,shaving head,k400,0,32,224x224
4852,massaging person's head/fPb9ITiAjdw.mp4,massaging person's head,k400,0,32,224x224
4853,breakdancing/2byLcHBl61M.mp4,breakdancing,k400,0,32,224x224
4854,playing poker/FxO_qIOe1FY.mp4,playing poker,k400,0,32,224x224
4855,wrestling/e7zI_o3_lgs.mp4,wrestling,k400,0,32,224x224
4856,playing volleyball/_TgTwJjLiSM.mp4,playing volleyball,k400,0,32,224x224
4857,building shed/-hlrZDDtHlA.mp4,building shed,k400,0,32,224x224
4858,sanding floor/PtWFuZSv8Oc.mp4,sanding floor,k400,0,32,224x224
4859,tapping guitar/TQsP4WgSVcg.mp4,tapping guitar,k400,0,32,224x224
4860,mowing lawn/2pYqtH3xQGM.mp4,mowing lawn,k400,0,32,224x224
4861,swimming backstroke/h0OxqGdFvgk.mp4,swimming backstroke,k400,0,32,224x224
4862,squat/erbnvpR9LiY.mp4,squat,k400,0,32,224x224
4863,pushing cart/eUQYeqVNM_I.mp4,pushing cart,k400,0,32,224x224
4864,punching bag/Qax2hiI4evk.mp4,punching bag,k400,0,32,224x224
4865,eating ice cream/L3gsJtmdq5I.mp4,eating ice cream,k400,0,32,224x224
4866,kissing/eU-CV4kcg4A.mp4,kissing,k400,0,32,224x224
4867,shuffling cards/n1tXuUAPmvU.mp4,shuffling cards,k400,0,32,224x224
4868,skipping rope/HodIR-OdubY.mp4,skipping rope,k400,0,32,224x224
4869,tap dancing/QrP7aCMqIj8.mp4,tap dancing,k400,0,32,224x224
4870,playing basketball/19Cqv4GFWpY.mp4,playing basketball,k400,0,32,224x224
4871,knitting/f_Fsb_8j1lQ.mp4,knitting,k400,0,32,224x224
4872,ice skating/gy7JkskYXHM.mp4,ice skating,k400,0,32,224x224
4873,massaging back/cnAR6F7-L5o.mp4,massaging back,k400,0,32,224x224
4874,waxing back/OMotlO5U-ac.mp4,waxing back,k400,0,32,224x224
4875,folding paper/mo-8QoucQ-E.mp4,folding paper,k400,0,32,224x224
4876,riding camel/CxP8MLfSqP4.mp4,riding camel,k400,0,32,224x224
4877,pole vault/U4XTHKsoaMo.mp4,pole vault,k400,0,32,224x224
4878,spinning poi/jHoEkzUwY1Y.mp4,spinning poi,k400,0,32,224x224
4879,waxing eyebrows/VJOUFpeJJTM.mp4,waxing eyebrows,k400,0,32,224x224
4880,trapezing/yhaVlAtia2U.mp4,trapezing,k400,0,32,224x224
4881,front raises/uc1w3ryzAkY.mp4,front raises,k400,0,32,224x224
4882,swing dancing/IS0AwiIXdRA.mp4,swing dancing,k400,0,32,224x224
4883,snowmobiling/5nROgq1pbPw.mp4,snowmobiling,k400,0,32,224x224
4884,hammer throw/JmmVd5rvAlU.mp4,hammer throw,k400,0,32,224x224
4885,arm wrestling/hdqLeojMJuY.mp4,arm wrestling,k400,0,32,224x224
4886,golf putting/cR4UG6zYOnE.mp4,golf putting,k400,0,32,224x224
4887,playing drums/g4CyqUgkn6w.mp4,playing drums,k400,0,32,224x224
4888,parkour/wuVynE0_8vk.mp4,parkour,k400,0,32,224x224
4889,scrambling eggs/B5kMvnycsW8.mp4,scrambling eggs,k400,0,32,224x224
4890,shuffling cards/wxowQqqPk9c.mp4,shuffling cards,k400,0,32,224x224
4891,riding mule/qON4NM73iV0.mp4,riding mule,k400,0,32,224x224
4892,yoga/Agr-eLqNqoE.mp4,yoga,k400,0,32,224x224
4893,zumba/nVKz_hbADc4.mp4,zumba,k400,0,32,224x224
4894,making a sandwich/0O8gaQW6RBc.mp4,making a sandwich,k400,0,32,224x224
4895,sneezing/1RYsc4JYFhs.mp4,sneezing,k400,0,32,224x224
4896,squat/dM1DcPC1I8c.mp4,squat,k400,0,32,224x224
4897,drawing/9GGHvREWlpw.mp4,drawing,k400,0,32,224x224
4898,feeding goats/mI-1hzxVhM8.mp4,feeding goats,k400,0,32,224x224
4899,jumping into pool/___dTOdxzXY.mp4,jumping into pool,k400,0,32,224x224
4900,climbing a rope/CyZvZJtpG5w.mp4,climbing a rope,k400,0,32,224x224
4901,tango dancing/DVRi1OnmVtg.mp4,tango dancing,k400,0,32,224x224
4902,paragliding/exZRj9ktuSM.mp4,paragliding,k400,0,32,224x224
4903,snatch weight lifting/t8bCU1e7ei4.mp4,snatch weight lifting,k400,0,32,224x224
4904,jetskiing/_tTIb3xe64M.mp4,jetskiing,k400,0,32,224x224
4905,playing ukulele/Noh1un84sDE.mp4,playing ukulele,k400,0,32,224x224
4906,playing drums/juKDLSGfXd4.mp4,playing drums,k400,0,32,224x224
4907,training dog/F17FlNoPDnQ.mp4,training dog,k400,0,32,224x224
4908,headbutting/vvI90CgwCZg.mp4,headbutting,k400,0,32,224x224
4909,skateboarding/rqoZy9OsRXE.mp4,skateboarding,k400,0,32,224x224
4910,skiing (not slalom or crosscountry)/dKevfYJ9O0s.mp4,skiing (not slalom or crosscountry),k400,0,32,224x224
4911,belly dancing/MaCRVkSCcgc.mp4,belly dancing,k400,0,32,224x224
4912,wrapping present/GsyA0BZsqtk.mp4,wrapping present,k400,0,32,224x224
4913,crossing river/ghUI76AZJ-M.mp4,crossing river,k400,0,32,224x224
4914,riding elephant/VAbTJfJ2-98.mp4,riding elephant,k400,0,32,224x224
4915,hoverboarding/gh9T1Hs0ZVU.mp4,hoverboarding,k400,0,32,224x224
4916,riding mechanical bull/omIg1j4tj5U.mp4,riding mechanical bull,k400,0,32,224x224
4917,playing recorder/TeWukuujEaY.mp4,playing recorder,k400,0,32,224x224
4918,dodgeball/RLzO3-wHTHU.mp4,dodgeball,k400,0,32,224x224
4919,blowing out candles/mlEG4UKzyKk.mp4,blowing out candles,k400,0,32,224x224
4920,spinning poi/32WioArS_Kw.mp4,spinning poi,k400,0,32,224x224
4921,feeding goats/LIwMgqKuHwE.mp4,feeding goats,k400,0,32,224x224
4922,playing accordion/ua5mYkN1Jd8.mp4,playing accordion,k400,0,32,224x224
4923,windsurfing/ooHJcdKqTYk.mp4,windsurfing,k400,0,32,224x224
4924,massaging feet/oH6xXNjDBMM.mp4,massaging feet,k400,0,32,224x224
4925,baking cookies/zWQDzYH6IFk.mp4,baking cookies,k400,0,32,224x224
4926,situp/Oj6RhKU-vI8.mp4,situp,k400,0,32,224x224
4927,grooming dog/Pt4Y10Ff6Sk.mp4,grooming dog,k400,0,32,224x224
4928,swimming butterfly stroke/6MgQRRoVh5s.mp4,swimming butterfly stroke,k400,0,32,224x224
4929,archery/YL2BGBdOIxE.mp4,archery,k400,0,32,224x224
4930,ice climbing/hJMqmBV2jIo.mp4,ice climbing,k400,0,32,224x224
4931,tasting food/fGiHEVqvbzg.mp4,tasting food,k400,0,32,224x224
4932,cutting watermelon/RpyH1Nv2hWE.mp4,cutting watermelon,k400,0,32,224x224
4933,getting a haircut/_1CHWQx_x-o.mp4,getting a haircut,k400,0,32,224x224
4934,arranging flowers/QzsA_1rZQ88.mp4,arranging flowers,k400,0,32,224x224
4935,playing keyboard/p3ilYnw8z_0.mp4,playing keyboard,k400,0,32,224x224
4936,bungee jumping/hnOu1MGeV3g.mp4,bungee jumping,k400,0,32,224x224
4937,vault/1qDAHcSQpL0.mp4,vault,k400,0,32,224x224
4938,chopping wood/vt0eRZaQF94.mp4,chopping wood,k400,0,32,224x224
4939,canoeing or kayaking/zNDX_xw45xI.mp4,canoeing or kayaking,k400,0,32,224x224
4940,cutting nails/79yX6uOS6Gs.mp4,cutting nails,k400,0,32,224x224
4941,biking through snow/oWFBUUdokCk.mp4,biking through snow,k400,0,32,224x224
4942,swimming breast stroke/YK3gWui9UZg.mp4,swimming breast stroke,k400,0,32,224x224
4943,headbutting/3uLKqZv6TFc.mp4,headbutting,k400,0,32,224x224
4944,presenting weather forecast/_cgxZmELFd8.mp4,presenting weather forecast,k400,0,32,224x224
4945,hopscotch/_CFCBXmjxPM.mp4,hopscotch,k400,0,32,224x224
4946,smoking hookah/9E5LZRvidLQ.mp4,smoking hookah,k400,0,32,224x224
4947,motorcycling/Xh6xooIQROw.mp4,motorcycling,k400,0,32,224x224
4948,drinking shots/o0eiX2v1LCI.mp4,drinking shots,k400,0,32,224x224
4949,catching or throwing baseball/Izvotzzk2v0.mp4,catching or throwing baseball,k400,0,32,224x224
4950,shaking hands/lZx8vj6btfI.mp4,shaking hands,k400,0,32,224x224
4951,jumping into pool/_ZnugDb-dEI.mp4,jumping into pool,k400,0,32,224x224
4952,capoeira/ty7kVcw_lZE.mp4,capoeira,k400,0,32,224x224
4953,singing/Stf74_Isc-E.mp4,singing,k400,0,32,224x224
4954,playing basketball/AldofiQ7WgA.mp4,playing basketball,k400,0,32,224x224
4955,playing piano/LOERbdHvc7k.mp4,playing piano,k400,0,32,224x224
4956,shot put/P6aCXwBy-9U.mp4,shot put,k400,0,32,224x224
4957,skiing crosscountry/TD2om9voN98.mp4,skiing crosscountry,k400,0,32,224x224
4958,tango dancing/IHyb7uTJQKk.mp4,tango dancing,k400,0,32,224x224
4959,curling hair/IZwS7fN25ak.mp4,curling hair,k400,0,32,224x224
4960,balloon blowing/isTUMgIfMjQ.mp4,balloon blowing,k400,0,32,224x224
4961,egg hunting/naQIbLFk5rg.mp4,egg hunting,k400,0,32,224x224
4962,paragliding/rTH7wnfP2JM.mp4,paragliding,k400,0,32,224x224
4963,water sliding/5IE9KaCTlg8.mp4,water sliding,k400,0,32,224x224
4964,folding napkins/gx3XUaMtA60.mp4,folding napkins,k400,0,32,224x224
4965,vault/9io7jqJQZAE.mp4,vault,k400,0,32,224x224
4966,belly dancing/UpNvGpDvDiA.mp4,belly dancing,k400,0,32,224x224
4967,shaving head/1ZdO5SFxi8I.mp4,shaving head,k400,0,32,224x224
4968,sign language interpreting/urhEcG8YkfM.mp4,sign language interpreting,k400,0,32,224x224
4969,throwing axe/kHCB_FWWvac.mp4,throwing axe,k400,0,32,224x224
4970,shooting goal (soccer)/S2z44E6xNGg.mp4,shooting goal (soccer),k400,0,32,224x224
4971,feeding birds/ZR4ngBl5LOQ.mp4,feeding birds,k400,0,32,224x224
4972,yoga/jxM9qeWNOtI.mp4,yoga,k400,0,32,224x224
4973,air drumming/KPRvgWrmuT8.mp4,air drumming,k400,0,32,224x224
4974,skateboarding/n_WVBjqDc1Q.mp4,skateboarding,k400,0,32,224x224
4975,pumping fist/ayiOI-2MhFs.mp4,pumping fist,k400,0,32,224x224
4976,playing badminton/7CesZqbyaZU.mp4,playing badminton,k400,0,32,224x224
4977,brushing hair/dhz230zD6XA.mp4,brushing hair,k400,0,32,224x224
4978,playing bagpipes/Ky9d119ld-A.mp4,playing bagpipes,k400,0,32,224x224
4979,milking cow/9EuNxMNHwh8.mp4,milking cow,k400,0,32,224x224
4980,playing squash or racquetball/Kb9QYpzWRUg.mp4,playing squash or racquetball,k400,0,32,224x224
4981,hammer throw/a-ri6E2VRag.mp4,hammer throw,k400,0,32,224x224
4982,using remote controller (not gaming)/sUVQdXKrGeU.mp4,using remote controller (not gaming),k400,0,32,224x224
4983,bench pressing/WFiyLspJlTo.mp4,bench pressing,k400,0,32,224x224
4984,shearing sheep/dsHN9fTHKFQ.mp4,shearing sheep,k400,0,32,224x224
4985,eating doughnuts/UXDjjRiPr_g.mp4,eating doughnuts,k400,0,32,224x224
4986,hurling (sport)/Tt4a8XqDqoA.mp4,hurling (sport),k400,0,32,224x224
4987,throwing discus/nvMacm3DjNU.mp4,throwing discus,k400,0,32,224x224
4988,country line dancing/3lNGPkGcJQY.mp4,country line dancing,k400,0,32,224x224
4989,tying tie/hHDm0q22NOA.mp4,tying tie,k400,0,32,224x224
4990,training dog/zT86WP4Mfz8.mp4,training dog,k400,0,32,224x224
4991,yoga/vqkw-ALhCsA.mp4,yoga,k400,0,32,224x224
4992,doing laundry/4HWg_GDHDME.mp4,doing laundry,k400,0,32,224x224
4993,mowing lawn/mO3_jA9G0-c.mp4,mowing lawn,k400,0,32,224x224
4994,ice skating/R-iIR5VmA5M.mp4,ice skating,k400,0,32,224x224
4995,finger snapping/eiirBi3zNs0.mp4,finger snapping,k400,0,32,224x224
4996,shaving head/GtK4nHr5PPc.mp4,shaving head,k400,0,32,224x224
4997,pushing car/nMCq2H9Z-8g.mp4,pushing car,k400,0,32,224x224
4998,shaving legs/-9A-f5vpUCc.mp4,shaving legs,k400,0,32,224x224
4999,decorating the christmas tree/uct6Kj4slJE.mp4,decorating the christmas tree,k400,0,32,224x224
5000,playing cricket/J_D_Aj2qeT0.mp4,playing cricket,k400,0,32,224x224
5001,playing organ/moZAsx106bE.mp4,playing organ,k400,0,32,224x224
5002,riding scooter/-oszAVRL6_o.mp4,riding scooter,k400,0,32,224x224
5003,doing nails/NV1Gjf0A_v0.mp4,doing nails,k400,0,32,224x224
5004,playing squash or racquetball/GjZbmBXxTBw.mp4,playing squash or racquetball,k400,0,32,224x224
5005,egg hunting/UPELwI5niog.mp4,egg hunting,k400,0,32,224x224
5006,dancing macarena/jBIJouwodF0.mp4,dancing macarena,k400,0,32,224x224
5007,cutting pineapple/jiXndF2Q-0o.mp4,cutting pineapple,k400,0,32,224x224
5008,front raises/M4wvk5o-cN0.mp4,front raises,k400,0,32,224x224
5009,hugging/Qv2McJK7ojQ.mp4,hugging,k400,0,32,224x224
5010,cooking on campfire/gDDoV7EPxk0.mp4,cooking on campfire,k400,0,32,224x224
5011,playing guitar/cc-E-kmX94E.mp4,playing guitar,k400,0,32,224x224
5012,playing bass guitar/JXVjaEk4F8w.mp4,playing bass guitar,k400,0,32,224x224
5013,cooking egg/dgIJH3oN-O4.mp4,cooking egg,k400,0,32,224x224
5014,hitting baseball/W5xv191snI8.mp4,hitting baseball,k400,0,32,224x224
5015,ice skating/wmxFr6MIs08.mp4,ice skating,k400,0,32,224x224
5016,shining shoes/1I-3q7d8180.mp4,shining shoes,k400,0,32,224x224
5017,riding camel/72uQ3Szbeqc.mp4,riding camel,k400,0,32,224x224
5018,marching/EcCEPwSp5HU.mp4,marching,k400,0,32,224x224
5019,ice skating/JVDU16n7dQE.mp4,ice skating,k400,0,32,224x224
5020,riding mechanical bull/HaPE5djNPZU.mp4,riding mechanical bull,k400,0,32,224x224
5021,roller skating/f6rptbVC2yI.mp4,roller skating,k400,0,32,224x224
5022,tying knot (not on a tie)/o9ILqh710_E.mp4,tying knot (not on a tie),k400,0,32,224x224
5023,golf driving/iln8HahoG38.mp4,golf driving,k400,0,32,224x224
5024,shooting basketball/ZZa61QkdbbM.mp4,shooting basketball,k400,0,32,224x224
5025,krumping/wLa6jrTq4zc.mp4,krumping,k400,0,32,224x224
5026,riding unicycle/Yl4jp9CJRfU.mp4,riding unicycle,k400,0,32,224x224
5027,tying knot (not on a tie)/9XcFTmhr45s.mp4,tying knot (not on a tie),k400,0,32,224x224
5028,swimming butterfly stroke/YT4j6GwnAPU.mp4,swimming butterfly stroke,k400,0,32,224x224
5029,tap dancing/eDfgUWsiFAI.mp4,tap dancing,k400,0,32,224x224
5030,marching/tXTC4BiytkQ.mp4,marching,k400,0,32,224x224
5031,surfing water/ZXjNdTVNpMc.mp4,surfing water,k400,0,32,224x224
5032,playing ice hockey/PTczHzqWSnE.mp4,playing ice hockey,k400,0,32,224x224
5033,running on treadmill/be6yzU4XBG4.mp4,running on treadmill,k400,0,32,224x224
5034,shearing sheep/eBGHRbVKRrc.mp4,shearing sheep,k400,0,32,224x224
5035,baking cookies/PitTCk7obqw.mp4,baking cookies,k400,0,32,224x224
5036,waxing legs/CN_N5niC34E.mp4,waxing legs,k400,0,32,224x224
5037,chopping wood/l1RKTsGGLd4.mp4,chopping wood,k400,0,32,224x224
5038,massaging feet/2c3M6oC14CI.mp4,massaging feet,k400,0,32,224x224
5039,crawling baby/Y4FFc3C_nws.mp4,crawling baby,k400,0,32,224x224
5040,flying kite/rREVjcSIgeY.mp4,flying kite,k400,0,32,224x224
5041,high jump/leP70zINM3s.mp4,high jump,k400,0,32,224x224
5042,zumba/gPmE_KFiuUo.mp4,zumba,k400,0,32,224x224
5043,marching/fD5q6UzTXRo.mp4,marching,k400,0,32,224x224
5044,swimming backstroke/h18T5mBAbF4.mp4,swimming backstroke,k400,0,32,224x224
5045,snatch weight lifting/Toi7E9CKfV4.mp4,snatch weight lifting,k400,0,32,224x224
5046,country line dancing/E4mX5w0n0hk.mp4,country line dancing,k400,0,32,224x224
5047,playing bass guitar/HUokZoGEfAM.mp4,playing bass guitar,k400,0,32,224x224
5048,tango dancing/6GHXZks_Iig.mp4,tango dancing,k400,0,32,224x224
5049,smoking/tHsNkLCdepU.mp4,smoking,k400,0,32,224x224
5050,shot put/mmxrxlGaxZw.mp4,shot put,k400,0,32,224x224
5051,contact juggling/EmPuo_pT0Xk.mp4,contact juggling,k400,0,32,224x224
5052,petting cat/aSrX3wHV8Kk.mp4,petting cat,k400,0,32,224x224
5053,headbutting/rP0PEZvx9kw.mp4,headbutting,k400,0,32,224x224
5054,ice fishing/VbEbFL2mpzc.mp4,ice fishing,k400,0,32,224x224
5055,tobogganing/aSUgU8IeFfc.mp4,tobogganing,k400,0,32,224x224
5056,washing feet/KBP6U5lfS2A.mp4,washing feet,k400,0,32,224x224
5057,cleaning floor/NC8yzlGaCDY.mp4,cleaning floor,k400,0,32,224x224
5058,feeding goats/O_iJwRnvvTU.mp4,feeding goats,k400,0,32,224x224
5059,crossing river/OPHwIcVzkRE.mp4,crossing river,k400,0,32,224x224
5060,waxing legs/lOfE037-Y68.mp4,waxing legs,k400,0,32,224x224
5061,headbanging/H7TCkovlBqM.mp4,headbanging,k400,0,32,224x224
5062,spray painting/f_F-g-viudE.mp4,spray painting,k400,0,32,224x224
5063,cooking egg/z3dBGOxFpy0.mp4,cooking egg,k400,0,32,224x224
5064,juggling fire/nfFeMADK_Rg.mp4,juggling fire,k400,0,32,224x224
5065,cartwheeling/BBJr2QYXSbk.mp4,cartwheeling,k400,0,32,224x224
5066,playing clarinet/IxJbbTt8Gl0.mp4,playing clarinet,k400,0,32,224x224
5067,changing wheel/1p6HEyC1hHk.mp4,changing wheel,k400,0,32,224x224
5068,playing cards/To9PLWV00a0.mp4,playing cards,k400,0,32,224x224
5069,bouncing on trampoline/4n3guEdsLpI.mp4,bouncing on trampoline,k400,0,32,224x224
5070,dancing ballet/fyxwfPrEdmo.mp4,dancing ballet,k400,0,32,224x224
5071,fixing hair/iGZ_zCKGFrU.mp4,fixing hair,k400,0,32,224x224
5072,peeling apples/UJp7gjss9CI.mp4,peeling apples,k400,0,32,224x224
5073,surfing crowd/brTabrxjvE4.mp4,surfing crowd,k400,0,32,224x224
5074,petting animal (not cat)/-fVOpScdSPg.mp4,petting animal (not cat),k400,0,32,224x224
5075,baby waking up/SMDxDMNcmpw.mp4,baby waking up,k400,0,32,224x224
5076,sharpening pencil/KoLSPkD9hys.mp4,sharpening pencil,k400,0,32,224x224
5077,snowboarding/LCXW6l-O4gU.mp4,snowboarding,k400,0,32,224x224
5078,playing badminton/R0r8w-_A7ps.mp4,playing badminton,k400,0,32,224x224
5079,ice climbing/Gj02ieViwoM.mp4,ice climbing,k400,0,32,224x224
5080,applying cream/5lrxGVViPFE.mp4,applying cream,k400,0,32,224x224
5081,brush painting/KjuBsBFMtl4.mp4,brush painting,k400,0,32,224x224
5082,petting cat/ADegEC7IYwg.mp4,petting cat,k400,0,32,224x224
5083,strumming guitar/aMILz1RV_fk.mp4,strumming guitar,k400,0,32,224x224
5084,playing controller/Vrzwy7F8O1I.mp4,playing controller,k400,0,32,224x224
5085,washing hands/NyueuCjDY30.mp4,washing hands,k400,0,32,224x224
5086,waxing legs/D-choxaHZUI.mp4,waxing legs,k400,0,32,224x224
5087,cutting pineapple/oosgyROkl6Y.mp4,cutting pineapple,k400,0,32,224x224
5088,flying kite/VED-HksUiw8.mp4,flying kite,k400,0,32,224x224
5089,bowling/HWqD_JdmOK8.mp4,bowling,k400,0,32,224x224
5090,exercising arm/wEHiaB1auEc.mp4,exercising arm,k400,0,32,224x224
5091,throwing ball/mRRLi_IAuvo.mp4,throwing ball,k400,0,32,224x224
5092,playing drums/8p1j6xLJMfQ.mp4,playing drums,k400,0,32,224x224
5093,playing kickball/G3ux1BNMOBU.mp4,playing kickball,k400,0,32,224x224
5094,golf chipping/kixXlRNrIqM.mp4,golf chipping,k400,0,32,224x224
5095,digging/jzH0EFmr2oo.mp4,digging,k400,0,32,224x224
5096,finger snapping/75_6HeyziGI.mp4,finger snapping,k400,0,32,224x224
5097,wrapping present/lTbs-R_sfn8.mp4,wrapping present,k400,0,32,224x224
5098,somersaulting/k7z016KXWlA.mp4,somersaulting,k400,0,32,224x224
5099,tango dancing/_3V_hWu_A5w.mp4,tango dancing,k400,0,32,224x224
5100,playing saxophone/phl4DFN799E.mp4,playing saxophone,k400,0,32,224x224
5101,kissing/dNh1nMXCJs8.mp4,kissing,k400,0,32,224x224
5102,throwing ball/s0pOs7EorlM.mp4,throwing ball,k400,0,32,224x224
5103,playing tennis/dSHVMyAOMRw.mp4,playing tennis,k400,0,32,224x224
5104,baking cookies/3SJpuJctSCY.mp4,baking cookies,k400,0,32,224x224
5105,eating chips/A-lZdNl2nyE.mp4,eating chips,k400,0,32,224x224
5106,arm wrestling/PG2N21d3_GE.mp4,arm wrestling,k400,0,32,224x224
5107,doing aerobics/MSAhsCG71gI.mp4,doing aerobics,k400,0,32,224x224
5108,swing dancing/N5p0r98cZl8.mp4,swing dancing,k400,0,32,224x224
5109,paragliding/EQktle4zqqk.mp4,paragliding,k400,0,32,224x224
5110,ski jumping/G89VpEJ7N0o.mp4,ski jumping,k400,0,32,224x224
5111,trimming or shaving beard/jnCohPGPb40.mp4,trimming or shaving beard,k400,0,32,224x224
5112,cleaning shoes/Lr3yJmOf8vw.mp4,cleaning shoes,k400,0,32,224x224
5113,getting a tattoo/Na_2uMAGGcU.mp4,getting a tattoo,k400,0,32,224x224
5114,sword fighting/0PhxLLracsY.mp4,sword fighting,k400,0,32,224x224
5115,shot put/X9wr5yppQaw.mp4,shot put,k400,0,32,224x224
5116,stretching leg/UUKuz2GiI8k.mp4,stretching leg,k400,0,32,224x224
5117,playing bagpipes/akCMsstEQvg.mp4,playing bagpipes,k400,0,32,224x224
5118,drumming fingers/FV6DtMjmj-8.mp4,drumming fingers,k400,0,32,224x224
5119,making pizza/W4rkBWbdDKc.mp4,making pizza,k400,0,32,224x224
5120,windsurfing/bg2qZcW4Ajk.mp4,windsurfing,k400,0,32,224x224
5121,braiding hair/IGuO8U5mvV4.mp4,braiding hair,k400,0,32,224x224
5122,shearing sheep/iH0Lnf1JoXY.mp4,shearing sheep,k400,0,32,224x224
5123,javelin throw/XKG1j1EBuSU.mp4,javelin throw,k400,0,32,224x224
5124,shoveling snow/lpKtXAruM7o.mp4,shoveling snow,k400,0,32,224x224
5125,building shed/ayUBrx6IOnU.mp4,building shed,k400,0,32,224x224
5126,catching or throwing frisbee/anGJC6z7Bi4.mp4,catching or throwing frisbee,k400,0,32,224x224
5127,feeding birds/PeuOzCbZROg.mp4,feeding birds,k400,0,32,224x224
5128,shaking head/Ksuocn-Kz-o.mp4,shaking head,k400,0,32,224x224
5129,folding paper/jiBY3yNu9vM.mp4,folding paper,k400,0,32,224x224
5130,shaking head/br-CpyD60jQ.mp4,shaking head,k400,0,32,224x224
5131,texting/SFi-H6c4y58.mp4,texting,k400,0,32,224x224
5132,kicking soccer ball/35BtjozqwpA.mp4,kicking soccer ball,k400,0,32,224x224
5133,playing piano/lnYLn5KNbRg.mp4,playing piano,k400,0,32,224x224
5134,making jewelry/LymI3-Q1cZA.mp4,making jewelry,k400,0,32,224x224
5135,playing keyboard/UaAHHwCgSC8.mp4,playing keyboard,k400,0,32,224x224
5136,playing harmonica/bu7XHnmmoeU.mp4,playing harmonica,k400,0,32,224x224
5137,chopping wood/3kTIS15oa7o.mp4,chopping wood,k400,0,32,224x224
5138,hammer throw/Pn9BsR5Yla4.mp4,hammer throw,k400,0,32,224x224
5139,pumping fist/jTVhKhpotN8.mp4,pumping fist,k400,0,32,224x224
5140,hammer throw/4qAE2PrCVhY.mp4,hammer throw,k400,0,32,224x224
5141,windsurfing/kWbhehFEuzA.mp4,windsurfing,k400,0,32,224x224
5142,giving or receiving award/sYOjOZunw30.mp4,giving or receiving award,k400,0,32,224x224
5143,giving or receiving award/Kxy3NrKakEs.mp4,giving or receiving award,k400,0,32,224x224
5144,bouncing on trampoline/NEWffXKUf9k.mp4,bouncing on trampoline,k400,0,32,224x224
5145,throwing axe/REgNaHDNxNo.mp4,throwing axe,k400,0,32,224x224
5146,playing tennis/lKj453qXpig.mp4,playing tennis,k400,0,32,224x224
5147,petting cat/URELRgBWYPM.mp4,petting cat,k400,0,32,224x224
5148,parasailing/Ni0vPdDeWAo.mp4,parasailing,k400,0,32,224x224
5149,massaging back/LZ4y3_q3t3w.mp4,massaging back,k400,0,32,224x224
5150,climbing a rope/bdzIFL6L4qY.mp4,climbing a rope,k400,0,32,224x224
5151,country line dancing/lN8iC8cLE-0.mp4,country line dancing,k400,0,32,224x224
5152,folding napkins/5KKFcgDQfes.mp4,folding napkins,k400,0,32,224x224
5153,cooking chicken/p6aB-it-AEg.mp4,cooking chicken,k400,0,32,224x224
5154,juggling balls/XjN3g1fAYTI.mp4,juggling balls,k400,0,32,224x224
5155,jetskiing/VCWn-5S_eqs.mp4,jetskiing,k400,0,32,224x224
5156,hammer throw/avUmqRt2ehQ.mp4,hammer throw,k400,0,32,224x224
5157,grooming horse/eXgwjgTKehM.mp4,grooming horse,k400,0,32,224x224
5158,skydiving/JzxDv226EW4.mp4,skydiving,k400,0,32,224x224
5159,playing organ/lR7M590mtfk.mp4,playing organ,k400,0,32,224x224
5160,waxing legs/2edXq_OIMJ0.mp4,waxing legs,k400,0,32,224x224
5161,busking/86oLPeYHBF8.mp4,busking,k400,0,32,224x224
5162,cooking egg/j92YA6J_y3I.mp4,cooking egg,k400,0,32,224x224
5163,mowing lawn/MRabsTcF1_M.mp4,mowing lawn,k400,0,32,224x224
5164,surfing crowd/shlcOdtZ05E.mp4,surfing crowd,k400,0,32,224x224
5165,playing ice hockey/q_0Vm-tM4KE.mp4,playing ice hockey,k400,0,32,224x224
5166,capoeira/Eym38xwD_4M.mp4,capoeira,k400,0,32,224x224
5167,surfing water/pQ3NxVGwhpE.mp4,surfing water,k400,0,32,224x224
5168,feeding birds/s0YLDcK34OI.mp4,feeding birds,k400,0,32,224x224
5169,bookbinding/57XbvKdmYr4.mp4,bookbinding,k400,0,32,224x224
5170,washing dishes/FbiuB7XMBPo.mp4,washing dishes,k400,0,32,224x224
5171,kicking soccer ball/f6K-yxbFLBs.mp4,kicking soccer ball,k400,0,32,224x224
5172,dining/qtfxz2upTFc.mp4,dining,k400,0,32,224x224
5173,playing chess/jiS0tKdXJD0.mp4,playing chess,k400,0,32,224x224
5174,bookbinding/H_fOxcrwKu4.mp4,bookbinding,k400,0,32,224x224
5175,playing drums/cRdzdizYoDo.mp4,playing drums,k400,0,32,224x224
5176,tasting beer/Ta82g2gkG14.mp4,tasting beer,k400,0,32,224x224
5177,breakdancing/8SKN6-vVBCs.mp4,breakdancing,k400,0,32,224x224
5178,drinking beer/pPR9bbN73_U.mp4,drinking beer,k400,0,32,224x224
5179,drinking/DD74Ew4Ro5U.mp4,drinking,k400,0,32,224x224
5180,playing paintball/_8uW1B6THbw.mp4,playing paintball,k400,0,32,224x224
5181,baking cookies/tmWc2YI0P7o.mp4,baking cookies,k400,0,32,224x224
5182,bouncing on trampoline/igHK4BiPfw4.mp4,bouncing on trampoline,k400,0,32,224x224
5183,smoking hookah/tU70Cocf9PM.mp4,smoking hookah,k400,0,32,224x224
5184,shredding paper/W6dFakCxpf8.mp4,shredding paper,k400,0,32,224x224
5185,bowling/vYYtpyq3ISA.mp4,bowling,k400,0,32,224x224
5186,spray painting/req7_4TyakY.mp4,spray painting,k400,0,32,224x224
5187,shaving head/RLzrz4KGIU8.mp4,shaving head,k400,0,32,224x224
5188,kicking field goal/02vCiZZ65Uc.mp4,kicking field goal,k400,0,32,224x224
5189,shaking hands/t73mFLZ_SSY.mp4,shaking hands,k400,0,32,224x224
5190,washing feet/SDl-TqdyAu4.mp4,washing feet,k400,0,32,224x224
5191,hitting baseball/GepTrfSeWdk.mp4,hitting baseball,k400,0,32,224x224
5192,playing flute/FTLy01cSxds.mp4,playing flute,k400,0,32,224x224
5193,washing feet/XrXMpuFXwC0.mp4,washing feet,k400,0,32,224x224
5194,punching bag/2nsajvN_ms4.mp4,punching bag,k400,0,32,224x224
5195,smoking hookah/h0T-XpskKMY.mp4,smoking hookah,k400,0,32,224x224
5196,eating doughnuts/2-slSV1Uakc.mp4,eating doughnuts,k400,0,32,224x224
5197,marching/4n4hwuaFDxc.mp4,marching,k400,0,32,224x224
5198,bouncing on trampoline/k5mfjDmNiJM.mp4,bouncing on trampoline,k400,0,32,224x224
5199,hoverboarding/t-NZRwXxE_U.mp4,hoverboarding,k400,0,32,224x224
5200,cleaning windows/dJIpLweJlI0.mp4,cleaning windows,k400,0,32,224x224
5201,testifying/YcNeXuaEfC4.mp4,testifying,k400,0,32,224x224
5202,tasting beer/7bupIl58KeI.mp4,tasting beer,k400,0,32,224x224
5203,playing organ/XZGa5D4X-TY.mp4,playing organ,k400,0,32,224x224
5204,answering questions/8hYoYEHAk-c.mp4,answering questions,k400,0,32,224x224
5205,cleaning floor/I6WpCPsW8o8.mp4,cleaning floor,k400,0,32,224x224
5206,clean and jerk/G1BawBKJ4oM.mp4,clean and jerk,k400,0,32,224x224
5207,playing monopoly/guG4g4Hp-gM.mp4,playing monopoly,k400,0,32,224x224
5208,extinguishing fire/FsZJy9jBiC4.mp4,extinguishing fire,k400,0,32,224x224
5209,ski jumping/okr6vwdX1k4.mp4,ski jumping,k400,0,32,224x224
5210,playing drums/bwrf-tZfpn8.mp4,playing drums,k400,0,32,224x224
5211,cooking chicken/UtwA9Qx75gc.mp4,cooking chicken,k400,0,32,224x224
5212,cutting pineapple/OMFswjmxXDc.mp4,cutting pineapple,k400,0,32,224x224
5213,scuba diving/zUZ7R_c530M.mp4,scuba diving,k400,0,32,224x224
5214,pumping gas/G3dqXbeaNRI.mp4,pumping gas,k400,0,32,224x224
5215,wrapping present/v6c2Oy-vGaE.mp4,wrapping present,k400,0,32,224x224
5216,pushing cart/A-gDIVV7_XA.mp4,pushing cart,k400,0,32,224x224
5217,cleaning gutters/oCG49-KD7m4.mp4,cleaning gutters,k400,0,32,224x224
5218,fixing hair/EEzIw3VIlXs.mp4,fixing hair,k400,0,32,224x224
5219,breakdancing/O-liM5ntjDY.mp4,breakdancing,k400,0,32,224x224
5220,playing organ/SyF-9TNP5A8.mp4,playing organ,k400,0,32,224x224
5221,playing harmonica/nt1mybFPT5I.mp4,playing harmonica,k400,0,32,224x224
5222,riding elephant/4d7rIVwYbxE.mp4,riding elephant,k400,0,32,224x224
5223,snatch weight lifting/C2DkwqKYDHo.mp4,snatch weight lifting,k400,0,32,224x224
5224,sailing/snMp4ohxSuM.mp4,sailing,k400,0,32,224x224
5225,baby waking up/CmNo7kb8sTY.mp4,baby waking up,k400,0,32,224x224
5226,squat/4veGJRbKjXY.mp4,squat,k400,0,32,224x224
5227,shining shoes/5oNLgZzRftw.mp4,shining shoes,k400,0,32,224x224
5228,canoeing or kayaking/PmE2VOaFMa4.mp4,canoeing or kayaking,k400,0,32,224x224
5229,tobogganing/hGoOvht6nNM.mp4,tobogganing,k400,0,32,224x224
5230,juggling fire/sNHPYnqmyRY.mp4,juggling fire,k400,0,32,224x224
5231,snatch weight lifting/TXsAVoNukG4.mp4,snatch weight lifting,k400,0,32,224x224
5232,cleaning shoes/hLr5SbmB7Fc.mp4,cleaning shoes,k400,0,32,224x224
5233,sweeping floor/3wDOTexEJJI.mp4,sweeping floor,k400,0,32,224x224
5234,opening bottle/Mhj__5mN42s.mp4,opening bottle,k400,0,32,224x224
5235,marching/E2WcBK7cnAg.mp4,marching,k400,0,32,224x224
5236,playing clarinet/ZschnP6GJ8w.mp4,playing clarinet,k400,0,32,224x224
5237,braiding hair/VB3hvfUBE2g.mp4,braiding hair,k400,0,32,224x224
5238,ski jumping/SFp5lWtOF-w.mp4,ski jumping,k400,0,32,224x224
5239,feeding goats/FghhVK0Nrf0.mp4,feeding goats,k400,0,32,224x224
5240,long jump/ytNg_4XZbyU.mp4,long jump,k400,0,32,224x224
5241,lunge/0LAlWDHdelM.mp4,lunge,k400,0,32,224x224
5242,situp/Hs1Uyjfou94.mp4,situp,k400,0,32,224x224
5243,pumping fist/fbWgZRlis9g.mp4,pumping fist,k400,0,32,224x224
5244,tying bow tie/no067BPPxPQ.mp4,tying bow tie,k400,0,32,224x224
5245,playing harp/-mzDQcugYaU.mp4,playing harp,k400,0,32,224x224
5246,eating hotdog/c_KdPlWQEgg.mp4,eating hotdog,k400,0,32,224x224
5247,faceplanting/Ac9ahp2WJk8.mp4,faceplanting,k400,0,32,224x224
5248,brushing teeth/iAbGUEWb0hE.mp4,brushing teeth,k400,0,32,224x224
5249,air drumming/mZc3dQROHas.mp4,air drumming,k400,0,32,224x224
5250,balloon blowing/hPC-BgggGQE.mp4,balloon blowing,k400,0,32,224x224
5251,snatch weight lifting/mCJI6MqxWfw.mp4,snatch weight lifting,k400,0,32,224x224
5252,drop kicking/P1JhOF7XEtw.mp4,drop kicking,k400,0,32,224x224
5253,jetskiing/kDzOUA5XWdY.mp4,jetskiing,k400,0,32,224x224
5254,petting animal (not cat)/-KX8ZEdKlX4.mp4,petting animal (not cat),k400,0,32,224x224
5255,roller skating/vzPQDhOz7nk.mp4,roller skating,k400,0,32,224x224
5256,blowing glass/Uxwibx6AVU4.mp4,blowing glass,k400,0,32,224x224
5257,riding unicycle/rKBGgwRbLzI.mp4,riding unicycle,k400,0,32,224x224
5258,texting/o595vrHd8xA.mp4,texting,k400,0,32,224x224
5259,brush painting/xHtWqrXzeL8.mp4,brush painting,k400,0,32,224x224
5260,wrestling/yxOSQbr85Jk.mp4,wrestling,k400,0,32,224x224
5261,laying bricks/4ETUfJFFXEc.mp4,laying bricks,k400,0,32,224x224
5262,doing nails/2uGZ34BngFI.mp4,doing nails,k400,0,32,224x224
5263,punching bag/H2Pu66btEf8.mp4,punching bag,k400,0,32,224x224
5264,making pizza/pzyrw9Grn14.mp4,making pizza,k400,0,32,224x224
5265,reading book/heFKqx3aB5w.mp4,reading book,k400,0,32,224x224
5266,driving tractor/ZQZpGNAeI1A.mp4,driving tractor,k400,0,32,224x224
5267,assembling computer/phCDgUs-xuE.mp4,assembling computer,k400,0,32,224x224
5268,spinning poi/GfrJTwHbVCk.mp4,spinning poi,k400,0,32,224x224
5269,tap dancing/ZiXIiUTweH8.mp4,tap dancing,k400,0,32,224x224
5270,juggling fire/PcDp00PUCJ0.mp4,juggling fire,k400,0,32,224x224
5271,playing clarinet/nMfKSNwzSOU.mp4,playing clarinet,k400,0,32,224x224
5272,crossing river/uwmYoa94WUg.mp4,crossing river,k400,0,32,224x224
5273,playing keyboard/UHiaCM1SvxA.mp4,playing keyboard,k400,0,32,224x224
5274,spinning poi/dlJ7SADXz8U.mp4,spinning poi,k400,0,32,224x224
5275,jumping into pool/NT2VTnGdFzo.mp4,jumping into pool,k400,0,32,224x224
5276,skiing slalom/k4_eYJXeGno.mp4,skiing slalom,k400,0,32,224x224
5277,driving car/jp3CtvLxIaM.mp4,driving car,k400,0,32,224x224
5278,crossing river/uKcTSBW8pgY.mp4,crossing river,k400,0,32,224x224
5279,flipping pancake/b3JVKNF3EBE.mp4,flipping pancake,k400,0,32,224x224
5280,surfing crowd/kGZxKRjCjWk.mp4,surfing crowd,k400,0,32,224x224
5281,playing clarinet/t3ZAK_dTSAU.mp4,playing clarinet,k400,0,32,224x224
5282,presenting weather forecast/Fy7kCi5idRw.mp4,presenting weather forecast,k400,0,32,224x224
5283,riding elephant/7cG0RAE2Eqk.mp4,riding elephant,k400,0,32,224x224
5284,opening present/XF-jJ2RCpYo.mp4,opening present,k400,0,32,224x224
5285,cheerleading/4LGc9mBFwUM.mp4,cheerleading,k400,0,32,224x224
5286,singing/nSm6L1MBvLo.mp4,singing,k400,0,32,224x224
5287,vault/_mPrBWdatho.mp4,vault,k400,0,32,224x224
5288,kitesurfing/COBRU7XVDm4.mp4,kitesurfing,k400,0,32,224x224
5289,playing violin/SyoMvTgetGg.mp4,playing violin,k400,0,32,224x224
5290,tap dancing/YBeQ8_XsJcc.mp4,tap dancing,k400,0,32,224x224
5291,waxing eyebrows/hC6Mt1gtPmk.mp4,waxing eyebrows,k400,0,32,224x224
5292,waxing legs/FAtN7w1Wtsg.mp4,waxing legs,k400,0,32,224x224
5293,pumping fist/kmmx-iSZn48.mp4,pumping fist,k400,0,32,224x224
5294,lunge/Cly5JCSPX9Y.mp4,lunge,k400,0,32,224x224
5295,kitesurfing/wNCHdzf_m7o.mp4,kitesurfing,k400,0,32,224x224
5296,cleaning pool/vYYnMo-wmvY.mp4,cleaning pool,k400,0,32,224x224
5297,dunking basketball/7DDYsTveuyo.mp4,dunking basketball,k400,0,32,224x224
5298,catching or throwing baseball/ICO4IBfX5Ro.mp4,catching or throwing baseball,k400,0,32,224x224
5299,tango dancing/fyhWlLmp_xA.mp4,tango dancing,k400,0,32,224x224
5300,diving cliff/aWzlR8tx4WI.mp4,diving cliff,k400,0,32,224x224
5301,water skiing/HI-wk8adQrI.mp4,water skiing,k400,0,32,224x224
5302,walking the dog/NjeVBUmJbfA.mp4,walking the dog,k400,0,32,224x224
5303,vault/P15mCraJJ9I.mp4,vault,k400,0,32,224x224
5304,cutting nails/Lgi3m6nKySU.mp4,cutting nails,k400,0,32,224x224
5305,diving cliff/jj06WFZZLUU.mp4,diving cliff,k400,0,32,224x224
5306,bowling/2K8Zo7PVcr4.mp4,bowling,k400,0,32,224x224
5307,shooting basketball/jEtCUOzga-M.mp4,shooting basketball,k400,0,32,224x224
5308,dancing macarena/qHSL4HOofpg.mp4,dancing macarena,k400,0,32,224x224
5309,swinging on something/9GO0EkwOUJc.mp4,swinging on something,k400,0,32,224x224
5310,cleaning floor/_H5TGAY63Jg.mp4,cleaning floor,k400,0,32,224x224
5311,ripping paper/ShyoEvGu_ME.mp4,ripping paper,k400,0,32,224x224
5312,baking cookies/yh-UhltDkbs.mp4,baking cookies,k400,0,32,224x224
5313,golf driving/Hkv28b4vHu4.mp4,golf driving,k400,0,32,224x224
5314,zumba/jPxk2at1udg.mp4,zumba,k400,0,32,224x224
5315,checking tires/gzdtB8nsLYw.mp4,checking tires,k400,0,32,224x224
5316,cleaning floor/4oUcUJZZVsM.mp4,cleaning floor,k400,0,32,224x224
5317,sled dog racing/YfydzT2XuSg.mp4,sled dog racing,k400,0,32,224x224
5318,push up/oqaDD6XdBg4.mp4,push up,k400,0,32,224x224
5319,snowmobiling/sT7mE0TgwGE.mp4,snowmobiling,k400,0,32,224x224
5320,feeding fish/Y7BqIPB6C7g.mp4,feeding fish,k400,0,32,224x224
5321,playing bass guitar/is0LsqtbaxE.mp4,playing bass guitar,k400,0,32,224x224
5322,hitting baseball/GdqpxCY6aK4.mp4,hitting baseball,k400,0,32,224x224
5323,dancing macarena/9U9wlqPshu8.mp4,dancing macarena,k400,0,32,224x224
5324,canoeing or kayaking/HOlsie7NgtY.mp4,canoeing or kayaking,k400,0,32,224x224
5325,playing trombone/ScZAUtVAShI.mp4,playing trombone,k400,0,32,224x224
5326,drumming fingers/CDFIqevgp-U.mp4,drumming fingers,k400,0,32,224x224
5327,folding clothes/OiyHzrZT1Qg.mp4,folding clothes,k400,0,32,224x224
5328,feeding fish/rW74rLn5edI.mp4,feeding fish,k400,0,32,224x224
5329,making bed/_84PXK2n1Ys.mp4,making bed,k400,0,32,224x224
5330,paragliding/Hv_MGzVoj0o.mp4,paragliding,k400,0,32,224x224
5331,bungee jumping/lroOWQNQlsE.mp4,bungee jumping,k400,0,32,224x224
5332,making snowman/ZOQGpX-9Baw.mp4,making snowman,k400,0,32,224x224
5333,riding or walking with horse/tu3BAzGmHkE.mp4,riding or walking with horse,k400,0,32,224x224
5334,eating chips/iUFw3h8OC0E.mp4,eating chips,k400,0,32,224x224
5335,hammer throw/t6GdO388250.mp4,hammer throw,k400,0,32,224x224
5336,jumpstyle dancing/lWuvui2niy4.mp4,jumpstyle dancing,k400,0,32,224x224
5337,feeding birds/ME9xpql1xqs.mp4,feeding birds,k400,0,32,224x224
5338,brushing teeth/F3yxde_un2k.mp4,brushing teeth,k400,0,32,224x224
5339,clean and jerk/HxChzVwDckk.mp4,clean and jerk,k400,0,32,224x224
5340,sweeping floor/EtPm80RFK4E.mp4,sweeping floor,k400,0,32,224x224
5341,windsurfing/J-tUsOpY_kY.mp4,windsurfing,k400,0,32,224x224
5342,mopping floor/L0ozD-dpPgc.mp4,mopping floor,k400,0,32,224x224
5343,crawling baby/fn4r2rEnSJE.mp4,crawling baby,k400,0,32,224x224
5344,throwing axe/HW99Ri49RRI.mp4,throwing axe,k400,0,32,224x224
5345,faceplanting/kJWmctR_Psc.mp4,faceplanting,k400,0,32,224x224
5346,throwing discus/dLtsGCplNxU.mp4,throwing discus,k400,0,32,224x224
5347,strumming guitar/kPkBT1IMtdw.mp4,strumming guitar,k400,0,32,224x224
5348,air drumming/ajnYiYoPfGA.mp4,air drumming,k400,0,32,224x224
5349,tickling/pKpchGkK_ZE.mp4,tickling,k400,0,32,224x224
5350,yoga/0X79m_8GlOE.mp4,yoga,k400,0,32,224x224
5351,massaging back/mSccNgPS9dM.mp4,massaging back,k400,0,32,224x224
5352,robot dancing/JKh7wlvY3aM.mp4,robot dancing,k400,0,32,224x224
5353,ripping paper/4NRuDysM9t0.mp4,ripping paper,k400,0,32,224x224
5354,parasailing/hpl1HAFS_fk.mp4,parasailing,k400,0,32,224x224
5355,parasailing/_SBG8GIfvuo.mp4,parasailing,k400,0,32,224x224
5356,shoveling snow/ZBy_3bIgvoQ.mp4,shoveling snow,k400,0,32,224x224
5357,petting animal (not cat)/vPoctINEXNo.mp4,petting animal (not cat),k400,0,32,224x224
5358,waxing legs/Ty8m6yErjjY.mp4,waxing legs,k400,0,32,224x224
5359,paragliding/FDrrmDPn7pg.mp4,paragliding,k400,0,32,224x224
5360,tapping guitar/UrFjzJEJt9Y.mp4,tapping guitar,k400,0,32,224x224
5361,pumping fist/_WcIxThZnYE.mp4,pumping fist,k400,0,32,224x224
5362,hopscotch/sZ0d1-OoW0M.mp4,hopscotch,k400,0,32,224x224
5363,dunking basketball/g2412OmYo6o.mp4,dunking basketball,k400,0,32,224x224
5364,tying tie/LXQs9J9gKbk.mp4,tying tie,k400,0,32,224x224
5365,slapping/BbGCK7Op_ME.mp4,slapping,k400,0,32,224x224
5366,golf driving/QBHhHqfu4bw.mp4,golf driving,k400,0,32,224x224
5367,waxing eyebrows/-NT8qdrpcx0.mp4,waxing eyebrows,k400,0,32,224x224
5368,tapping guitar/CJsYPqkGmI4.mp4,tapping guitar,k400,0,32,224x224
5369,skiing (not slalom or crosscountry)/iOZEcoMAISY.mp4,skiing (not slalom or crosscountry),k400,0,32,224x224
5370,contact juggling/9qsOUGfdHww.mp4,contact juggling,k400,0,32,224x224
5371,washing dishes/9CvLnMnJ7lQ.mp4,washing dishes,k400,0,32,224x224
5372,yoga/1hq8VgJFDnI.mp4,yoga,k400,0,32,224x224
5373,carving pumpkin/RwH24anO8bU.mp4,carving pumpkin,k400,0,32,224x224
5374,springboard diving/XuHl5PYOIys.mp4,springboard diving,k400,0,32,224x224
5375,sweeping floor/SIUxuTfmsHQ.mp4,sweeping floor,k400,0,32,224x224
5376,waxing back/Uu7d6PU1bCA.mp4,waxing back,k400,0,32,224x224
5377,playing chess/tBElWi8TMv8.mp4,playing chess,k400,0,32,224x224
5378,surfing crowd/ZoGQinJS_-g.mp4,surfing crowd,k400,0,32,224x224
5379,water sliding/t23ITD4uHPU.mp4,water sliding,k400,0,32,224x224
5380,peeling potatoes/YqOnEMNE5ss.mp4,peeling potatoes,k400,0,32,224x224
5381,diving cliff/QiNK6pUMVhg.mp4,diving cliff,k400,0,32,224x224
5382,belly dancing/XyVFtFuNQGo.mp4,belly dancing,k400,0,32,224x224
5383,punching person (boxing)/CIIGqR8fB9s.mp4,punching person (boxing),k400,0,32,224x224
5384,somersaulting/DAkS6JNRriY.mp4,somersaulting,k400,0,32,224x224
5385,folding napkins/BV9mnlFNUJM.mp4,folding napkins,k400,0,32,224x224
5386,presenting weather forecast/lJEpvhuMnWs.mp4,presenting weather forecast,k400,0,32,224x224
5387,high kick/3cijl1x1pgU.mp4,high kick,k400,0,32,224x224
5388,headbanging/UkjjlYAYHRw.mp4,headbanging,k400,0,32,224x224
5389,making tea/8tNHofaPfPE.mp4,making tea,k400,0,32,224x224
5390,snowboarding/D8WnhOs60kI.mp4,snowboarding,k400,0,32,224x224
5391,smoking hookah/ILkwVbNi_v0.mp4,smoking hookah,k400,0,32,224x224
5392,making sushi/gmEV42eSWrQ.mp4,making sushi,k400,0,32,224x224
5393,abseiling/M-hBdj62g9Y.mp4,abseiling,k400,0,32,224x224
5394,trapezing/G1ARg_9Is_Y.mp4,trapezing,k400,0,32,224x224
5395,playing clarinet/kSvzXrqEgeM.mp4,playing clarinet,k400,0,32,224x224
5396,massaging back/WSg09M54-yg.mp4,massaging back,k400,0,32,224x224
5397,dancing gangnam style/ylISvfYHv5s.mp4,dancing gangnam style,k400,0,32,224x224
5398,feeding birds/92_pqBbJPzc.mp4,feeding birds,k400,0,32,224x224
5399,picking fruit/-mTi-57hNuw.mp4,picking fruit,k400,0,32,224x224
5400,bobsledding/FJlq-9rT0JU.mp4,bobsledding,k400,0,32,224x224
5401,kicking field goal/ErCnNEgC9go.mp4,kicking field goal,k400,0,32,224x224
5402,finger snapping/jXBn0NOiutY.mp4,finger snapping,k400,0,32,224x224
5403,gargling/X3m6ugl2SkA.mp4,gargling,k400,0,32,224x224
5404,auctioning/BKfEO54q85s.mp4,auctioning,k400,0,32,224x224
5405,bungee jumping/u2mKUHgLYaM.mp4,bungee jumping,k400,0,32,224x224
5406,eating hotdog/gscxx7ojb5g.mp4,eating hotdog,k400,0,32,224x224
5407,playing trombone/Qn1U5PP_eRY.mp4,playing trombone,k400,0,32,224x224
5408,counting money/t1mp5snEYVI.mp4,counting money,k400,0,32,224x224
5409,unboxing/yeqI4XZdyHM.mp4,unboxing,k400,0,32,224x224
5410,tapping pen/3UNoQvms61o.mp4,tapping pen,k400,0,32,224x224
5411,throwing discus/ffNGhvvMRvo.mp4,throwing discus,k400,0,32,224x224
5412,riding mule/QjeTuaxhI6c.mp4,riding mule,k400,0,32,224x224
5413,golf putting/eNMaFMa6oQM.mp4,golf putting,k400,0,32,224x224
5414,surfing crowd/7s_y7fNVRA8.mp4,surfing crowd,k400,0,32,224x224
5415,carving pumpkin/5C9Maa3mHg0.mp4,carving pumpkin,k400,0,32,224x224
5416,clean and jerk/I-GG10E4xBw.mp4,clean and jerk,k400,0,32,224x224
5417,somersaulting/LFFtAQZJq1M.mp4,somersaulting,k400,0,32,224x224
5418,riding elephant/sQDy0_WA7Ck.mp4,riding elephant,k400,0,32,224x224
5419,capoeira/bvRxUtKodzk.mp4,capoeira,k400,0,32,224x224
5420,dying hair/BBbud2Mhjn4.mp4,dying hair,k400,0,32,224x224
5421,playing recorder/Cg95f4d4QuM.mp4,playing recorder,k400,0,32,224x224
5422,trapezing/lgyCcqgClUw.mp4,trapezing,k400,0,32,224x224
5423,eating spaghetti/LTatI3axeEk.mp4,eating spaghetti,k400,0,32,224x224
5424,spinning poi/nSF4XeltdX8.mp4,spinning poi,k400,0,32,224x224
5425,giving or receiving award/7cmFwAdcIXQ.mp4,giving or receiving award,k400,0,32,224x224
5426,driving car/XbqDagEYLFQ.mp4,driving car,k400,0,32,224x224
5427,changing oil/MdWYEQn4YCQ.mp4,changing oil,k400,0,32,224x224
5428,crossing river/mCAS7SorxSU.mp4,crossing river,k400,0,32,224x224
5429,passing American football (not in game)/qMZZnjhGu2g.mp4,passing American football (not in game),k400,0,32,224x224
5430,doing laundry/yuxHhQIug0E.mp4,doing laundry,k400,0,32,224x224
5431,playing volleyball/7G7Chk-YUL8.mp4,playing volleyball,k400,0,32,224x224
5432,tying bow tie/yfcImzuE2MA.mp4,tying bow tie,k400,0,32,224x224
5433,flying kite/h60kYB7Y_dc.mp4,flying kite,k400,0,32,224x224
5434,singing/8Om-ZLOUeTY.mp4,singing,k400,0,32,224x224
5435,cheerleading/2bUXcOOt9Y8.mp4,cheerleading,k400,0,32,224x224
5436,getting a tattoo/sFgon9HQsUI.mp4,getting a tattoo,k400,0,32,224x224
5437,sneezing/-rR0m8LvYgk.mp4,sneezing,k400,0,32,224x224
5438,playing ukulele/sMxItSwN5Ck.mp4,playing ukulele,k400,0,32,224x224
5439,crawling baby/PGA-UL6-zrU.mp4,crawling baby,k400,0,32,224x224
5440,eating cake/XDgMdFo2weo.mp4,eating cake,k400,0,32,224x224
5441,catching or throwing baseball/UEMSUYblMhc.mp4,catching or throwing baseball,k400,0,32,224x224
5442,riding or walking with horse/t2KeQxpCbZY.mp4,riding or walking with horse,k400,0,32,224x224
5443,ripping paper/8_9x2HxYjnE.mp4,ripping paper,k400,0,32,224x224
5444,sailing/MC8sGseD-Sc.mp4,sailing,k400,0,32,224x224
5445,squat/vs5ICwX8CWI.mp4,squat,k400,0,32,224x224
5446,playing badminton/l8BYGu4kr5c.mp4,playing badminton,k400,0,32,224x224
5447,spray painting/MZvw_s53uUM.mp4,spray painting,k400,0,32,224x224
5448,krumping/j53mjf2dw18.mp4,krumping,k400,0,32,224x224
5449,playing recorder/fhhfaoZWspQ.mp4,playing recorder,k400,0,32,224x224
5450,breading or breadcrumbing/19J04I1K2rM.mp4,breading or breadcrumbing,k400,0,32,224x224
5451,hopscotch/53fnB0G3z9s.mp4,hopscotch,k400,0,32,224x224
5452,tango dancing/dPOr5QxUha8.mp4,tango dancing,k400,0,32,224x224
5453,making bed/T4aqxI-3ZEQ.mp4,making bed,k400,0,32,224x224
5454,cheerleading/4gGB6nfbLvA.mp4,cheerleading,k400,0,32,224x224
5455,welding/1yNkDpWGcRk.mp4,welding,k400,0,32,224x224
5456,cleaning toilet/C1Ya5kGj45U.mp4,cleaning toilet,k400,0,32,224x224
5457,swimming backstroke/zGUlBZxNPn4.mp4,swimming backstroke,k400,0,32,224x224
5458,crawling baby/A7LIbQWBI9Q.mp4,crawling baby,k400,0,32,224x224
5459,kitesurfing/EVYWMkEyg0k.mp4,kitesurfing,k400,0,32,224x224
5460,eating chips/Cw6Gky60rH8.mp4,eating chips,k400,0,32,224x224
5461,cheerleading/mzWQTSOWsJs.mp4,cheerleading,k400,0,32,224x224
5462,finger snapping/oqT3pTJFv5k.mp4,finger snapping,k400,0,32,224x224
5463,bench pressing/oeDMVynjm_8.mp4,bench pressing,k400,0,32,224x224
5464,playing ukulele/kD2fWNzui78.mp4,playing ukulele,k400,0,32,224x224
5465,unboxing/Vz9eyM_ZMHQ.mp4,unboxing,k400,0,32,224x224
5466,kitesurfing/butOPM_amx8.mp4,kitesurfing,k400,0,32,224x224
5467,salsa dancing/oc3px_l0UP0.mp4,salsa dancing,k400,0,32,224x224
5468,drop kicking/ikch6dTKBNc.mp4,drop kicking,k400,0,32,224x224
5469,eating ice cream/38iv_EtOm20.mp4,eating ice cream,k400,0,32,224x224
5470,eating ice cream/5UQdISJfqDI.mp4,eating ice cream,k400,0,32,224x224
5471,reading book/bGxkZ-3CKns.mp4,reading book,k400,0,32,224x224
5472,laying bricks/WLMOwh9hzks.mp4,laying bricks,k400,0,32,224x224
5473,cooking egg/bb0sHn7SyeE.mp4,cooking egg,k400,0,32,224x224
5474,archery/1ccBq_oh5Rs.mp4,archery,k400,0,32,224x224
5475,shoveling snow/IxqIBAsBoAo.mp4,shoveling snow,k400,0,32,224x224
5476,shaving head/r_eFoJkqAtA.mp4,shaving head,k400,0,32,224x224
5477,dancing gangnam style/nFDaBY6ZgFI.mp4,dancing gangnam style,k400,0,32,224x224
5478,eating ice cream/jyPlUQkl6K0.mp4,eating ice cream,k400,0,32,224x224
5479,unloading truck/t50O3QlRR4Q.mp4,unloading truck,k400,0,32,224x224
5480,tango dancing/sWNM6MqA3uo.mp4,tango dancing,k400,0,32,224x224
5481,finger snapping/7HLwQm8WDrI.mp4,finger snapping,k400,0,32,224x224
5482,cheerleading/fAeOMw4FjxE.mp4,cheerleading,k400,0,32,224x224
5483,jogging/HPy0jiCUmS4.mp4,jogging,k400,0,32,224x224
5484,capoeira/u2U_TBuJZc4.mp4,capoeira,k400,0,32,224x224
5485,busking/L80QxFDRk78.mp4,busking,k400,0,32,224x224
5486,blasting sand/tr-r7ABYVD8.mp4,blasting sand,k400,0,32,224x224
5487,springboard diving/dJwNxCsu9Zs.mp4,springboard diving,k400,0,32,224x224
5488,washing dishes/0ToU7j3U0fo.mp4,washing dishes,k400,0,32,224x224
5489,waxing legs/f8rzMNZ1C-4.mp4,waxing legs,k400,0,32,224x224
5490,ice skating/Q6iBDOFF74w.mp4,ice skating,k400,0,32,224x224
5491,playing badminton/oSj9DIPnDpI.mp4,playing badminton,k400,0,32,224x224
5492,archery/T2iFbG3Vka0.mp4,archery,k400,0,32,224x224
5493,catching or throwing baseball/PY4C900gNh8.mp4,catching or throwing baseball,k400,0,32,224x224
5494,jumpstyle dancing/Ge7gwf04Z5c.mp4,jumpstyle dancing,k400,0,32,224x224
5495,drinking beer/h0ea069drlc.mp4,drinking beer,k400,0,32,224x224
5496,making a sandwich/UglMfMIInNU.mp4,making a sandwich,k400,0,32,224x224
5497,bungee jumping/pwB-Hyu6m8A.mp4,bungee jumping,k400,0,32,224x224
5498,bookbinding/Wj5i_jvc7Q4.mp4,bookbinding,k400,0,32,224x224
5499,belly dancing/NbQuKUbyC4I.mp4,belly dancing,k400,0,32,224x224
5500,abseiling/ZxG1co3qXLg.mp4,abseiling,k400,0,32,224x224
5501,playing trombone/bOg53tJRx5U.mp4,playing trombone,k400,0,32,224x224
5502,skateboarding/-G07ptKbKaM.mp4,skateboarding,k400,0,32,224x224
5503,cutting pineapple/z2Lna25qn5A.mp4,cutting pineapple,k400,0,32,224x224
5504,smoking/LkHMeRkdKHQ.mp4,smoking,k400,0,32,224x224
5505,playing cards/IdBmW1KXYjE.mp4,playing cards,k400,0,32,224x224
5506,shot put/qgzL--vQ_P0.mp4,shot put,k400,0,32,224x224
5507,windsurfing/qBd7W7ZEltE.mp4,windsurfing,k400,0,32,224x224
5508,strumming guitar/xU4nYeUq6o8.mp4,strumming guitar,k400,0,32,224x224
5509,walking the dog/7jM5Wyjbxs0.mp4,walking the dog,k400,0,32,224x224
5510,crying/fdOi-68-t64.mp4,crying,k400,0,32,224x224
5511,rock climbing/0H4pOvfMjIc.mp4,rock climbing,k400,0,32,224x224
5512,snorkeling/f3nHCDD1Sqk.mp4,snorkeling,k400,0,32,224x224
5513,playing organ/ut-0LGFt6IY.mp4,playing organ,k400,0,32,224x224
5514,high kick/6a_EUJPi_sw.mp4,high kick,k400,0,32,224x224
5515,trimming trees/FUCSQY5cF90.mp4,trimming trees,k400,0,32,224x224
5516,playing didgeridoo/qXyNorEHMbY.mp4,playing didgeridoo,k400,0,32,224x224
5517,kissing/DAUzHW7-bcQ.mp4,kissing,k400,0,32,224x224
5518,triple jump/uAr9gOP3Wuw.mp4,triple jump,k400,0,32,224x224
5519,capoeira/idz_v1fRE9Y.mp4,capoeira,k400,0,32,224x224
5520,dodgeball/pmEKZ3R9OAA.mp4,dodgeball,k400,0,32,224x224
5521,javelin throw/d5ea8ahCFxQ.mp4,javelin throw,k400,0,32,224x224
5522,pull ups/R8dMMRZbe3s.mp4,pull ups,k400,0,32,224x224
5523,playing badminton/UoRRXxeSGOA.mp4,playing badminton,k400,0,32,224x224
5524,pumping gas/m3JVr5HoeoA.mp4,pumping gas,k400,0,32,224x224
5525,breakdancing/71V2uH8GVW0.mp4,breakdancing,k400,0,32,224x224
5526,playing xylophone/YisyHmcfthg.mp4,playing xylophone,k400,0,32,224x224
5527,ice climbing/3ngPUyd8z40.mp4,ice climbing,k400,0,32,224x224
5528,riding mountain bike/fLN3ZDdmMrc.mp4,riding mountain bike,k400,0,32,224x224
5529,doing nails/doqfZ245dvw.mp4,doing nails,k400,0,32,224x224
5530,playing cymbals/uYaqkql_wmM.mp4,playing cymbals,k400,0,32,224x224
5531,playing bass guitar/137o9LRW0KI.mp4,playing bass guitar,k400,0,32,224x224
5532,hurling (sport)/wlaz9xtJr08.mp4,hurling (sport),k400,0,32,224x224
5533,getting a haircut/fiVqxGphrqA.mp4,getting a haircut,k400,0,32,224x224
5534,cooking egg/jrdVpzOqH8E.mp4,cooking egg,k400,0,32,224x224
5535,hurdling/X35tnMl40PA.mp4,hurdling,k400,0,32,224x224
5536,barbequing/omdX44VPQIs.mp4,barbequing,k400,0,32,224x224
5537,shearing sheep/RZUhWi0Of4E.mp4,shearing sheep,k400,0,32,224x224
5538,playing piano/ErtbQI7biXo.mp4,playing piano,k400,0,32,224x224
5539,washing dishes/D7DtC917HdQ.mp4,washing dishes,k400,0,32,224x224
5540,stretching leg/UmCv6owNm-o.mp4,stretching leg,k400,0,32,224x224
5541,laughing/CBMBAApyBdQ.mp4,laughing,k400,0,32,224x224
5542,headbanging/9rtgESEEJAM.mp4,headbanging,k400,0,32,224x224
5543,driving car/C8-kHuvCNtY.mp4,driving car,k400,0,32,224x224
5544,playing cello/FrRf82FDo68.mp4,playing cello,k400,0,32,224x224
5545,using computer/gS9p243Ls6c.mp4,using computer,k400,0,32,224x224
5546,playing bass guitar/ahusBzwG-hQ.mp4,playing bass guitar,k400,0,32,224x224
5547,situp/wQojlJeg4FQ.mp4,situp,k400,0,32,224x224
5548,ice climbing/6w01yrT-wz8.mp4,ice climbing,k400,0,32,224x224
5549,folding clothes/m0spdfvxo0Y.mp4,folding clothes,k400,0,32,224x224
5550,slapping/9XvQuC2n0zg.mp4,slapping,k400,0,32,224x224
5551,air drumming/UHD-eXFtxCE.mp4,air drumming,k400,0,32,224x224
5552,belly dancing/dMKCYXzgHrE.mp4,belly dancing,k400,0,32,224x224
5553,bungee jumping/ZS0iGqzTFs4.mp4,bungee jumping,k400,0,32,224x224
5554,bowling/d0PiN_5fvZc.mp4,bowling,k400,0,32,224x224
5555,playing squash or racquetball/KqcvoJkKeRk.mp4,playing squash or racquetball,k400,0,32,224x224
5556,tying knot (not on a tie)/fVQyJHDESso.mp4,tying knot (not on a tie),k400,0,32,224x224
5557,playing bass guitar/yTtxUixat2c.mp4,playing bass guitar,k400,0,32,224x224
5558,feeding goats/OFMaHkaEiZk.mp4,feeding goats,k400,0,32,224x224
5559,bouncing on trampoline/qcJ3yIU-35M.mp4,bouncing on trampoline,k400,0,32,224x224
5560,riding or walking with horse/mKavTPa5UX0.mp4,riding or walking with horse,k400,0,32,224x224
5561,celebrating/PRYAI7weKNA.mp4,celebrating,k400,0,32,224x224
5562,cleaning toilet/2YXUSBvp2co.mp4,cleaning toilet,k400,0,32,224x224
5563,cracking neck/CYl2AasfaVo.mp4,cracking neck,k400,0,32,224x224
5564,tickling/CDm_hHE1svw.mp4,tickling,k400,0,32,224x224
5565,answering questions/z6HJ-dPQ_6M.mp4,answering questions,k400,0,32,224x224
5566,shooting basketball/zenKK8Cd9Zw.mp4,shooting basketball,k400,0,32,224x224
5567,playing xylophone/enWcojKQHlQ.mp4,playing xylophone,k400,0,32,224x224
5568,dribbling basketball/CMbYEkTkDHU.mp4,dribbling basketball,k400,0,32,224x224
5569,baking cookies/odDGHQ14gAI.mp4,baking cookies,k400,0,32,224x224
5570,making bed/10WZv2RNCls.mp4,making bed,k400,0,32,224x224
5571,smoking hookah/lOoMaCl3gE8.mp4,smoking hookah,k400,0,32,224x224
5572,playing trombone/cl42mKCvCbI.mp4,playing trombone,k400,0,32,224x224
5573,weaving basket/9GBD1eplvZo.mp4,weaving basket,k400,0,32,224x224
5574,egg hunting/owqfqgva4w8.mp4,egg hunting,k400,0,32,224x224
5575,walking the dog/PUBrM0kP-pE.mp4,walking the dog,k400,0,32,224x224
5576,motorcycling/oFLHYp4xQkM.mp4,motorcycling,k400,0,32,224x224
5577,washing hands/WFwzvu2EkNY.mp4,washing hands,k400,0,32,224x224
5578,cooking chicken/AjSwqcJQZ74.mp4,cooking chicken,k400,0,32,224x224
5579,dunking basketball/Bhezvty7Fk4.mp4,dunking basketball,k400,0,32,224x224
5580,counting money/NnHnfxK-XJI.mp4,counting money,k400,0,32,224x224
5581,skiing slalom/X71UPCwu0ZU.mp4,skiing slalom,k400,0,32,224x224
5582,getting a tattoo/hs81dVKvvdw.mp4,getting a tattoo,k400,0,32,224x224
5583,abseiling/bYVa4Rdeowc.mp4,abseiling,k400,0,32,224x224
5584,playing poker/34JthvtkILI.mp4,playing poker,k400,0,32,224x224
5585,using computer/RyiVDuhlUoY.mp4,using computer,k400,0,32,224x224
5586,pushing cart/7Vuneu42KCM.mp4,pushing cart,k400,0,32,224x224
5587,using computer/zZTs7QOexjs.mp4,using computer,k400,0,32,224x224
5588,eating carrots/QBqCvoiQoYA.mp4,eating carrots,k400,0,32,224x224
5589,robot dancing/3q03FYT64o8.mp4,robot dancing,k400,0,32,224x224
5590,water skiing/cOGePBJW4fU.mp4,water skiing,k400,0,32,224x224
5591,giving or receiving award/hPYbspQqIHo.mp4,giving or receiving award,k400,0,32,224x224
5592,archery/WNmNWRt8wQ0.mp4,archery,k400,0,32,224x224
5593,dunking basketball/mCTL4wmbdb4.mp4,dunking basketball,k400,0,32,224x224
5594,singing/n36nk_NM9GM.mp4,singing,k400,0,32,224x224
5595,doing nails/LMMjO5GhK4A.mp4,doing nails,k400,0,32,224x224
5596,ski jumping/2agR7EbRrFc.mp4,ski jumping,k400,0,32,224x224
5597,unloading truck/NWdvawQEyMI.mp4,unloading truck,k400,0,32,224x224
5598,playing controller/fwdNf38fYSc.mp4,playing controller,k400,0,32,224x224
5599,doing nails/IHRlOHIgprU.mp4,doing nails,k400,0,32,224x224
5600,washing dishes/gweR9xh2zZ8.mp4,washing dishes,k400,0,32,224x224
5601,playing squash or racquetball/-BfIULwE5yc.mp4,playing squash or racquetball,k400,0,32,224x224
5602,javelin throw/pgUtL9cEVIE.mp4,javelin throw,k400,0,32,224x224
5603,barbequing/8MMLW6lHFOk.mp4,barbequing,k400,0,32,224x224
5604,hammer throw/50RrC35Kf8U.mp4,hammer throw,k400,0,32,224x224
5605,playing clarinet/NCZGOlU5oa0.mp4,playing clarinet,k400,0,32,224x224
5606,playing chess/Pm7IpL_yCOk.mp4,playing chess,k400,0,32,224x224
5607,driving tractor/wH_frQWWunc.mp4,driving tractor,k400,0,32,224x224
5608,stretching leg/h5CjGkShIK4.mp4,stretching leg,k400,0,32,224x224
5609,riding mule/yuKbIznxZuY.mp4,riding mule,k400,0,32,224x224
5610,somersaulting/uihh1Eouy4I.mp4,somersaulting,k400,0,32,224x224
5611,eating chips/5pMIddqmS0w.mp4,eating chips,k400,0,32,224x224
5612,drinking shots/Um9lGc-UADk.mp4,drinking shots,k400,0,32,224x224
5613,eating chips/9QW-c45KBRk.mp4,eating chips,k400,0,32,224x224
5614,crawling baby/0qoYYwZ2FMo.mp4,crawling baby,k400,0,32,224x224
5615,beatboxing/bOPmb-thlu0.mp4,beatboxing,k400,0,32,224x224
5616,playing chess/wCAUC7U8kJ8.mp4,playing chess,k400,0,32,224x224
5617,catching or throwing softball/hLwhdHEDb-U.mp4,catching or throwing softball,k400,0,32,224x224
5618,blowing glass/RM1UVKUxnEU.mp4,blowing glass,k400,0,32,224x224
5619,playing tennis/V48LXF5922U.mp4,playing tennis,k400,0,32,224x224
5620,hammer throw/1EO4H0EAnVA.mp4,hammer throw,k400,0,32,224x224
5621,crossing river/hyFPDm12Qww.mp4,crossing river,k400,0,32,224x224
5622,sailing/0mtwjkaS1dE.mp4,sailing,k400,0,32,224x224
5623,presenting weather forecast/nVZEWpaHLj0.mp4,presenting weather forecast,k400,0,32,224x224
5624,writing/nxUw54yDVLc.mp4,writing,k400,0,32,224x224
5625,reading book/hPHt7SY_-q8.mp4,reading book,k400,0,32,224x224
5626,climbing ladder/VW-CMoK-UjE.mp4,climbing ladder,k400,0,32,224x224
5627,playing clarinet/kOa9d2E9gNo.mp4,playing clarinet,k400,0,32,224x224
5628,shuffling cards/7UZ2nWkx0ms.mp4,shuffling cards,k400,0,32,224x224
5629,dancing ballet/AH4GMGCCJ4U.mp4,dancing ballet,k400,0,32,224x224
5630,dunking basketball/iW-4Xt2rOA8.mp4,dunking basketball,k400,0,32,224x224
5631,crying/E1xevDcdzZY.mp4,crying,k400,0,32,224x224
5632,golf driving/l51KsrF8l88.mp4,golf driving,k400,0,32,224x224
5633,rock climbing/k9hSD6WNV9g.mp4,rock climbing,k400,0,32,224x224
5634,carrying baby/mgyOpsH8WgM.mp4,carrying baby,k400,0,32,224x224
5635,blowing out candles/jyBtzob7seQ.mp4,blowing out candles,k400,0,32,224x224
5636,drop kicking/cLZNztuq76s.mp4,drop kicking,k400,0,32,224x224
5637,bowling/Kt_wBJCRDDE.mp4,bowling,k400,0,32,224x224
5638,deadlifting/52x4vrNoSZc.mp4,deadlifting,k400,0,32,224x224
5639,sailing/YkOURVic1_I.mp4,sailing,k400,0,32,224x224
5640,planting trees/_LXTp9clJ-Y.mp4,planting trees,k400,0,32,224x224
5641,kitesurfing/myIVY3HL1sU.mp4,kitesurfing,k400,0,32,224x224
5642,applying cream/Ru9IisEac3o.mp4,applying cream,k400,0,32,224x224
5643,drinking beer/RwbxBReVTsM.mp4,drinking beer,k400,0,32,224x224
5644,whistling/v2O1pU4XueU.mp4,whistling,k400,0,32,224x224
5645,hammer throw/B2jYOHh6nIk.mp4,hammer throw,k400,0,32,224x224
5646,snatch weight lifting/G0oc0vrmCeY.mp4,snatch weight lifting,k400,0,32,224x224
5647,making jewelry/sDpfwsoy8sE.mp4,making jewelry,k400,0,32,224x224
5648,feeding goats/Xbp0O5e5juo.mp4,feeding goats,k400,0,32,224x224
5649,clean and jerk/vd8DyhksWs8.mp4,clean and jerk,k400,0,32,224x224
5650,using computer/Hp8Mz0e5bNc.mp4,using computer,k400,0,32,224x224
5651,riding unicycle/I8VpyppmilM.mp4,riding unicycle,k400,0,32,224x224
5652,hula hooping/izk9OrjN4tk.mp4,hula hooping,k400,0,32,224x224
5653,cutting watermelon/2Mac34wk3ts.mp4,cutting watermelon,k400,0,32,224x224
5654,tickling/IhQTcR9p948.mp4,tickling,k400,0,32,224x224
5655,hitting baseball/NT6KlUURZ9g.mp4,hitting baseball,k400,0,32,224x224
5656,vault/fCNG5VGEWO0.mp4,vault,k400,0,32,224x224
5657,parkour/vZDVao0gHek.mp4,parkour,k400,0,32,224x224
5658,sweeping floor/CP9Vtimdqsg.mp4,sweeping floor,k400,0,32,224x224
5659,playing saxophone/kMJ27ohyY5U.mp4,playing saxophone,k400,0,32,224x224
5660,golf putting/ucll_B_oUu4.mp4,golf putting,k400,0,32,224x224
5661,robot dancing/OEodiMsTGxE.mp4,robot dancing,k400,0,32,224x224
5662,waxing chest/LvD0LRGKPuk.mp4,waxing chest,k400,0,32,224x224
5663,playing saxophone/x_y-_Ge0b_o.mp4,playing saxophone,k400,0,32,224x224
5664,abseiling/YCXkFo1nX1Q.mp4,abseiling,k400,0,32,224x224
5665,skydiving/-irEfHMrsyw.mp4,skydiving,k400,0,32,224x224
5666,passing American football (not in game)/gdiQ-7LUts8.mp4,passing American football (not in game),k400,0,32,224x224
5667,kicking soccer ball/M2pmpkVg-do.mp4,kicking soccer ball,k400,0,32,224x224
5668,clay pottery making/fBYk9DMFPwk.mp4,clay pottery making,k400,0,32,224x224
5669,tying bow tie/62B6RTRnEKA.mp4,tying bow tie,k400,0,32,224x224
5670,bowling/E664nuAjHgU.mp4,bowling,k400,0,32,224x224
5671,shooting goal (soccer)/RrRPJdMaR0E.mp4,shooting goal (soccer),k400,0,32,224x224
5672,stomping grapes/OB1bYmI2-og.mp4,stomping grapes,k400,0,32,224x224
5673,bowling/y_QSNGtvdrc.mp4,bowling,k400,0,32,224x224
5674,waxing legs/uddjWydZvrM.mp4,waxing legs,k400,0,32,224x224
5675,driving tractor/vFUMYEu_aEA.mp4,driving tractor,k400,0,32,224x224
5676,front raises/y8kYRUlHgAc.mp4,front raises,k400,0,32,224x224
5677,blasting sand/8iXJ6WsV_vo.mp4,blasting sand,k400,0,32,224x224
5678,snatch weight lifting/SHfMlMML0Mc.mp4,snatch weight lifting,k400,0,32,224x224
5679,dribbling basketball/-EnWmIji1xc.mp4,dribbling basketball,k400,0,32,224x224
5680,diving cliff/xFSwPP1Nnck.mp4,diving cliff,k400,0,32,224x224
5681,playing paintball/qau44rgOQ_M.mp4,playing paintball,k400,0,32,224x224
5682,playing ukulele/qCOn8OgN66I.mp4,playing ukulele,k400,0,32,224x224
5683,getting a tattoo/t9dbNxKJGUw.mp4,getting a tattoo,k400,0,32,224x224
5684,golf chipping/ejAoEw9QEbM.mp4,golf chipping,k400,0,32,224x224
5685,rock climbing/hS0ugJFTMTw.mp4,rock climbing,k400,0,32,224x224
5686,pole vault/0xpfJGZb7qQ.mp4,pole vault,k400,0,32,224x224
5687,playing harmonica/WgOutWO3dDs.mp4,playing harmonica,k400,0,32,224x224
5688,kissing/SJsVu8u0fxY.mp4,kissing,k400,0,32,224x224
5689,dodgeball/zf1eP9c_7hU.mp4,dodgeball,k400,0,32,224x224
5690,swimming breast stroke/LnmKfGmfAJs.mp4,swimming breast stroke,k400,0,32,224x224
5691,tobogganing/sknldGBA9go.mp4,tobogganing,k400,0,32,224x224
5692,parasailing/ijuf0ZUUO6k.mp4,parasailing,k400,0,32,224x224
5693,taking a shower/ptBslLLe04Y.mp4,taking a shower,k400,0,32,224x224
5694,playing violin/N_nFst7t1jM.mp4,playing violin,k400,0,32,224x224
5695,feeding birds/ZH8bi4PAPU4.mp4,feeding birds,k400,0,32,224x224
5696,country line dancing/IsSFpqGr8Wg.mp4,country line dancing,k400,0,32,224x224
5697,tying knot (not on a tie)/LRdkWJlatd8.mp4,tying knot (not on a tie),k400,0,32,224x224
5698,kicking soccer ball/Fk-sc-Np4UY.mp4,kicking soccer ball,k400,0,32,224x224
5699,golf driving/VO8jWoPS6G8.mp4,golf driving,k400,0,32,224x224
5700,bartending/fxmrM7tuqFw.mp4,bartending,k400,0,32,224x224
5701,pole vault/PyPfh80Z0sc.mp4,pole vault,k400,0,32,224x224
5702,lunge/S5bCZ39cWBA.mp4,lunge,k400,0,32,224x224
5703,feeding goats/yjReYHik9I0.mp4,feeding goats,k400,0,32,224x224
5704,passing American football (not in game)/DDpKCLdSpFc.mp4,passing American football (not in game),k400,0,32,224x224
5705,vault/EBhe-6Z6JFQ.mp4,vault,k400,0,32,224x224
5706,setting table/Z7bqQqYPdus.mp4,setting table,k400,0,32,224x224
5707,decorating the christmas tree/yjp5ENjP90k.mp4,decorating the christmas tree,k400,0,32,224x224
5708,walking the dog/A3UFexx3nnE.mp4,walking the dog,k400,0,32,224x224
5709,brushing teeth/mAtRGD8ouPA.mp4,brushing teeth,k400,0,32,224x224
5710,cleaning shoes/GBqTdfoEx4o.mp4,cleaning shoes,k400,0,32,224x224
5711,hurling (sport)/MlwViR4KmH0.mp4,hurling (sport),k400,0,32,224x224
5712,playing harp/gnrvAJZmTE8.mp4,playing harp,k400,0,32,224x224
5713,playing guitar/guUs-TqOrXw.mp4,playing guitar,k400,0,32,224x224
5714,ice climbing/-6uc4CaBkoQ.mp4,ice climbing,k400,0,32,224x224
5715,mopping floor/Mn80ydinbIE.mp4,mopping floor,k400,0,32,224x224
5716,marching/6r4VQX2GUpc.mp4,marching,k400,0,32,224x224
5717,using computer/du0qZKesskA.mp4,using computer,k400,0,32,224x224
5718,spinning poi/70Z1V5YYXGQ.mp4,spinning poi,k400,0,32,224x224
5719,playing trumpet/ogO7GukhoBM.mp4,playing trumpet,k400,0,32,224x224
5720,yoga/tB2QmsoG8C0.mp4,yoga,k400,0,32,224x224
5721,playing volleyball/1bI-CTRl9Zk.mp4,playing volleyball,k400,0,32,224x224
5722,front raises/i-IELiVxbZo.mp4,front raises,k400,0,32,224x224
5723,making tea/bcadyyW5rPs.mp4,making tea,k400,0,32,224x224
5724,shearing sheep/7I-pq5Jd5Ko.mp4,shearing sheep,k400,0,32,224x224
5725,punching person (boxing)/FOFnZSRTjRc.mp4,punching person (boxing),k400,0,32,224x224
5726,jumping into pool/AuBBzaqF_Mk.mp4,jumping into pool,k400,0,32,224x224
5727,making bed/tRByQfYkV1A.mp4,making bed,k400,0,32,224x224
5728,balloon blowing/z1P3kisboDA.mp4,balloon blowing,k400,0,32,224x224
5729,ripping paper/G4WlkI55YK4.mp4,ripping paper,k400,0,32,224x224
5730,playing chess/4pkcNBnMvBg.mp4,playing chess,k400,0,32,224x224
5731,bookbinding/IMVdK2M4umk.mp4,bookbinding,k400,0,32,224x224
5732,wrapping present/B-pfXigqV2g.mp4,wrapping present,k400,0,32,224x224
5733,roller skating/ksDFBSUPTgU.mp4,roller skating,k400,0,32,224x224
5734,shooting goal (soccer)/rsERHkV-a0E.mp4,shooting goal (soccer),k400,0,32,224x224
5735,counting money/mBIgVnm995E.mp4,counting money,k400,0,32,224x224
5736,bartending/Cj0CCxFfC6g.mp4,bartending,k400,0,32,224x224
5737,hopscotch/aGeVMiu_5ck.mp4,hopscotch,k400,0,32,224x224
5738,shuffling cards/q1nHZzw4NRo.mp4,shuffling cards,k400,0,32,224x224
5739,playing violin/y8JgDsNEc1k.mp4,playing violin,k400,0,32,224x224
5740,playing badminton/Gc_kd1wR3jo.mp4,playing badminton,k400,0,32,224x224
5741,opening present/BfWgnvibcrE.mp4,opening present,k400,0,32,224x224
5742,dodgeball/tjuTNqDhtHU.mp4,dodgeball,k400,0,32,224x224
5743,ironing/QQ-eEhm6vN4.mp4,ironing,k400,0,32,224x224
5744,riding unicycle/YfICLLHfzu4.mp4,riding unicycle,k400,0,32,224x224
5745,eating spaghetti/n3K1-fQVOLg.mp4,eating spaghetti,k400,0,32,224x224
5746,zumba/2g_5Wzo1mJM.mp4,zumba,k400,0,32,224x224
5747,shoveling snow/AEDd5jcW62U.mp4,shoveling snow,k400,0,32,224x224
5748,crawling baby/oAhMsk2I4gk.mp4,crawling baby,k400,0,32,224x224
5749,side kick/gc8kJQI5Olw.mp4,side kick,k400,0,32,224x224
5750,stretching leg/0SQd7l_YEnc.mp4,stretching leg,k400,0,32,224x224
5751,climbing tree/kB4XckAsJY0.mp4,climbing tree,k400,0,32,224x224
5752,passing American football (in game)/h9Fzk5JJQFg.mp4,passing American football (in game),k400,0,32,224x224
5753,beatboxing/QbI72yTP668.mp4,beatboxing,k400,0,32,224x224
5754,eating ice cream/M1xioTyiLs4.mp4,eating ice cream,k400,0,32,224x224
5755,blowing out candles/PJdbH39Y5EE.mp4,blowing out candles,k400,0,32,224x224
5756,bartending/_bZ8ATfiIoo.mp4,bartending,k400,0,32,224x224
5757,tying knot (not on a tie)/bYAPQDDmKs4.mp4,tying knot (not on a tie),k400,0,32,224x224
5758,zumba/EDaCHr1yRvc.mp4,zumba,k400,0,32,224x224
5759,catching or throwing frisbee/7dzuei-o50k.mp4,catching or throwing frisbee,k400,0,32,224x224
5760,zumba/QjjxoGmrCWA.mp4,zumba,k400,0,32,224x224
5761,pushing wheelchair/CwvCSLVIUxc.mp4,pushing wheelchair,k400,0,32,224x224
5762,air drumming/X8bwFX5tVIs.mp4,air drumming,k400,0,32,224x224
5763,roller skating/JOM5lHLF984.mp4,roller skating,k400,0,32,224x224
5764,writing/ry2eVdatGHY.mp4,writing,k400,0,32,224x224
5765,playing harmonica/1Ak94yxKsw8.mp4,playing harmonica,k400,0,32,224x224
5766,yawning/UQCQi3pj6OI.mp4,yawning,k400,0,32,224x224
5767,punching bag/8UtFVMmjSDo.mp4,punching bag,k400,0,32,224x224
5768,cutting watermelon/bMTr7QppaQA.mp4,cutting watermelon,k400,0,32,224x224
5769,playing cello/tl78LewAxn0.mp4,playing cello,k400,0,32,224x224
5770,bench pressing/P2hB8qC6a84.mp4,bench pressing,k400,0,32,224x224
5771,archery/yqTnKH3LGh0.mp4,archery,k400,0,32,224x224
5772,dancing gangnam style/BcHbutU5EHs.mp4,dancing gangnam style,k400,0,32,224x224
5773,playing violin/6CSoqjaln-0.mp4,playing violin,k400,0,32,224x224
5774,playing accordion/TJH45cYST8g.mp4,playing accordion,k400,0,32,224x224
5775,scuba diving/gr7IXcrU2F4.mp4,scuba diving,k400,0,32,224x224
5776,mowing lawn/8okYJVm3xIE.mp4,mowing lawn,k400,0,32,224x224
5777,ripping paper/WMOpbw_pSsQ.mp4,ripping paper,k400,0,32,224x224
5778,front raises/BtETt9ndXaI.mp4,front raises,k400,0,32,224x224
5779,passing American football (in game)/et-lVSK-la4.mp4,passing American football (in game),k400,0,32,224x224
5780,playing poker/swoMAUdLQ7M.mp4,playing poker,k400,0,32,224x224
5781,trapezing/iMR9lPkPqMs.mp4,trapezing,k400,0,32,224x224
5782,jumpstyle dancing/qpsxWS2S9ko.mp4,jumpstyle dancing,k400,0,32,224x224
5783,counting money/2rVmiEgs5QU.mp4,counting money,k400,0,32,224x224
5784,eating chips/lQPu3vFp-58.mp4,eating chips,k400,0,32,224x224
5785,opening present/gbIIPicMgRg.mp4,opening present,k400,0,32,224x224
5786,swimming breast stroke/DMoXitbx_hM.mp4,swimming breast stroke,k400,0,32,224x224
5787,dancing macarena/Ge-NBaAxJdU.mp4,dancing macarena,k400,0,32,224x224
5788,juggling soccer ball/CKI-pQ7Dn3o.mp4,juggling soccer ball,k400,0,32,224x224
5789,opening present/SbWQ4k0vPQk.mp4,opening present,k400,0,32,224x224
5790,tai chi/kjvZNiX2qek.mp4,tai chi,k400,0,32,224x224
5791,brushing teeth/e_VQNgNgKQA.mp4,brushing teeth,k400,0,32,224x224
5792,blowing out candles/W_stX07SjrM.mp4,blowing out candles,k400,0,32,224x224
5793,tap dancing/DS2OpsT9GdQ.mp4,tap dancing,k400,0,32,224x224
5794,playing paintball/M5UTbYRarXI.mp4,playing paintball,k400,0,32,224x224
5795,arm wrestling/MIqaVKHZxsw.mp4,arm wrestling,k400,0,32,224x224
5796,doing aerobics/5PtsyM5nX8o.mp4,doing aerobics,k400,0,32,224x224
5797,playing harp/-VRA-PoenD8.mp4,playing harp,k400,0,32,224x224
5798,yoga/-N4-j7MfSYE.mp4,yoga,k400,0,32,224x224
5799,arm wrestling/BwvVgR_Zgxw.mp4,arm wrestling,k400,0,32,224x224
5800,shaking head/G4njbsXH7gg.mp4,shaking head,k400,0,32,224x224
5801,playing flute/Pa9UUHGPwj4.mp4,playing flute,k400,0,32,224x224
5802,diving cliff/ECEMzcHSnqA.mp4,diving cliff,k400,0,32,224x224
5803,snatch weight lifting/07HQUIGnlGY.mp4,snatch weight lifting,k400,0,32,224x224
5804,krumping/BenN5GGFkyk.mp4,krumping,k400,0,32,224x224
5805,massaging person's head/fA7W1J1awuM.mp4,massaging person's head,k400,0,32,224x224
5806,snowboarding/_bSUPPdwecA.mp4,snowboarding,k400,0,32,224x224
5807,archery/Bjl7mdLC7RM.mp4,archery,k400,0,32,224x224
5808,zumba/HOlcjt-BBtY.mp4,zumba,k400,0,32,224x224
5809,snowkiting/Rqbm4h3WHh4.mp4,snowkiting,k400,0,32,224x224
5810,eating carrots/jENLbZMTw7Q.mp4,eating carrots,k400,0,32,224x224
5811,squat/soh5Xqxs0Nk.mp4,squat,k400,0,32,224x224
5812,punching bag/xh-5x8VbZc8.mp4,punching bag,k400,0,32,224x224
5813,counting money/4ftpbPf6JMA.mp4,counting money,k400,0,32,224x224
5814,motorcycling/bta31JYz0HU.mp4,motorcycling,k400,0,32,224x224
5815,washing hair/vfjVpUf-3Vw.mp4,washing hair,k400,0,32,224x224
5816,drop kicking/lebmE13wtzo.mp4,drop kicking,k400,0,32,224x224
5817,scuba diving/OkmNN8JZZ7o.mp4,scuba diving,k400,0,32,224x224
5818,shaking head/Fmk4DLj0YG0.mp4,shaking head,k400,0,32,224x224
5819,swimming backstroke/A7qpfzbpp64.mp4,swimming backstroke,k400,0,32,224x224
5820,side kick/dKrLQdNJEV0.mp4,side kick,k400,0,32,224x224
5821,playing harp/6dwuG8vEoaQ.mp4,playing harp,k400,0,32,224x224
5822,playing basketball/QrGTzzkdBbY.mp4,playing basketball,k400,0,32,224x224
5823,garbage collecting/lDjiSLgSatI.mp4,garbage collecting,k400,0,32,224x224
5824,playing trumpet/DOrG36yIxPU.mp4,playing trumpet,k400,0,32,224x224
5825,passing American football (not in game)/6UfA9LDSVk0.mp4,passing American football (not in game),k400,0,32,224x224
5826,playing paintball/igdvg1ulZAk.mp4,playing paintball,k400,0,32,224x224
5827,brushing teeth/NUQ4R5zJ4Zo.mp4,brushing teeth,k400,0,32,224x224
5828,washing hands/5P1uXPkes_8.mp4,washing hands,k400,0,32,224x224
5829,playing cello/LFtgMsmkQko.mp4,playing cello,k400,0,32,224x224
5830,playing badminton/XSOw_I9ZHBk.mp4,playing badminton,k400,0,32,224x224
5831,using remote controller (not gaming)/y3Y7HvsQ-8E.mp4,using remote controller (not gaming),k400,0,32,224x224
5832,driving tractor/qnklG_6CvAM.mp4,driving tractor,k400,0,32,224x224
5833,playing harmonica/4tOLx_0b-D8.mp4,playing harmonica,k400,0,32,224x224
5834,pushing cart/eYti6TVczWE.mp4,pushing cart,k400,0,32,224x224
5835,swimming backstroke/ng6VPQmRVVA.mp4,swimming backstroke,k400,0,32,224x224
5836,tai chi/ZlY-nJErM6k.mp4,tai chi,k400,0,32,224x224
5837,hula hooping/3yArI6VXPyA.mp4,hula hooping,k400,0,32,224x224
5838,crossing river/gRpJABiJK_Y.mp4,crossing river,k400,0,32,224x224
5839,washing hands/WFoJKlX5ImE.mp4,washing hands,k400,0,32,224x224
5840,smoking/KkHF7w8k1YU.mp4,smoking,k400,0,32,224x224
5841,trapezing/m-dauIZR7oU.mp4,trapezing,k400,0,32,224x224
5842,cleaning pool/o2958Gyiv_o.mp4,cleaning pool,k400,0,32,224x224
5843,skydiving/MayGtbZrUZA.mp4,skydiving,k400,0,32,224x224
5844,marching/60CvVlLoBAU.mp4,marching,k400,0,32,224x224
5845,driving car/RL2oAowHyGs.mp4,driving car,k400,0,32,224x224
5846,dancing gangnam style/a3DEfIHon-E.mp4,dancing gangnam style,k400,0,32,224x224
5847,high kick/0ytiGtRgoBc.mp4,high kick,k400,0,32,224x224
5848,skiing slalom/qjytDnXthVg.mp4,skiing slalom,k400,0,32,224x224
5849,making tea/wLZBagrepA8.mp4,making tea,k400,0,32,224x224
5850,hurling (sport)/U82Af4tzNnE.mp4,hurling (sport),k400,0,32,224x224
5851,swinging on something/pbbt3E1Xp8A.mp4,swinging on something,k400,0,32,224x224
5852,petting cat/aST6Bs27geU.mp4,petting cat,k400,0,32,224x224
5853,bowling/2phNrWXkOQ0.mp4,bowling,k400,0,32,224x224
5854,swimming backstroke/r38tqsGLi_E.mp4,swimming backstroke,k400,0,32,224x224
5855,bouncing on trampoline/NYjy0DhVUF4.mp4,bouncing on trampoline,k400,0,32,224x224
5856,sanding floor/lRghxvTpkoI.mp4,sanding floor,k400,0,32,224x224
5857,playing volleyball/1H56HZxXiOw.mp4,playing volleyball,k400,0,32,224x224
5858,playing squash or racquetball/_mupI51ie9A.mp4,playing squash or racquetball,k400,0,32,224x224
5859,side kick/hrl6TGS_0XQ.mp4,side kick,k400,0,32,224x224
5860,bouncing on trampoline/T-j7ALnHCec.mp4,bouncing on trampoline,k400,0,32,224x224
5861,capoeira/lx2-ealjpTc.mp4,capoeira,k400,0,32,224x224
5862,riding camel/iE3bDmtAOXw.mp4,riding camel,k400,0,32,224x224
5863,arm wrestling/aA52wn7N_f8.mp4,arm wrestling,k400,0,32,224x224
5864,pull ups/bJ7NeDvgJGM.mp4,pull ups,k400,0,32,224x224
5865,washing feet/yGbJbOdUPEI.mp4,washing feet,k400,0,32,224x224
5866,drop kicking/_HWV9475eZg.mp4,drop kicking,k400,0,32,224x224
5867,spinning poi/lOxXGTRwJSg.mp4,spinning poi,k400,0,32,224x224
5868,snowkiting/u19zHK9xOoU.mp4,snowkiting,k400,0,32,224x224
5869,making a sandwich/K8KN93WyXoU.mp4,making a sandwich,k400,0,32,224x224
5870,playing guitar/5ffvZlxbWGg.mp4,playing guitar,k400,0,32,224x224
5871,front raises/9qqzdztD0VM.mp4,front raises,k400,0,32,224x224
5872,country line dancing/CYOiDN_Ircs.mp4,country line dancing,k400,0,32,224x224
5873,walking the dog/jzIDaVmZ_sU.mp4,walking the dog,k400,0,32,224x224
5874,headbanging/vCG8p772V4g.mp4,headbanging,k400,0,32,224x224
5875,playing chess/DF_7gRarC3k.mp4,playing chess,k400,0,32,224x224
5876,spray painting/t9aeniGSa3M.mp4,spray painting,k400,0,32,224x224
5877,salsa dancing/a_1q5FfMNxc.mp4,salsa dancing,k400,0,32,224x224
5878,zumba/ywSoWrHKyUM.mp4,zumba,k400,0,32,224x224
5879,sharpening pencil/NVvpews_lmk.mp4,sharpening pencil,k400,0,32,224x224
5880,shoveling snow/NRMSpRIkbjc.mp4,shoveling snow,k400,0,32,224x224
5881,skiing (not slalom or crosscountry)/8Sz-1lSDv-I.mp4,skiing (not slalom or crosscountry),k400,0,32,224x224
5882,opening bottle/kdgJl1INEZg.mp4,opening bottle,k400,0,32,224x224
5883,snatch weight lifting/j33cKerOKiw.mp4,snatch weight lifting,k400,0,32,224x224
5884,tai chi/ySgYJOC1mu8.mp4,tai chi,k400,0,32,224x224
5885,smoking hookah/5mfm72xbN8Q.mp4,smoking hookah,k400,0,32,224x224
5886,contact juggling/3f8-LOed6sA.mp4,contact juggling,k400,0,32,224x224
5887,riding elephant/oipONYs15xw.mp4,riding elephant,k400,0,32,224x224
5888,pumping fist/16IAqOwMHkA.mp4,pumping fist,k400,0,32,224x224
5889,fixing hair/kgIk22yks0k.mp4,fixing hair,k400,0,32,224x224
5890,filling eyebrows/QKJlI70rA48.mp4,filling eyebrows,k400,0,32,224x224
5891,barbequing/ZOf2EeyTVuI.mp4,barbequing,k400,0,32,224x224
5892,punching person (boxing)/K85EFha5-Zs.mp4,punching person (boxing),k400,0,32,224x224
5893,robot dancing/Q663ls2_ye8.mp4,robot dancing,k400,0,32,224x224
5894,javelin throw/pXZzPr0YpIY.mp4,javelin throw,k400,0,32,224x224
5895,swinging legs/ZYzEcbgVWpQ.mp4,swinging legs,k400,0,32,224x224
5896,throwing ball/7xqRDAa1x4o.mp4,throwing ball,k400,0,32,224x224
5897,massaging legs/HpAvP-htcbY.mp4,massaging legs,k400,0,32,224x224
5898,folding napkins/DmDj0C_mLqM.mp4,folding napkins,k400,0,32,224x224
5899,bowling/ooNm8RsE45w.mp4,bowling,k400,0,32,224x224
5900,massaging feet/o9s6_AS7WWs.mp4,massaging feet,k400,0,32,224x224
5901,dancing macarena/jAdBY7lvqM8.mp4,dancing macarena,k400,0,32,224x224
5902,contact juggling/uvEo2EW96Hc.mp4,contact juggling,k400,0,32,224x224
5903,spinning poi/53W4gxjuD9Y.mp4,spinning poi,k400,0,32,224x224
5904,breading or breadcrumbing/rYR7UXTt2lM.mp4,breading or breadcrumbing,k400,0,32,224x224
5905,shooting basketball/kZ2B1kDL4no.mp4,shooting basketball,k400,0,32,224x224
5906,side kick/cFhlrUQ7X7o.mp4,side kick,k400,0,32,224x224
5907,yoga/FT4pcgrSz4w.mp4,yoga,k400,0,32,224x224
5908,playing cello/ZRWt4dry9to.mp4,playing cello,k400,0,32,224x224
5909,bench pressing/x5TQFXiaRxg.mp4,bench pressing,k400,0,32,224x224
5910,playing drums/ytuO7cGu51s.mp4,playing drums,k400,0,32,224x224
5911,finger snapping/ZR78f8xqJYI.mp4,finger snapping,k400,0,32,224x224
5912,windsurfing/ZVDC5XTN2RE.mp4,windsurfing,k400,0,32,224x224
5913,tap dancing/dwrxsO5Jk4w.mp4,tap dancing,k400,0,32,224x224
5914,situp/8eLQgnHTjNc.mp4,situp,k400,0,32,224x224
5915,headbanging/Nk6eyVDw9cY.mp4,headbanging,k400,0,32,224x224
5916,playing harp/jBLT8OHfZt0.mp4,playing harp,k400,0,32,224x224
5917,making snowman/7GYM1BrpbhM.mp4,making snowman,k400,0,32,224x224
5918,doing nails/ftnflucLOOU.mp4,doing nails,k400,0,32,224x224
5919,trimming trees/pUN6FB7tM_0.mp4,trimming trees,k400,0,32,224x224
5920,feeding goats/VzXPzmssgb0.mp4,feeding goats,k400,0,32,224x224
5921,shaving legs/PCC4ocNiqMc.mp4,shaving legs,k400,0,32,224x224
5922,playing recorder/fjC5TPSGzyE.mp4,playing recorder,k400,0,32,224x224
5923,walking the dog/PkD0zl1MgA8.mp4,walking the dog,k400,0,32,224x224
5924,hopscotch/h9HqIeLKVYQ.mp4,hopscotch,k400,0,32,224x224
5925,punching bag/bsY1uxDY2Ug.mp4,punching bag,k400,0,32,224x224
5926,massaging legs/tT1zwe0u6eY.mp4,massaging legs,k400,0,32,224x224
5927,tobogganing/8RC5eWzYdho.mp4,tobogganing,k400,0,32,224x224
5928,tapping pen/KpClkUPLeik.mp4,tapping pen,k400,0,32,224x224
5929,bouncing on trampoline/W8YLFYt1sHE.mp4,bouncing on trampoline,k400,0,32,224x224
5930,washing feet/7rlTN15KdHw.mp4,washing feet,k400,0,32,224x224
5931,curling hair/VTPS43-elCc.mp4,curling hair,k400,0,32,224x224
5932,folding napkins/pI0_ZylFe5w.mp4,folding napkins,k400,0,32,224x224
5933,eating carrots/em2Uv3zvVEk.mp4,eating carrots,k400,0,32,224x224
5934,chopping wood/R46Bt3ZFnrw.mp4,chopping wood,k400,0,32,224x224
5935,hammer throw/H1I7X3JfyDA.mp4,hammer throw,k400,0,32,224x224
5936,playing harmonica/pwx97yC_Bpw.mp4,playing harmonica,k400,0,32,224x224
5937,cooking sausages/3r3570nr97A.mp4,cooking sausages,k400,0,32,224x224
5938,planting trees/BV5Lo-2NWjQ.mp4,planting trees,k400,0,32,224x224
5939,knitting/zN7KKyM62g4.mp4,knitting,k400,0,32,224x224
5940,javelin throw/EWQoPlzplIA.mp4,javelin throw,k400,0,32,224x224
5941,country line dancing/HVxm6MYvFjg.mp4,country line dancing,k400,0,32,224x224
5942,deadlifting/6PHIH5ZT-Mg.mp4,deadlifting,k400,0,32,224x224
5943,washing hands/xxa2rN_uGco.mp4,washing hands,k400,0,32,224x224
5944,playing saxophone/gqvwHs0kX9c.mp4,playing saxophone,k400,0,32,224x224
5945,deadlifting/anEl0ddosaM.mp4,deadlifting,k400,0,32,224x224
5946,dancing gangnam style/G8os8GeaX2k.mp4,dancing gangnam style,k400,0,32,224x224
5947,brushing hair/mLztedYyY-0.mp4,brushing hair,k400,0,32,224x224
5948,capoeira/0s7WgsH62E8.mp4,capoeira,k400,0,32,224x224
5949,pushing wheelchair/zsGazDD17iQ.mp4,pushing wheelchair,k400,0,32,224x224
5950,dying hair/gOXkfTGXkuE.mp4,dying hair,k400,0,32,224x224
5951,juggling balls/YM0yAb9aQQA.mp4,juggling balls,k400,0,32,224x224
5952,waxing back/hsOMMfzwn5M.mp4,waxing back,k400,0,32,224x224
5953,push up/yKrfksh_LEk.mp4,push up,k400,0,32,224x224
5954,hitting baseball/OOsEDHp4I7A.mp4,hitting baseball,k400,0,32,224x224
5955,bowling/BKG-mkmusL0.mp4,bowling,k400,0,32,224x224
5956,blowing nose/4E0VCY_d8w8.mp4,blowing nose,k400,0,32,224x224
5957,playing keyboard/4kEZtRh79L8.mp4,playing keyboard,k400,0,32,224x224
5958,hugging/MNCzSfv4hX8.mp4,hugging,k400,0,32,224x224
5959,playing didgeridoo/ziBS_EMWELQ.mp4,playing didgeridoo,k400,0,32,224x224
5960,waiting in line/PBOAfjN-DrM.mp4,waiting in line,k400,0,32,224x224
5961,running on treadmill/JyjgnOomoiI.mp4,running on treadmill,k400,0,32,224x224
5962,skateboarding/lWn9waGgy5Q.mp4,skateboarding,k400,0,32,224x224
5963,petting cat/rV7-VAOMxx4.mp4,petting cat,k400,0,32,224x224
5964,front raises/i-WY9TsCo0g.mp4,front raises,k400,0,32,224x224
5965,ice skating/WHGeLHHjG8k.mp4,ice skating,k400,0,32,224x224
5966,snatch weight lifting/z2kBJ7_Mb6U.mp4,snatch weight lifting,k400,0,32,224x224
5967,using remote controller (not gaming)/leX8HBYBhaM.mp4,using remote controller (not gaming),k400,0,32,224x224
5968,ice skating/oH8dtxc79iw.mp4,ice skating,k400,0,32,224x224
5969,swimming backstroke/gxIjvs-UG9U.mp4,swimming backstroke,k400,0,32,224x224
5970,feeding birds/PiUXDYJZrn4.mp4,feeding birds,k400,0,32,224x224
5971,dunking basketball/16AzBUK3OhA.mp4,dunking basketball,k400,0,32,224x224
5972,catching or throwing frisbee/krH5bLS4nNg.mp4,catching or throwing frisbee,k400,0,32,224x224
5973,parkour/B9719Nn1RGs.mp4,parkour,k400,0,32,224x224
5974,crawling baby/3PAK61zpwg4.mp4,crawling baby,k400,0,32,224x224
5975,ice skating/WSP_AIM130o.mp4,ice skating,k400,0,32,224x224
5976,sharpening pencil/MeEjiumEl7w.mp4,sharpening pencil,k400,0,32,224x224
5977,somersaulting/-GLZZFXAjFI.mp4,somersaulting,k400,0,32,224x224
5978,stretching leg/89gmJ_SkKpE.mp4,stretching leg,k400,0,32,224x224
5979,playing guitar/kPZfVHAHjvc.mp4,playing guitar,k400,0,32,224x224
5980,playing guitar/IKu14CvhFqw.mp4,playing guitar,k400,0,32,224x224
5981,cooking sausages/gPurrL3zEbQ.mp4,cooking sausages,k400,0,32,224x224
5982,cooking chicken/7GE-5t2RjYU.mp4,cooking chicken,k400,0,32,224x224
5983,driving tractor/TVRq_B0Ylao.mp4,driving tractor,k400,0,32,224x224
5984,clapping/F7HFfeTOIhw.mp4,clapping,k400,0,32,224x224
5985,dancing charleston/pHPFPmlp45I.mp4,dancing charleston,k400,0,32,224x224
5986,waxing chest/19mwbUT5xt4.mp4,waxing chest,k400,0,32,224x224
5987,bowling/pPrHPy3IcTM.mp4,bowling,k400,0,32,224x224
5988,smoking hookah/wCRqcKvp6UE.mp4,smoking hookah,k400,0,32,224x224
5989,scrambling eggs/9M3EIyLcnV0.mp4,scrambling eggs,k400,0,32,224x224
5990,belly dancing/cro_EItX2Ck.mp4,belly dancing,k400,0,32,224x224
5991,shot put/5dapprOc3YE.mp4,shot put,k400,0,32,224x224
5992,eating ice cream/XgWZmZE9wtA.mp4,eating ice cream,k400,0,32,224x224
5993,high jump/PtOPYgaSkno.mp4,high jump,k400,0,32,224x224
5994,rock climbing/AinFhfvszHU.mp4,rock climbing,k400,0,32,224x224
5995,playing accordion/IN7WqyKWE_M.mp4,playing accordion,k400,0,32,224x224
5996,bowling/dSIzDFr0ZcY.mp4,bowling,k400,0,32,224x224
5997,parkour/wv9ITXkdjls.mp4,parkour,k400,0,32,224x224
5998,stretching leg/0RnftJozJAU.mp4,stretching leg,k400,0,32,224x224
5999,chopping wood/tgN2aQHVoAc.mp4,chopping wood,k400,0,32,224x224
6000,curling hair/9O1k9gtsA1U.mp4,curling hair,k400,0,32,224x224
6001,walking the dog/ULN2WaQ2xUg.mp4,walking the dog,k400,0,32,224x224
6002,country line dancing/w7VDI5GrPUE.mp4,country line dancing,k400,0,32,224x224
6003,belly dancing/sDfbe6_hjh0.mp4,belly dancing,k400,0,32,224x224
6004,flying kite/3bqoV8hs3mA.mp4,flying kite,k400,0,32,224x224
6005,cutting nails/iIMBKu9Qd9I.mp4,cutting nails,k400,0,32,224x224
6006,making sushi/CJO6F47-qb4.mp4,making sushi,k400,0,32,224x224
6007,playing harmonica/Q9ebwpsONqY.mp4,playing harmonica,k400,0,32,224x224
6008,playing trumpet/CEe81yrh9_4.mp4,playing trumpet,k400,0,32,224x224
6009,surfing crowd/PmgbIU7RqqU.mp4,surfing crowd,k400,0,32,224x224
6010,cleaning windows/poyAk7iNeFc.mp4,cleaning windows,k400,0,32,224x224
6011,hula hooping/LsUYk25pW5M.mp4,hula hooping,k400,0,32,224x224
6012,barbequing/95Eyp5L8Qbw.mp4,barbequing,k400,0,32,224x224
6013,busking/82lflEmR5GA.mp4,busking,k400,0,32,224x224
6014,snowkiting/c0E0crEkB9A.mp4,snowkiting,k400,0,32,224x224
6015,applauding/I8j_EP0Hhbk.mp4,applauding,k400,0,32,224x224
6016,crawling baby/yLfRh3kDj9M.mp4,crawling baby,k400,0,32,224x224
6017,flipping pancake/XZ9p8JYRUUA.mp4,flipping pancake,k400,0,32,224x224
6018,jetskiing/kyKQH_MJksw.mp4,jetskiing,k400,0,32,224x224
6019,changing oil/ngw5N2qYQis.mp4,changing oil,k400,0,32,224x224
6020,pull ups/6nLR_CMdSx4.mp4,pull ups,k400,0,32,224x224
6021,sticking tongue out/uGjCA2wcXy0.mp4,sticking tongue out,k400,0,32,224x224
6022,motorcycling/AtnE1Ze3cDI.mp4,motorcycling,k400,0,32,224x224
6023,marching/oYujIoIKVBw.mp4,marching,k400,0,32,224x224
6024,building shed/HKW9Ty4-g-8.mp4,building shed,k400,0,32,224x224
6025,shearing sheep/9oKB8a9tDGQ.mp4,shearing sheep,k400,0,32,224x224
6026,ski jumping/omK-z1FcgnE.mp4,ski jumping,k400,0,32,224x224
6027,zumba/1m_T0UIdMzw.mp4,zumba,k400,0,32,224x224
6028,dining/TkvknGYW2IQ.mp4,dining,k400,0,32,224x224
6029,catching or throwing baseball/TSpva3gNlpQ.mp4,catching or throwing baseball,k400,0,32,224x224
6030,smoking/-KmI1S3A9Rc.mp4,smoking,k400,0,32,224x224
6031,washing dishes/vfK7kJ-12DY.mp4,washing dishes,k400,0,32,224x224
6032,javelin throw/pdlWSWVKrjA.mp4,javelin throw,k400,0,32,224x224
6033,sticking tongue out/3Y0DrROoNT8.mp4,sticking tongue out,k400,0,32,224x224
6034,playing clarinet/AjkyRpTSDvk.mp4,playing clarinet,k400,0,32,224x224
6035,kicking soccer ball/wcbr5iQCs7o.mp4,kicking soccer ball,k400,0,32,224x224
6036,unboxing/RN7Sh7px_gI.mp4,unboxing,k400,0,32,224x224
6037,playing ukulele/_EPn8cZMALc.mp4,playing ukulele,k400,0,32,224x224
6038,slacklining/x6HUDJcsREk.mp4,slacklining,k400,0,32,224x224
6039,water skiing/oH1T9Ub1HDo.mp4,water skiing,k400,0,32,224x224
6040,playing harmonica/DlV1wZaU1OQ.mp4,playing harmonica,k400,0,32,224x224
6041,contact juggling/9jamB7owhR4.mp4,contact juggling,k400,0,32,224x224
6042,ripping paper/2hecxkR6nIQ.mp4,ripping paper,k400,0,32,224x224
6043,playing trumpet/kGxalCxklOQ.mp4,playing trumpet,k400,0,32,224x224
6044,riding a bike/v6RBtT8gRT8.mp4,riding a bike,k400,0,32,224x224
6045,barbequing/GBl3SL0NVGU.mp4,barbequing,k400,0,32,224x224
6046,eating chips/VSmYnfGRzeU.mp4,eating chips,k400,0,32,224x224
6047,picking fruit/sZbKvtOW7n0.mp4,picking fruit,k400,0,32,224x224
6048,playing saxophone/WPxLQojk8VY.mp4,playing saxophone,k400,0,32,224x224
6049,throwing axe/NHoR8EXwG-4.mp4,throwing axe,k400,0,32,224x224
6050,using computer/x-VTzs3kWPA.mp4,using computer,k400,0,32,224x224
6051,tying tie/Aly-fR-RRec.mp4,tying tie,k400,0,32,224x224
6052,playing volleyball/-Q7M8njFYnc.mp4,playing volleyball,k400,0,32,224x224
6053,faceplanting/maNBt4itG6M.mp4,faceplanting,k400,0,32,224x224
6054,finger snapping/TlIjP1kbI1I.mp4,finger snapping,k400,0,32,224x224
6055,washing dishes/1liCx76KPdw.mp4,washing dishes,k400,0,32,224x224
6056,tap dancing/eE2vS8DahRk.mp4,tap dancing,k400,0,32,224x224
6057,windsurfing/2mv5Cmu64fQ.mp4,windsurfing,k400,0,32,224x224
6058,hitting baseball/5K01ahGO--I.mp4,hitting baseball,k400,0,32,224x224
6059,tango dancing/g4TGPGTCgPY.mp4,tango dancing,k400,0,32,224x224
6060,braiding hair/oxGlaq_9yKo.mp4,braiding hair,k400,0,32,224x224
6061,exercising with an exercise ball/DUwC_9GPXQo.mp4,exercising with an exercise ball,k400,0,32,224x224
6062,skateboarding/q6Lv2YtcipI.mp4,skateboarding,k400,0,32,224x224
6063,sweeping floor/gO-mfrt7hYg.mp4,sweeping floor,k400,0,32,224x224
6064,flipping pancake/fYpADrF25MQ.mp4,flipping pancake,k400,0,32,224x224
6065,unboxing/a2voOpAgkL4.mp4,unboxing,k400,0,32,224x224
6066,kitesurfing/nzO8X4fKmVA.mp4,kitesurfing,k400,0,32,224x224
6067,snorkeling/Vq4ewl2b4t0.mp4,snorkeling,k400,0,32,224x224
6068,canoeing or kayaking/nuyxL900cK0.mp4,canoeing or kayaking,k400,0,32,224x224
6069,disc golfing/D8bVk7ZhYcc.mp4,disc golfing,k400,0,32,224x224
6070,playing controller/DBoZI9w-uCM.mp4,playing controller,k400,0,32,224x224
6071,playing ukulele/qS3PoT6liA0.mp4,playing ukulele,k400,0,32,224x224
6072,water sliding/5-erlyTZJY0.mp4,water sliding,k400,0,32,224x224
6073,unboxing/PatfBRtwGsA.mp4,unboxing,k400,0,32,224x224
6074,snatch weight lifting/YNUAL3ZXh5E.mp4,snatch weight lifting,k400,0,32,224x224
6075,playing didgeridoo/Lg7oYXzu1H4.mp4,playing didgeridoo,k400,0,32,224x224
6076,baking cookies/FreqqAT1YmU.mp4,baking cookies,k400,0,32,224x224
6077,roller skating/yW40zPGxdkw.mp4,roller skating,k400,0,32,224x224
6078,clay pottery making/Y3RVcdD0AMI.mp4,clay pottery making,k400,0,32,224x224
6079,playing guitar/gMmRHvme4kE.mp4,playing guitar,k400,0,32,224x224
6080,checking tires/wapXIrDBaGE.mp4,checking tires,k400,0,32,224x224
6081,playing clarinet/7tcF2Hfr4bY.mp4,playing clarinet,k400,0,32,224x224
6082,golf driving/qu0tyTSSEZY.mp4,golf driving,k400,0,32,224x224
6083,driving tractor/dqEeEe_ugaI.mp4,driving tractor,k400,0,32,224x224
6084,swinging on something/spG7Pw3KdMM.mp4,swinging on something,k400,0,32,224x224
6085,swimming backstroke/sVTy5ZwFbD0.mp4,swimming backstroke,k400,0,32,224x224
6086,riding or walking with horse/6SvSeZLZ5Ew.mp4,riding or walking with horse,k400,0,32,224x224
6087,hula hooping/_HB73wqUEmI.mp4,hula hooping,k400,0,32,224x224
6088,high jump/SKnvb3dtwRs.mp4,high jump,k400,0,32,224x224
6089,flipping pancake/GzLQgaXeXjE.mp4,flipping pancake,k400,0,32,224x224
6090,riding mountain bike/5umUYZc1pSE.mp4,riding mountain bike,k400,0,32,224x224
6091,peeling apples/ZHdeQ89E8KU.mp4,peeling apples,k400,0,32,224x224
6092,pushing cart/PPFRdhuZpKQ.mp4,pushing cart,k400,0,32,224x224
6093,making a cake/9szw7VlPbVo.mp4,making a cake,k400,0,32,224x224
6094,playing trombone/WsFIOg-Mb40.mp4,playing trombone,k400,0,32,224x224
6095,pole vault/3osNjmYjTGg.mp4,pole vault,k400,0,32,224x224
6096,clean and jerk/vlN4irpkdhs.mp4,clean and jerk,k400,0,32,224x224
6097,hurdling/KLDILijtO4Q.mp4,hurdling,k400,0,32,224x224
6098,snowboarding/2VBQCee7zvA.mp4,snowboarding,k400,0,32,224x224
6099,massaging person's head/xwQKHBBIDEA.mp4,massaging person's head,k400,0,32,224x224
6100,shining shoes/1prW-t1qDSE.mp4,shining shoes,k400,0,32,224x224
6101,passing American football (in game)/Z431EepMYcM.mp4,passing American football (in game),k400,0,32,224x224
6102,rock climbing/zc3s4RuGImc.mp4,rock climbing,k400,0,32,224x224
6103,tossing salad/NL1JuFgWp4I.mp4,tossing salad,k400,0,32,224x224
6104,shaving legs/PfqeF2QLe1I.mp4,shaving legs,k400,0,32,224x224
6105,dancing charleston/b7Qh4xJLNJc.mp4,dancing charleston,k400,0,32,224x224
6106,filling eyebrows/UiQGXvJuCAE.mp4,filling eyebrows,k400,0,32,224x224
6107,feeding fish/HkvwdnV4RtU.mp4,feeding fish,k400,0,32,224x224
6108,punching bag/D8m0Z6ZHh14.mp4,punching bag,k400,0,32,224x224
6109,assembling computer/RbKUNIkKFVY.mp4,assembling computer,k400,0,32,224x224
6110,bowling/p0gnGDMHr8Q.mp4,bowling,k400,0,32,224x224
6111,jogging/OdHCAtkub1s.mp4,jogging,k400,0,32,224x224
6112,opening bottle/BeZtHytYnAE.mp4,opening bottle,k400,0,32,224x224
6113,spray painting/cDNCBMCPWJA.mp4,spray painting,k400,0,32,224x224
6114,shearing sheep/OPLvVkoL30Y.mp4,shearing sheep,k400,0,32,224x224
6115,shearing sheep/dlLCvPxVAfg.mp4,shearing sheep,k400,0,32,224x224
6116,making a sandwich/c--jGgUwYXw.mp4,making a sandwich,k400,0,32,224x224
6117,playing kickball/mKTC986H3TY.mp4,playing kickball,k400,0,32,224x224
6118,feeding fish/3vERvI8OUu0.mp4,feeding fish,k400,0,32,224x224
6119,wrapping present/o4s-dZGZscw.mp4,wrapping present,k400,0,32,224x224
6120,sharpening knives/emXlFYl7ksA.mp4,sharpening knives,k400,0,32,224x224
6121,bandaging/Ty-59QyB76U.mp4,bandaging,k400,0,32,224x224
6122,snowkiting/k5oeoBc7Kro.mp4,snowkiting,k400,0,32,224x224
6123,singing/mlxiIwVyoYU.mp4,singing,k400,0,32,224x224
6124,mowing lawn/rWaYrEHUQow.mp4,mowing lawn,k400,0,32,224x224
6125,playing keyboard/F7x0ug4nl3Y.mp4,playing keyboard,k400,0,32,224x224
6126,javelin throw/1mlN8haHqng.mp4,javelin throw,k400,0,32,224x224
6127,golf chipping/vKThgKu6UMQ.mp4,golf chipping,k400,0,32,224x224
6128,surfing water/GRFg9FX2lZE.mp4,surfing water,k400,0,32,224x224
6129,planting trees/Er6RIHC5tYY.mp4,planting trees,k400,0,32,224x224
6130,celebrating/GFJX_0Fde6I.mp4,celebrating,k400,0,32,224x224
6131,abseiling/rscBFSNxRxE.mp4,abseiling,k400,0,32,224x224
6132,using computer/YL7kwKaxY9M.mp4,using computer,k400,0,32,224x224
6133,playing trumpet/rXw36Qg6N9s.mp4,playing trumpet,k400,0,32,224x224
6134,kicking soccer ball/ccg2baWNJJ8.mp4,kicking soccer ball,k400,0,32,224x224
6135,folding paper/UeHploOttnw.mp4,folding paper,k400,0,32,224x224
6136,cooking chicken/BeRd0bat6cc.mp4,cooking chicken,k400,0,32,224x224
6137,snowkiting/iyZOMhhB6i8.mp4,snowkiting,k400,0,32,224x224
6138,air drumming/JvqAqpzobFg.mp4,air drumming,k400,0,32,224x224
6139,feeding goats/QdGa3o52n9I.mp4,feeding goats,k400,0,32,224x224
6140,making a cake/p-soBwotd6M.mp4,making a cake,k400,0,32,224x224
6141,motorcycling/xaiN5vuiCWM.mp4,motorcycling,k400,0,32,224x224
6142,applying cream/mIi7ohDfOEE.mp4,applying cream,k400,0,32,224x224
6143,playing cello/TrNZA-hUuQY.mp4,playing cello,k400,0,32,224x224
6144,spinning poi/-pHEn_wiEa8.mp4,spinning poi,k400,0,32,224x224
6145,dying hair/CJI25uRmaf4.mp4,dying hair,k400,0,32,224x224
6146,capoeira/ExsKDCVBOts.mp4,capoeira,k400,0,32,224x224
6147,jumpstyle dancing/hLUT0COttZg.mp4,jumpstyle dancing,k400,0,32,224x224
6148,digging/DRdJHLsLGLc.mp4,digging,k400,0,32,224x224
6149,riding or walking with horse/_1AFDTCM8WY.mp4,riding or walking with horse,k400,0,32,224x224
6150,side kick/HoUs9O285PA.mp4,side kick,k400,0,32,224x224
6151,dancing ballet/InNxpWlKthY.mp4,dancing ballet,k400,0,32,224x224
6152,drinking/pFyU6SCDEqc.mp4,drinking,k400,0,32,224x224
6153,zumba/E2VhL8T82tQ.mp4,zumba,k400,0,32,224x224
6154,ripping paper/wbMTE7ZWMjA.mp4,ripping paper,k400,0,32,224x224
6155,fixing hair/kUqOOYMTIf4.mp4,fixing hair,k400,0,32,224x224
6156,kitesurfing/9WBl7HT08mo.mp4,kitesurfing,k400,0,32,224x224
6157,answering questions/Jt-ac6pstmM.mp4,answering questions,k400,0,32,224x224
6158,dining/YDlsNg1KSqw.mp4,dining,k400,0,32,224x224
6159,krumping/_HyUWanuOrI.mp4,krumping,k400,0,32,224x224
6160,playing squash or racquetball/rkWqd3oA_hc.mp4,playing squash or racquetball,k400,0,32,224x224
6161,shaving legs/YcVF4SZvUfc.mp4,shaving legs,k400,0,32,224x224
6162,riding or walking with horse/7ltWhdfYIrs.mp4,riding or walking with horse,k400,0,32,224x224
6163,windsurfing/stGGNJdak34.mp4,windsurfing,k400,0,32,224x224
6164,driving car/LMzG-ClFm_U.mp4,driving car,k400,0,32,224x224
6165,zumba/mNk0WDKpWa0.mp4,zumba,k400,0,32,224x224
6166,tying bow tie/CsiDC6wMEME.mp4,tying bow tie,k400,0,32,224x224
6167,jetskiing/k7WpoycDcAY.mp4,jetskiing,k400,0,32,224x224
6168,eating spaghetti/d2jCM6m9efE.mp4,eating spaghetti,k400,0,32,224x224
6169,capoeira/rRdPOiZVbMg.mp4,capoeira,k400,0,32,224x224
6170,trapezing/d54_dQQHHZY.mp4,trapezing,k400,0,32,224x224
6171,kicking field goal/jMMiIKoA7j8.mp4,kicking field goal,k400,0,32,224x224
6172,playing cymbals/YIWYOAOg5T0.mp4,playing cymbals,k400,0,32,224x224
6173,smoking/jo_j_NaIWFg.mp4,smoking,k400,0,32,224x224
6174,spraying/SbfNdS4WoD0.mp4,spraying,k400,0,32,224x224
6175,zumba/7_gEtxgwm80.mp4,zumba,k400,0,32,224x224
6176,playing squash or racquetball/enNBU6wN1nk.mp4,playing squash or racquetball,k400,0,32,224x224
6177,shooting goal (soccer)/7eo1Ag2xr2Y.mp4,shooting goal (soccer),k400,0,32,224x224
6178,high jump/TRkt3qrm2Uk.mp4,high jump,k400,0,32,224x224
6179,catching or throwing softball/1XXsuP3uACM.mp4,catching or throwing softball,k400,0,32,224x224
6180,scrambling eggs/I_TMsMSXhsM.mp4,scrambling eggs,k400,0,32,224x224
6181,lunge/Msh22THDcUI.mp4,lunge,k400,0,32,224x224
6182,barbequing/XZ-ut9Impas.mp4,barbequing,k400,0,32,224x224
6183,mowing lawn/wclRjpvYIzc.mp4,mowing lawn,k400,0,32,224x224
6184,archery/_ceSzRc_kEQ.mp4,archery,k400,0,32,224x224
6185,biking through snow/g2hlmyuL3Y4.mp4,biking through snow,k400,0,32,224x224
6186,testifying/RVxvvRBnhoo.mp4,testifying,k400,0,32,224x224
6187,belly dancing/vL-fglxTDUU.mp4,belly dancing,k400,0,32,224x224
6188,riding elephant/YwjDAMi_OLE.mp4,riding elephant,k400,0,32,224x224
6189,cleaning toilet/ObbXieyOZf8.mp4,cleaning toilet,k400,0,32,224x224
6190,crossing river/RjBD_ROPUPM.mp4,crossing river,k400,0,32,224x224
6191,frying vegetables/RyCJKLnT8JE.mp4,frying vegetables,k400,0,32,224x224
6192,barbequing/Tv8xgqV3ks4.mp4,barbequing,k400,0,32,224x224
6193,making pizza/uHNQJBpWxHI.mp4,making pizza,k400,0,32,224x224
6194,laying bricks/YXuHKeKZl-Q.mp4,laying bricks,k400,0,32,224x224
6195,washing feet/8pgU4vFUckc.mp4,washing feet,k400,0,32,224x224
6196,carving pumpkin/V3nhRqocznM.mp4,carving pumpkin,k400,0,32,224x224
6197,catching or throwing frisbee/R7E0omsmrt4.mp4,catching or throwing frisbee,k400,0,32,224x224
6198,bookbinding/hssXphlN-ko.mp4,bookbinding,k400,0,32,224x224
6199,making pizza/stQMFZwvxCU.mp4,making pizza,k400,0,32,224x224
6200,playing cards/g1z7CvJrNjQ.mp4,playing cards,k400,0,32,224x224
6201,triple jump/FDlFiY6s14s.mp4,triple jump,k400,0,32,224x224
6202,golf chipping/GB6c13FswuA.mp4,golf chipping,k400,0,32,224x224
6203,playing didgeridoo/CkxAhxjf0YQ.mp4,playing didgeridoo,k400,0,32,224x224
6204,dribbling basketball/B-Y_6VBAGIY.mp4,dribbling basketball,k400,0,32,224x224
6205,cleaning windows/JfJqo8BHcG0.mp4,cleaning windows,k400,0,32,224x224
6206,bending back/fkEDXeSGYgU.mp4,bending back,k400,0,32,224x224
6207,skateboarding/aDtQCzkCBqU.mp4,skateboarding,k400,0,32,224x224
6208,robot dancing/EleeUshu0A0.mp4,robot dancing,k400,0,32,224x224
6209,kicking field goal/wuzIZjYQpP8.mp4,kicking field goal,k400,0,32,224x224
6210,peeling apples/JssFXk6xO1g.mp4,peeling apples,k400,0,32,224x224
6211,pushing car/n-7kHn3wMm0.mp4,pushing car,k400,0,32,224x224
6212,singing/XbKmkmv_cJk.mp4,singing,k400,0,32,224x224
6213,fixing hair/EZ8xj3-KWYA.mp4,fixing hair,k400,0,32,224x224
6214,feeding birds/MPxrLKtiiJQ.mp4,feeding birds,k400,0,32,224x224
6215,cheerleading/9-482qof3jw.mp4,cheerleading,k400,0,32,224x224
6216,blasting sand/kbSNgvb2nLs.mp4,blasting sand,k400,0,32,224x224
6217,passing American football (in game)/AuCjn6PgEw8.mp4,passing American football (in game),k400,0,32,224x224
6218,playing harp/qU3JeaNTwVA.mp4,playing harp,k400,0,32,224x224
6219,filling eyebrows/VFaLa6BiPQc.mp4,filling eyebrows,k400,0,32,224x224
6220,catching or throwing frisbee/DOlF_AZ5jNc.mp4,catching or throwing frisbee,k400,0,32,224x224
6221,whistling/zzD1QRITVBk.mp4,whistling,k400,0,32,224x224
6222,roller skating/cCirdGjhQyQ.mp4,roller skating,k400,0,32,224x224
6223,crawling baby/RguUqvR1HY0.mp4,crawling baby,k400,0,32,224x224
6224,skipping rope/-OXoaXHN_7I.mp4,skipping rope,k400,0,32,224x224
6225,playing trumpet/E8OtWWFpzRI.mp4,playing trumpet,k400,0,32,224x224
6226,sharpening pencil/1Tg70pnYULU.mp4,sharpening pencil,k400,0,32,224x224
6227,singing/Jojljamx_4M.mp4,singing,k400,0,32,224x224
6228,dying hair/fDwUACyzIEQ.mp4,dying hair,k400,0,32,224x224
6229,brush painting/rCo0HDDL7_A.mp4,brush painting,k400,0,32,224x224
6230,clean and jerk/HyPfjlCdhoY.mp4,clean and jerk,k400,0,32,224x224
6231,dancing ballet/MWgtDDIR4uk.mp4,dancing ballet,k400,0,32,224x224
6232,playing cards/jXe8GoVXJJs.mp4,playing cards,k400,0,32,224x224
6233,tapping guitar/T_wlRbYONIg.mp4,tapping guitar,k400,0,32,224x224
6234,celebrating/x-3tqTjbU-M.mp4,celebrating,k400,0,32,224x224
6235,trimming trees/p2h2NrVgQsU.mp4,trimming trees,k400,0,32,224x224
6236,dancing macarena/Z2k6D2N__TQ.mp4,dancing macarena,k400,0,32,224x224
6237,dunking basketball/L40SD5Fzcu0.mp4,dunking basketball,k400,0,32,224x224
6238,jumping into pool/Xc3cT3pvTag.mp4,jumping into pool,k400,0,32,224x224
6239,cleaning windows/6_KNW4C6IOs.mp4,cleaning windows,k400,0,32,224x224
6240,driving car/Z9uJi416Ul0.mp4,driving car,k400,0,32,224x224
6241,playing bass guitar/QzmhrYx15_E.mp4,playing bass guitar,k400,0,32,224x224
6242,feeding fish/PO2bY8GcXck.mp4,feeding fish,k400,0,32,224x224
6243,playing clarinet/gTTLRReWORg.mp4,playing clarinet,k400,0,32,224x224
6244,making a cake/HW81J0AAbcM.mp4,making a cake,k400,0,32,224x224
6245,weaving basket/47osEtUGCs0.mp4,weaving basket,k400,0,32,224x224
6246,riding scooter/XQO2I9CNNwY.mp4,riding scooter,k400,0,32,224x224
6247,gymnastics tumbling/RZskeZE-ZRI.mp4,gymnastics tumbling,k400,0,32,224x224
6248,using computer/t-yxZDWDhf0.mp4,using computer,k400,0,32,224x224
6249,playing poker/sXRbMpSu924.mp4,playing poker,k400,0,32,224x224
6250,skiing (not slalom or crosscountry)/cnwLvrj6Xxg.mp4,skiing (not slalom or crosscountry),k400,0,32,224x224
6251,ski jumping/erN5W5RGjSg.mp4,ski jumping,k400,0,32,224x224
6252,front raises/huvKYzao90U.mp4,front raises,k400,0,32,224x224
6253,pushing car/EPkem-Pf4T4.mp4,pushing car,k400,0,32,224x224
6254,snowboarding/4ry88rIp7Z4.mp4,snowboarding,k400,0,32,224x224
6255,swing dancing/e59jfEesdWc.mp4,swing dancing,k400,0,32,224x224
6256,playing flute/jP2dL4A9V8M.mp4,playing flute,k400,0,32,224x224
6257,roller skating/EV_xNjHMKcM.mp4,roller skating,k400,0,32,224x224
6258,getting a haircut/otFqXgxywEg.mp4,getting a haircut,k400,0,32,224x224
6259,crawling baby/cRM0FQOFsKM.mp4,crawling baby,k400,0,32,224x224
6260,long jump/fTvcTWV57Ao.mp4,long jump,k400,0,32,224x224
6261,eating burger/oShuYtKOYNE.mp4,eating burger,k400,0,32,224x224
6262,strumming guitar/KZOSyaJSiKk.mp4,strumming guitar,k400,0,32,224x224
6263,singing/0L465xA6iI0.mp4,singing,k400,0,32,224x224
6264,shaving head/vaH-pWee4UI.mp4,shaving head,k400,0,32,224x224
6265,arranging flowers/qYXo4tWHepM.mp4,arranging flowers,k400,0,32,224x224
6266,sharpening knives/E3h0UHRsSQk.mp4,sharpening knives,k400,0,32,224x224
6267,opening present/_nYNQKIJkGY.mp4,opening present,k400,0,32,224x224
6268,spinning poi/u_oCDp_3PN4.mp4,spinning poi,k400,0,32,224x224
6269,hammer throw/mhGJaIGC7sE.mp4,hammer throw,k400,0,32,224x224
6270,cleaning floor/4YdhcA1E9b0.mp4,cleaning floor,k400,0,32,224x224
6271,breading or breadcrumbing/lETQjUTiwMw.mp4,breading or breadcrumbing,k400,0,32,224x224
6272,counting money/06FgcE0nW9s.mp4,counting money,k400,0,32,224x224
6273,blowing out candles/wrs1hRcWjbc.mp4,blowing out candles,k400,0,32,224x224
6274,waxing chest/Q9f37sIGylU.mp4,waxing chest,k400,0,32,224x224
6275,catching or throwing frisbee/HlI3iVVkg3c.mp4,catching or throwing frisbee,k400,0,32,224x224
6276,long jump/oxMrNFpbmh8.mp4,long jump,k400,0,32,224x224
6277,eating carrots/utTuLg2XcOw.mp4,eating carrots,k400,0,32,224x224
6278,jumping into pool/PS_gseKnOmg.mp4,jumping into pool,k400,0,32,224x224
6279,plastering/GM6I5paTmgE.mp4,plastering,k400,0,32,224x224
6280,bungee jumping/1zaAmJCvjjk.mp4,bungee jumping,k400,0,32,224x224
6281,driving tractor/m44rjjErCkM.mp4,driving tractor,k400,0,32,224x224
6282,flying kite/oT86ii42UAg.mp4,flying kite,k400,0,32,224x224
6283,busking/dTXb_eL5qCE.mp4,busking,k400,0,32,224x224
6284,motorcycling/wav0tXut25U.mp4,motorcycling,k400,0,32,224x224
6285,shot put/f04RqCdLV3Y.mp4,shot put,k400,0,32,224x224
6286,ripping paper/a9Rky8fdbyQ.mp4,ripping paper,k400,0,32,224x224
6287,shaving head/vaGX5uWhWVs.mp4,shaving head,k400,0,32,224x224
6288,playing harmonica/9emBZV_ns_0.mp4,playing harmonica,k400,0,32,224x224
6289,pole vault/PFypYhKkEYM.mp4,pole vault,k400,0,32,224x224
6290,blasting sand/SZyF6SUxHNs.mp4,blasting sand,k400,0,32,224x224
6291,cartwheeling/kY3LCDxy_-U.mp4,cartwheeling,k400,0,32,224x224
6292,knitting/-Wz-zo_EvuQ.mp4,knitting,k400,0,32,224x224
6293,changing oil/kLvw_MLJ2Gg.mp4,changing oil,k400,0,32,224x224
6294,playing piano/dN6vH_sV8U0.mp4,playing piano,k400,0,32,224x224
6295,arranging flowers/8Grm5THC-Lw.mp4,arranging flowers,k400,0,32,224x224
6296,somersaulting/fwzWKFjjr-Y.mp4,somersaulting,k400,0,32,224x224
6297,cartwheeling/8xqovRhLaJQ.mp4,cartwheeling,k400,0,32,224x224
6298,playing monopoly/zJ3mFG5ethM.mp4,playing monopoly,k400,0,32,224x224
6299,making pizza/XvandpZqEmE.mp4,making pizza,k400,0,32,224x224
6300,air drumming/CErkhE_nKZs.mp4,air drumming,k400,0,32,224x224
6301,getting a tattoo/9bcYqzyuDMU.mp4,getting a tattoo,k400,0,32,224x224
6302,high jump/6hGsL-Ioc88.mp4,high jump,k400,0,32,224x224
6303,cartwheeling/BFsc8oskTN0.mp4,cartwheeling,k400,0,32,224x224
6304,making pizza/mOiGC2JY94s.mp4,making pizza,k400,0,32,224x224
6305,swimming backstroke/E6LzSQfGVeM.mp4,swimming backstroke,k400,0,32,224x224
6306,drinking beer/6UihMjZSmYY.mp4,drinking beer,k400,0,32,224x224
6307,digging/fdl5gMBUWi8.mp4,digging,k400,0,32,224x224
6308,building shed/P5V29nUwoIw.mp4,building shed,k400,0,32,224x224
6309,riding or walking with horse/RCRIVE9-cjc.mp4,riding or walking with horse,k400,0,32,224x224
6310,golf driving/AgzkO-fQP54.mp4,golf driving,k400,0,32,224x224
6311,arm wrestling/JEUgHetOiq4.mp4,arm wrestling,k400,0,32,224x224
6312,pull ups/mtoeAYZo1Pg.mp4,pull ups,k400,0,32,224x224
6313,assembling computer/KWKCZaIxrX0.mp4,assembling computer,k400,0,32,224x224
6314,riding mountain bike/MPSEpQxbC3M.mp4,riding mountain bike,k400,0,32,224x224
6315,rock climbing/PaE6I9nMBCs.mp4,rock climbing,k400,0,32,224x224
6316,surfing water/JtsLh8656wE.mp4,surfing water,k400,0,32,224x224
6317,feeding birds/IUqeTUtnxig.mp4,feeding birds,k400,0,32,224x224
6318,swinging on something/sjhIJbmYcoE.mp4,swinging on something,k400,0,32,224x224
6319,washing dishes/9em9BhqG2kQ.mp4,washing dishes,k400,0,32,224x224
6320,golf chipping/TBAVO2byOyQ.mp4,golf chipping,k400,0,32,224x224
6321,playing didgeridoo/uL3qsvm_GEI.mp4,playing didgeridoo,k400,0,32,224x224
6322,petting animal (not cat)/bNqx4FwO6lw.mp4,petting animal (not cat),k400,0,32,224x224
6323,playing tennis/lUZn26f4Z7Q.mp4,playing tennis,k400,0,32,224x224
6324,kicking field goal/aNGNy_dEdr0.mp4,kicking field goal,k400,0,32,224x224
6325,playing trombone/LY2UepyExhM.mp4,playing trombone,k400,0,32,224x224
6326,playing cricket/1Vc4FkqJBkM.mp4,playing cricket,k400,0,32,224x224
6327,busking/YWDojj6XVYo.mp4,busking,k400,0,32,224x224
6328,carving pumpkin/VWYSTU8X0lg.mp4,carving pumpkin,k400,0,32,224x224
6329,smoking/7jss2WKmWQ8.mp4,smoking,k400,0,32,224x224
6330,marching/ucF391TBCM4.mp4,marching,k400,0,32,224x224
6331,texting/2FL0WUpBEmU.mp4,texting,k400,0,32,224x224
6332,golf driving/Z08f6msPR8s.mp4,golf driving,k400,0,32,224x224
6333,shaking hands/gld4u7-aEJ8.mp4,shaking hands,k400,0,32,224x224
6334,jumping into pool/GdD2sqBqV5E.mp4,jumping into pool,k400,0,32,224x224
6335,blowing out candles/eU4EamIOmCY.mp4,blowing out candles,k400,0,32,224x224
6336,catching or throwing frisbee/Kt5vlJefVVI.mp4,catching or throwing frisbee,k400,0,32,224x224
6337,drinking shots/9xWZ7NGDxbs.mp4,drinking shots,k400,0,32,224x224
6338,drumming fingers/7VI0TkzgM6Q.mp4,drumming fingers,k400,0,32,224x224
6339,belly dancing/M4LFe-TLFeY.mp4,belly dancing,k400,0,32,224x224
6340,setting table/wmKXzARbtUI.mp4,setting table,k400,0,32,224x224
6341,exercising with an exercise ball/wfjztwShDms.mp4,exercising with an exercise ball,k400,0,32,224x224
6342,country line dancing/4NXPv3urjeQ.mp4,country line dancing,k400,0,32,224x224
6343,deadlifting/wva8RPpwPic.mp4,deadlifting,k400,0,32,224x224
6344,high jump/yCS52bOcKTI.mp4,high jump,k400,0,32,224x224
6345,walking the dog/ARKIDycpUvo.mp4,walking the dog,k400,0,32,224x224
6346,shuffling cards/1d6SQQTn1m8.mp4,shuffling cards,k400,0,32,224x224
6347,snorkeling/UD4UKA9Hg0E.mp4,snorkeling,k400,0,32,224x224
6348,drinking/Lk8GQM6_ph4.mp4,drinking,k400,0,32,224x224
6349,robot dancing/EnXFSwrZqS8.mp4,robot dancing,k400,0,32,224x224
6350,long jump/AQAotN25nDM.mp4,long jump,k400,0,32,224x224
6351,folding napkins/vhi9DZzbhC0.mp4,folding napkins,k400,0,32,224x224
6352,yoga/X_ZdSE1uLu8.mp4,yoga,k400,0,32,224x224
6353,country line dancing/OKqNj7IUy6M.mp4,country line dancing,k400,0,32,224x224
6354,front raises/VyuH9oWRJZc.mp4,front raises,k400,0,32,224x224
6355,playing squash or racquetball/5j5_YV25cFA.mp4,playing squash or racquetball,k400,0,32,224x224
6356,cheerleading/swXZd37K4zU.mp4,cheerleading,k400,0,32,224x224
6357,bench pressing/8nbEQY9UxMk.mp4,bench pressing,k400,0,32,224x224
6358,answering questions/_EfhVLCy3Y4.mp4,answering questions,k400,0,32,224x224
6359,feeding fish/s8e7s3i1qRI.mp4,feeding fish,k400,0,32,224x224
6360,blowing out candles/hGkNBT2MYtk.mp4,blowing out candles,k400,0,32,224x224
6361,playing guitar/kGsK6sbZlsU.mp4,playing guitar,k400,0,32,224x224
6362,bookbinding/u_MxokgVZ0E.mp4,bookbinding,k400,0,32,224x224
6363,jetskiing/ksUOEgUyMlg.mp4,jetskiing,k400,0,32,224x224
6364,slapping/7k-81aeztCc.mp4,slapping,k400,0,32,224x224
6365,playing bass guitar/1HpX6u86da0.mp4,playing bass guitar,k400,0,32,224x224
6366,using computer/X9fQsiCCukk.mp4,using computer,k400,0,32,224x224
6367,smoking hookah/l7k-ySeYb68.mp4,smoking hookah,k400,0,32,224x224
6368,throwing axe/WiVNgwto-u8.mp4,throwing axe,k400,0,32,224x224
6369,snowboarding/lbtJMEc2naw.mp4,snowboarding,k400,0,32,224x224
6370,punching bag/GNFZu1nlJjQ.mp4,punching bag,k400,0,32,224x224
6371,curling hair/3BOAzM4C1YM.mp4,curling hair,k400,0,32,224x224
6372,picking fruit/JLB95ks6I7Q.mp4,picking fruit,k400,0,32,224x224
6373,snorkeling/1f1yZIBVc0w.mp4,snorkeling,k400,0,32,224x224
6374,building cabinet/qZsIAq5WETs.mp4,building cabinet,k400,0,32,224x224
6375,throwing discus/4lwKPNk48V4.mp4,throwing discus,k400,0,32,224x224
6376,cheerleading/SuHXcBF2rGU.mp4,cheerleading,k400,0,32,224x224
6377,playing flute/d6N9ea-02m8.mp4,playing flute,k400,0,32,224x224
6378,sailing/gYpWtH1vWw8.mp4,sailing,k400,0,32,224x224
6379,flying kite/Gcii_V44GEU.mp4,flying kite,k400,0,32,224x224
6380,skateboarding/4KhH5LKUhhY.mp4,skateboarding,k400,0,32,224x224
6381,bobsledding/ntxdEf-eiRI.mp4,bobsledding,k400,0,32,224x224
6382,dancing gangnam style/f6wVxpn-pvA.mp4,dancing gangnam style,k400,0,32,224x224
6383,making jewelry/otsow2c6HqI.mp4,making jewelry,k400,0,32,224x224
6384,getting a tattoo/-pOhuX7_wPo.mp4,getting a tattoo,k400,0,32,224x224
6385,kicking soccer ball/5cQsI2i4bDM.mp4,kicking soccer ball,k400,0,32,224x224
6386,making a sandwich/-sU7pxYaj70.mp4,making a sandwich,k400,0,32,224x224
6387,surfing water/tB-d7Mmju6w.mp4,surfing water,k400,0,32,224x224
6388,swimming backstroke/-cAfxH1WnPo.mp4,swimming backstroke,k400,0,32,224x224
6389,making pizza/pwElc2a7sL4.mp4,making pizza,k400,0,32,224x224
6390,cleaning floor/hplHrtc03cg.mp4,cleaning floor,k400,0,32,224x224
6391,hurling (sport)/Ms9uRBRyHAY.mp4,hurling (sport),k400,0,32,224x224
6392,smoking/t5I4RaQN_0c.mp4,smoking,k400,0,32,224x224
6393,tossing salad/ok6GurGLnQQ.mp4,tossing salad,k400,0,32,224x224
6394,playing squash or racquetball/MX1QYyBwMlY.mp4,playing squash or racquetball,k400,0,32,224x224
6395,headbutting/uRpFzl8xJVQ.mp4,headbutting,k400,0,32,224x224
6396,eating spaghetti/Z_I_G9xCDts.mp4,eating spaghetti,k400,0,32,224x224
6397,shoveling snow/JpR5jBNc_ro.mp4,shoveling snow,k400,0,32,224x224
6398,bookbinding/rsD__g-8T0Y.mp4,bookbinding,k400,0,32,224x224
6399,eating hotdog/k4-p_qH537U.mp4,eating hotdog,k400,0,32,224x224
6400,eating carrots/SlYE9XB-Xj8.mp4,eating carrots,k400,0,32,224x224
6401,washing hands/G7Y-bZ14j_k.mp4,washing hands,k400,0,32,224x224
6402,cleaning shoes/BhxNG7YqlcU.mp4,cleaning shoes,k400,0,32,224x224
6403,jumping into pool/ZNFIYVYyNGU.mp4,jumping into pool,k400,0,32,224x224
6404,capoeira/-xccz8S0qTE.mp4,capoeira,k400,0,32,224x224
6405,busking/-YGUR0HXgyE.mp4,busking,k400,0,32,224x224
6406,long jump/QIQRVy6m8mk.mp4,long jump,k400,0,32,224x224
6407,swimming backstroke/2yRXJAMONzE.mp4,swimming backstroke,k400,0,32,224x224
6408,pumping fist/FDhzuCp2BLY.mp4,pumping fist,k400,0,32,224x224
6409,throwing discus/sCJ3mynX0pk.mp4,throwing discus,k400,0,32,224x224
6410,welding/Mgp4J406rWM.mp4,welding,k400,0,32,224x224
6411,side kick/wvM6b1kMVXM.mp4,side kick,k400,0,32,224x224
6412,playing bagpipes/J2g4dlptK_A.mp4,playing bagpipes,k400,0,32,224x224
6413,sanding floor/Ez6OtSxjG-s.mp4,sanding floor,k400,0,32,224x224
6414,hula hooping/plbWVV2SuT0.mp4,hula hooping,k400,0,32,224x224
6415,beatboxing/tBLyAM4a44w.mp4,beatboxing,k400,0,32,224x224
6416,breakdancing/RUAWJc2OIJY.mp4,breakdancing,k400,0,32,224x224
6417,shot put/Pi5azTcS-gM.mp4,shot put,k400,0,32,224x224
6418,front raises/kuXm7ele8ZY.mp4,front raises,k400,0,32,224x224
6419,push up/kxv73he4kDU.mp4,push up,k400,0,32,224x224
6420,side kick/US7V3YQhHZc.mp4,side kick,k400,0,32,224x224
6421,brushing hair/h9-n5tWhmjM.mp4,brushing hair,k400,0,32,224x224
6422,scuba diving/mj3KtEMarL4.mp4,scuba diving,k400,0,32,224x224
6423,tapping guitar/yRv9HJDV7JM.mp4,tapping guitar,k400,0,32,224x224
6424,playing volleyball/jtUc_qYUegU.mp4,playing volleyball,k400,0,32,224x224
6425,laying bricks/2aUquW_xyYM.mp4,laying bricks,k400,0,32,224x224
6426,riding mechanical bull/VftRU5JKqtI.mp4,riding mechanical bull,k400,0,32,224x224
6427,hopscotch/CYBYEBwK5Jo.mp4,hopscotch,k400,0,32,224x224
6428,hockey stop/CyQ28KYmHm0.mp4,hockey stop,k400,0,32,224x224
6429,tai chi/Z-xP4fvrukM.mp4,tai chi,k400,0,32,224x224
6430,playing violin/C_omyzMJVd8.mp4,playing violin,k400,0,32,224x224
6431,chopping wood/SD8uq7cQFK0.mp4,chopping wood,k400,0,32,224x224
6432,massaging back/V-BBSPSxB2k.mp4,massaging back,k400,0,32,224x224
6433,catching or throwing softball/-31EYtlmnV8.mp4,catching or throwing softball,k400,0,32,224x224
6434,chopping wood/3AM3n4R80Rs.mp4,chopping wood,k400,0,32,224x224
6435,hammer throw/gS8au2xsR_s.mp4,hammer throw,k400,0,32,224x224
6436,changing oil/lSx3MKVMcgc.mp4,changing oil,k400,0,32,224x224
6437,building cabinet/klv0jzWD26w.mp4,building cabinet,k400,0,32,224x224
6438,salsa dancing/z0V3MHpv9DM.mp4,salsa dancing,k400,0,32,224x224
6439,playing cymbals/RWE2QHp66Gc.mp4,playing cymbals,k400,0,32,224x224
6440,playing cymbals/KW-_nE69atk.mp4,playing cymbals,k400,0,32,224x224
6441,folding paper/a9uMW6j48cU.mp4,folding paper,k400,0,32,224x224
6442,filling eyebrows/KvhhZ1LS6rk.mp4,filling eyebrows,k400,0,32,224x224
6443,decorating the christmas tree/RgQoCA1LWGg.mp4,decorating the christmas tree,k400,0,32,224x224
6444,playing guitar/da9lt-GMHrI.mp4,playing guitar,k400,0,32,224x224
6445,riding elephant/S5EOG86tt0E.mp4,riding elephant,k400,0,32,224x224
6446,playing bass guitar/TWTEoE1QWDQ.mp4,playing bass guitar,k400,0,32,224x224
6447,squat/8YzgL9BTpHs.mp4,squat,k400,0,32,224x224
6448,trapezing/9Gt4teqbejQ.mp4,trapezing,k400,0,32,224x224
6449,playing accordion/w9CGiNgTL0I.mp4,playing accordion,k400,0,32,224x224
6450,dancing ballet/KLxpuj85mRA.mp4,dancing ballet,k400,0,32,224x224
6451,playing harmonica/0MVU9SG3nZc.mp4,playing harmonica,k400,0,32,224x224
6452,squat/AfPkXoJM2sY.mp4,squat,k400,0,32,224x224
6453,driving car/sLdS5Oo5udE.mp4,driving car,k400,0,32,224x224
6454,wrestling/YsGuSkTWwfw.mp4,wrestling,k400,0,32,224x224
6455,feeding goats/WeWdijjPWfc.mp4,feeding goats,k400,0,32,224x224
6456,drinking shots/gfN2qk-Dhqo.mp4,drinking shots,k400,0,32,224x224
6457,ice skating/VwxEnplingQ.mp4,ice skating,k400,0,32,224x224
6458,shaving head/b8Cyih2Z2r8.mp4,shaving head,k400,0,32,224x224
6459,disc golfing/7tBVE2UGpnk.mp4,disc golfing,k400,0,32,224x224
6460,tap dancing/J8_1OkQSs8c.mp4,tap dancing,k400,0,32,224x224
6461,curling hair/9KNpBhtdea8.mp4,curling hair,k400,0,32,224x224
6462,riding scooter/_yCPAkQQKs4.mp4,riding scooter,k400,0,32,224x224
6463,high jump/lkeIvoBkKgI.mp4,high jump,k400,0,32,224x224
6464,water sliding/UFXBjwVk5Ck.mp4,water sliding,k400,0,32,224x224
6465,playing trombone/czh7vFs0Hj0.mp4,playing trombone,k400,0,32,224x224
6466,drop kicking/gRsYUwsfujs.mp4,drop kicking,k400,0,32,224x224
6467,spraying/uvy_Hgldbiw.mp4,spraying,k400,0,32,224x224
6468,playing monopoly/rZKfnq5whcs.mp4,playing monopoly,k400,0,32,224x224
6469,deadlifting/bN6trtkmBcc.mp4,deadlifting,k400,0,32,224x224
6470,skiing slalom/47mwc6xyQ3A.mp4,skiing slalom,k400,0,32,224x224
6471,playing guitar/4igvehYCc7U.mp4,playing guitar,k400,0,32,224x224
6472,windsurfing/FonFG0W0aVk.mp4,windsurfing,k400,0,32,224x224
6473,playing piano/QXDOyonqodQ.mp4,playing piano,k400,0,32,224x224
6474,building cabinet/9ZJqofmHnfo.mp4,building cabinet,k400,0,32,224x224
6475,mopping floor/oJW3bLeSSe0.mp4,mopping floor,k400,0,32,224x224
6476,knitting/GXgkizCzijg.mp4,knitting,k400,0,32,224x224
6477,bench pressing/fjImGRI0XnM.mp4,bench pressing,k400,0,32,224x224
6478,clean and jerk/vnc-Ye3HrbY.mp4,clean and jerk,k400,0,32,224x224
6479,riding mechanical bull/wlikTipWOu4.mp4,riding mechanical bull,k400,0,32,224x224
6480,carrying baby/kpRvuhcljIk.mp4,carrying baby,k400,0,32,224x224
6481,swimming breast stroke/HD7Y8OqeD3o.mp4,swimming breast stroke,k400,0,32,224x224
6482,air drumming/wRdzm2wRUA0.mp4,air drumming,k400,0,32,224x224
6483,playing cricket/xJmItJbOJCQ.mp4,playing cricket,k400,0,32,224x224
6484,getting a tattoo/Lh2qAQ7ORhs.mp4,getting a tattoo,k400,0,32,224x224
6485,watering plants/tz-oMGrP4xQ.mp4,watering plants,k400,0,32,224x224
6486,rock climbing/Ok3NkGsJTm8.mp4,rock climbing,k400,0,32,224x224
6487,climbing tree/aR1wRU59niw.mp4,climbing tree,k400,0,32,224x224
6488,playing cricket/mE_04Wq4yoU.mp4,playing cricket,k400,0,32,224x224
6489,making a cake/jm_W5baWUbc.mp4,making a cake,k400,0,32,224x224
6490,balloon blowing/C6mtuCia5K8.mp4,balloon blowing,k400,0,32,224x224
6491,playing cello/9xjoTpjHVYQ.mp4,playing cello,k400,0,32,224x224
6492,shaking hands/AGYXHK0K_ug.mp4,shaking hands,k400,0,32,224x224
6493,cleaning shoes/AZyxCZYXqzY.mp4,cleaning shoes,k400,0,32,224x224
6494,presenting weather forecast/XbGB2XSi5fU.mp4,presenting weather forecast,k400,0,32,224x224
6495,using remote controller (not gaming)/IHKW6_E2XfQ.mp4,using remote controller (not gaming),k400,0,32,224x224
6496,peeling potatoes/QgeqX3cWWRA.mp4,peeling potatoes,k400,0,32,224x224
6497,marching/qvURtCyJhF8.mp4,marching,k400,0,32,224x224
6498,playing saxophone/dGLPhbU6BNc.mp4,playing saxophone,k400,0,32,224x224
6499,news anchoring/GbUD-Xgeci4.mp4,news anchoring,k400,0,32,224x224
6500,exercising with an exercise ball/GKcaBZdPJUg.mp4,exercising with an exercise ball,k400,0,32,224x224
6501,eating carrots/z1aHTOclNfo.mp4,eating carrots,k400,0,32,224x224
6502,testifying/NKQesBlgw1Q.mp4,testifying,k400,0,32,224x224
6503,sled dog racing/DulTaIRjP4Y.mp4,sled dog racing,k400,0,32,224x224
6504,singing/mlymRPhBUuY.mp4,singing,k400,0,32,224x224
6505,waxing chest/c9Wwv8shc3s.mp4,waxing chest,k400,0,32,224x224
6506,playing harmonica/fWDa7cPS5G0.mp4,playing harmonica,k400,0,32,224x224
6507,barbequing/s4CWrzyU1qs.mp4,barbequing,k400,0,32,224x224
6508,reading book/3HSwM_TPUYQ.mp4,reading book,k400,0,32,224x224
6509,skiing (not slalom or crosscountry)/5xMztaETuwI.mp4,skiing (not slalom or crosscountry),k400,0,32,224x224
6510,playing harp/zmtrhCBJBxA.mp4,playing harp,k400,0,32,224x224
6511,chopping wood/Xfu6WQuFEks.mp4,chopping wood,k400,0,32,224x224
6512,passing American football (in game)/CegYZ0sCozg.mp4,passing American football (in game),k400,0,32,224x224
6513,playing saxophone/kd26x5fL46U.mp4,playing saxophone,k400,0,32,224x224
6514,swimming backstroke/V1klz9-F2to.mp4,swimming backstroke,k400,0,32,224x224
6515,beatboxing/XxrVl4OU2Kw.mp4,beatboxing,k400,0,32,224x224
6516,braiding hair/_NG3ux8tsp8.mp4,braiding hair,k400,0,32,224x224
6517,playing harp/qT8n9-oNqvA.mp4,playing harp,k400,0,32,224x224
6518,busking/BjyU9b01bc4.mp4,busking,k400,0,32,224x224
6519,archery/M6Fv2pTrOz8.mp4,archery,k400,0,32,224x224
6520,jumping into pool/rpAD5_70wQo.mp4,jumping into pool,k400,0,32,224x224
6521,waxing eyebrows/j0ujaQImrmE.mp4,waxing eyebrows,k400,0,32,224x224
6522,swimming breast stroke/-EtzU3Qj7gQ.mp4,swimming breast stroke,k400,0,32,224x224
6523,busking/N4HhTI9HrKE.mp4,busking,k400,0,32,224x224
6524,headbanging/_RMz_E9lAWU.mp4,headbanging,k400,0,32,224x224
6525,unloading truck/Yx-E2ztGJgE.mp4,unloading truck,k400,0,32,224x224
6526,arm wrestling/Ya4LhLViNO0.mp4,arm wrestling,k400,0,32,224x224
6527,playing cricket/wMD3Ykeacb0.mp4,playing cricket,k400,0,32,224x224
6528,shaving head/mHUzZXxU0FE.mp4,shaving head,k400,0,32,224x224
6529,hurdling/uaETbJAKxnk.mp4,hurdling,k400,0,32,224x224
6530,canoeing or kayaking/pWPE3g-pUtA.mp4,canoeing or kayaking,k400,0,32,224x224
6531,presenting weather forecast/FsZzrw72Kwo.mp4,presenting weather forecast,k400,0,32,224x224
6532,shoveling snow/T-EH4nHV5w8.mp4,shoveling snow,k400,0,32,224x224
6533,pumping fist/aydXZDGkYG8.mp4,pumping fist,k400,0,32,224x224
6534,driving tractor/cip8KDBFlxI.mp4,driving tractor,k400,0,32,224x224
6535,playing recorder/onnkk2tlhvA.mp4,playing recorder,k400,0,32,224x224
6536,making pizza/uHCI4QH-gk0.mp4,making pizza,k400,0,32,224x224
6537,doing nails/2o2_eQMUUUg.mp4,doing nails,k400,0,32,224x224
6538,sailing/8VGWER56su4.mp4,sailing,k400,0,32,224x224
6539,eating spaghetti/TxBWksxrL7I.mp4,eating spaghetti,k400,0,32,224x224
6540,paragliding/dpL4zuR1cuk.mp4,paragliding,k400,0,32,224x224
6541,tossing salad/GzzOdzTIz5s.mp4,tossing salad,k400,0,32,224x224
6542,punching person (boxing)/wcpnaq3A9ck.mp4,punching person (boxing),k400,0,32,224x224
6543,jumping into pool/yVWjsj6Mqiw.mp4,jumping into pool,k400,0,32,224x224
6544,spray painting/OlUjNPnzIZ4.mp4,spray painting,k400,0,32,224x224
6545,jumping into pool/pH7FAmr-58Y.mp4,jumping into pool,k400,0,32,224x224
6546,ice fishing/BS8TWF-XVXg.mp4,ice fishing,k400,0,32,224x224
6547,ice fishing/zL7owzAfkrQ.mp4,ice fishing,k400,0,32,224x224
6548,golf driving/_G80meg8ivI.mp4,golf driving,k400,0,32,224x224
6549,singing/h0JFwlgjYJ0.mp4,singing,k400,0,32,224x224
6550,braiding hair/FRAepnVgW4E.mp4,braiding hair,k400,0,32,224x224
6551,catching or throwing softball/wwOFmHm_3ZY.mp4,catching or throwing softball,k400,0,32,224x224
6552,garbage collecting/ZWd-lIxyUPk.mp4,garbage collecting,k400,0,32,224x224
6553,situp/1t5-ldt9oe4.mp4,situp,k400,0,32,224x224
6554,braiding hair/MGRaCZVuaiE.mp4,braiding hair,k400,0,32,224x224
6555,taking a shower/uDOItRR7SHU.mp4,taking a shower,k400,0,32,224x224
6556,jogging/uaLyTIzwmGI.mp4,jogging,k400,0,32,224x224
6557,hitting baseball/qaNv3a_d288.mp4,hitting baseball,k400,0,32,224x224
6558,clapping/XtI_sB0Dq0o.mp4,clapping,k400,0,32,224x224
6559,cutting pineapple/7f-DtONd58g.mp4,cutting pineapple,k400,0,32,224x224
6560,changing oil/U8w1CQR7Fek.mp4,changing oil,k400,0,32,224x224
6561,massaging back/7BXh-YsGa50.mp4,massaging back,k400,0,32,224x224
6562,petting cat/LlF2UbaOU0Y.mp4,petting cat,k400,0,32,224x224
6563,sailing/FVJ7Xs-3oC8.mp4,sailing,k400,0,32,224x224
6564,archery/l0mFD_9mupo.mp4,archery,k400,0,32,224x224
6565,deadlifting/ox622UIZuO4.mp4,deadlifting,k400,0,32,224x224
6566,playing kickball/Fs0qxTlGQWE.mp4,playing kickball,k400,0,32,224x224
6567,cutting nails/FuVDNyrMXeQ.mp4,cutting nails,k400,0,32,224x224
6568,parasailing/lrcXutdOjxg.mp4,parasailing,k400,0,32,224x224
6569,holding snake/KueBMyrVFtw.mp4,holding snake,k400,0,32,224x224
6570,headbanging/3D_4qVXUxvg.mp4,headbanging,k400,0,32,224x224
6571,motorcycling/_7tTTz7IZYU.mp4,motorcycling,k400,0,32,224x224
6572,long jump/eFtVxwUbZ74.mp4,long jump,k400,0,32,224x224
6573,drop kicking/luUlqDJ1kpk.mp4,drop kicking,k400,0,32,224x224
6574,high kick/SUX3WYLPKkQ.mp4,high kick,k400,0,32,224x224
6575,trimming or shaving beard/Yz7Ki--Xc2U.mp4,trimming or shaving beard,k400,0,32,224x224
6576,doing aerobics/cpMDvqouKWE.mp4,doing aerobics,k400,0,32,224x224
6577,jetskiing/WicIRyhjKd8.mp4,jetskiing,k400,0,32,224x224
6578,marching/bwnA9c6Q2vA.mp4,marching,k400,0,32,224x224
6579,rock scissors paper/X2YoqkH4f2Q.mp4,rock scissors paper,k400,0,32,224x224
6580,pull ups/YZHUgis4Dmk.mp4,pull ups,k400,0,32,224x224
6581,bungee jumping/Gw5FCwuOhn4.mp4,bungee jumping,k400,0,32,224x224
6582,drawing/fzoj-MBgEeE.mp4,drawing,k400,0,32,224x224
6583,brushing hair/EgvDF2dUx_g.mp4,brushing hair,k400,0,32,224x224
6584,climbing tree/mzL920p4Hjw.mp4,climbing tree,k400,0,32,224x224
6585,playing guitar/bktGfisRNUo.mp4,playing guitar,k400,0,32,224x224
6586,playing violin/nDhTqfzPSJw.mp4,playing violin,k400,0,32,224x224
6587,reading book/f1Cy61YjUOs.mp4,reading book,k400,0,32,224x224
6588,front raises/lE23UUTTtjc.mp4,front raises,k400,0,32,224x224
6589,gargling/c5LSqCQQlS0.mp4,gargling,k400,0,32,224x224
6590,playing harp/p547Ow_iZk4.mp4,playing harp,k400,0,32,224x224
6591,brushing teeth/gRzVNfBGulA.mp4,brushing teeth,k400,0,32,224x224
6592,bench pressing/q82M1_lpJ7U.mp4,bench pressing,k400,0,32,224x224
6593,contact juggling/uuchpEpJ2Sk.mp4,contact juggling,k400,0,32,224x224
6594,climbing tree/yH8aR-yIsN4.mp4,climbing tree,k400,0,32,224x224
6595,tobogganing/oMAsOd2LY7k.mp4,tobogganing,k400,0,32,224x224
6596,celebrating/gF5L8C_JT5o.mp4,celebrating,k400,0,32,224x224
6597,swimming backstroke/uwCTDjfzB88.mp4,swimming backstroke,k400,0,32,224x224
6598,busking/PprSXKAYVrA.mp4,busking,k400,0,32,224x224
6599,bee keeping/j7EK4K5-PLU.mp4,bee keeping,k400,0,32,224x224
6600,golf putting/AvloIwoj1tI.mp4,golf putting,k400,0,32,224x224
6601,skiing (not slalom or crosscountry)/aSTQRG0mlPI.mp4,skiing (not slalom or crosscountry),k400,0,32,224x224
6602,tying tie/jt16p1Oj1DM.mp4,tying tie,k400,0,32,224x224
6603,playing recorder/ulczwCu1ED8.mp4,playing recorder,k400,0,32,224x224
6604,pole vault/J6vJkEmlcq8.mp4,pole vault,k400,0,32,224x224
6605,shaving head/8Owqpj-ceus.mp4,shaving head,k400,0,32,224x224
6606,pumping fist/vtRaw974fEQ.mp4,pumping fist,k400,0,32,224x224
6607,blowing out candles/jb2oTHWUE40.mp4,blowing out candles,k400,0,32,224x224
6608,paragliding/brWpMhiVuVI.mp4,paragliding,k400,0,32,224x224
6609,golf driving/Aq5wADwnPCw.mp4,golf driving,k400,0,32,224x224
6610,weaving basket/NvaIZlHvN_M.mp4,weaving basket,k400,0,32,224x224
6611,tasting beer/hFxTV4fHy8Q.mp4,tasting beer,k400,0,32,224x224
6612,skiing (not slalom or crosscountry)/bq2r_Y2WHq4.mp4,skiing (not slalom or crosscountry),k400,0,32,224x224
6613,playing ice hockey/7P6VhjNoyoU.mp4,playing ice hockey,k400,0,32,224x224
6614,writing/XLs_vTuln5w.mp4,writing,k400,0,32,224x224
6615,running on treadmill/gV0fddCt4MY.mp4,running on treadmill,k400,0,32,224x224
6616,cleaning shoes/IcJfLl64usY.mp4,cleaning shoes,k400,0,32,224x224
6617,playing xylophone/NI1Nl3t6z_g.mp4,playing xylophone,k400,0,32,224x224
6618,tango dancing/veakPcBT78s.mp4,tango dancing,k400,0,32,224x224
6619,presenting weather forecast/dZ3V7RhLeSE.mp4,presenting weather forecast,k400,0,32,224x224
6620,reading book/f1Cg_661zTg.mp4,reading book,k400,0,32,224x224
6621,crossing river/yiPQr8Lt_xg.mp4,crossing river,k400,0,32,224x224
6622,filling eyebrows/LYUfbRXLZd8.mp4,filling eyebrows,k400,0,32,224x224
6623,playing tennis/FZVIxsv8lh4.mp4,playing tennis,k400,0,32,224x224
6624,mowing lawn/mMZDm6QQQY4.mp4,mowing lawn,k400,0,32,224x224
6625,celebrating/0GsGiBHqm58.mp4,celebrating,k400,0,32,224x224
6626,massaging legs/cILhAkmDYiY.mp4,massaging legs,k400,0,32,224x224
6627,shuffling cards/swA5igkOdvo.mp4,shuffling cards,k400,0,32,224x224
6628,playing harp/lfvPxPx1Hfg.mp4,playing harp,k400,0,32,224x224
6629,playing ukulele/A45mQIRW1Qg.mp4,playing ukulele,k400,0,32,224x224
6630,shredding paper/XDlxjvSzOAg.mp4,shredding paper,k400,0,32,224x224
6631,golf chipping/EO0RvgdcZak.mp4,golf chipping,k400,0,32,224x224
6632,squat/hyqI0cT5BFA.mp4,squat,k400,0,32,224x224
6633,catching or throwing softball/DGQnvJfkdhA.mp4,catching or throwing softball,k400,0,32,224x224
6634,filling eyebrows/KKNXzCRT7Gw.mp4,filling eyebrows,k400,0,32,224x224
6635,dining/G8c3uNWMbxE.mp4,dining,k400,0,32,224x224
6636,playing drums/qOuKFMUnsCo.mp4,playing drums,k400,0,32,224x224
6637,cleaning windows/uZHVyCt-oJc.mp4,cleaning windows,k400,0,32,224x224
6638,shaking head/XQjbEmVFXLs.mp4,shaking head,k400,0,32,224x224
6639,yawning/q15_ld_rb0s.mp4,yawning,k400,0,32,224x224
6640,kitesurfing/ukLqpkvBbjc.mp4,kitesurfing,k400,0,32,224x224
6641,ski jumping/1bHwP-D0AHQ.mp4,ski jumping,k400,0,32,224x224
6642,trimming trees/EjGitDsicNs.mp4,trimming trees,k400,0,32,224x224
6643,bobsledding/4yLRgqzU6G4.mp4,bobsledding,k400,0,32,224x224
6644,pushing car/Mf2T8KO-AiU.mp4,pushing car,k400,0,32,224x224
6645,rock climbing/BURgIr1QyEw.mp4,rock climbing,k400,0,32,224x224
6646,tai chi/FaZsGvtolfw.mp4,tai chi,k400,0,32,224x224
6647,swinging on something/QNqTtGmX6dQ.mp4,swinging on something,k400,0,32,224x224
6648,capoeira/UvUkGY98fZM.mp4,capoeira,k400,0,32,224x224
6649,breakdancing/0EI804x_Qe0.mp4,breakdancing,k400,0,32,224x224
6650,tossing salad/TtrDWeSW3mg.mp4,tossing salad,k400,0,32,224x224
6651,vault/RjhvE1ugs1k.mp4,vault,k400,0,32,224x224
6652,throwing axe/P8MSSzgRBmc.mp4,throwing axe,k400,0,32,224x224
6653,busking/uxoR37cBF_g.mp4,busking,k400,0,32,224x224
6654,snatch weight lifting/T2C-E3nEn1M.mp4,snatch weight lifting,k400,0,32,224x224
6655,riding a bike/-TdSou0hyEM.mp4,riding a bike,k400,0,32,224x224
6656,grinding meat/6SU1P-ehJYU.mp4,grinding meat,k400,0,32,224x224
6657,feeding birds/PzrJ1bkLPQw.mp4,feeding birds,k400,0,32,224x224
6658,walking the dog/Mznd0RUA_Zc.mp4,walking the dog,k400,0,32,224x224
6659,playing didgeridoo/VVRsy2SjqCA.mp4,playing didgeridoo,k400,0,32,224x224
6660,swimming butterfly stroke/VlOBFVFsyuM.mp4,swimming butterfly stroke,k400,0,32,224x224
6661,bartending/TfkMPlXX-iQ.mp4,bartending,k400,0,32,224x224
6662,bowling/eTrDECkgVSI.mp4,bowling,k400,0,32,224x224
6663,playing basketball/0cqUmlmR1Hk.mp4,playing basketball,k400,0,32,224x224
6664,sweeping floor/7vp-Hceoo9E.mp4,sweeping floor,k400,0,32,224x224
6665,hurling (sport)/yl3VizFzrso.mp4,hurling (sport),k400,0,32,224x224
6666,playing bass guitar/L0pK2X3jVCk.mp4,playing bass guitar,k400,0,32,224x224
6667,blowing glass/1M1ObYqXegk.mp4,blowing glass,k400,0,32,224x224
6668,cooking sausages/4HXkM2akSAw.mp4,cooking sausages,k400,0,32,224x224
6669,gymnastics tumbling/yK7-XFK396o.mp4,gymnastics tumbling,k400,0,32,224x224
6670,carving pumpkin/rTUjPNOIDoA.mp4,carving pumpkin,k400,0,32,224x224
6671,jumping into pool/01XzcVN3kzg.mp4,jumping into pool,k400,0,32,224x224
6672,catching or throwing frisbee/V_MF3Z65v6g.mp4,catching or throwing frisbee,k400,0,32,224x224
6673,swimming butterfly stroke/MCDQm6sWpCY.mp4,swimming butterfly stroke,k400,0,32,224x224
6674,motorcycling/jNhfzLlUgxk.mp4,motorcycling,k400,0,32,224x224
6675,playing ukulele/U2HGi973484.mp4,playing ukulele,k400,0,32,224x224
6676,news anchoring/is8NXl2Tv-8.mp4,news anchoring,k400,0,32,224x224
6677,paragliding/brd3ak3CidM.mp4,paragliding,k400,0,32,224x224
6678,cheerleading/xPShV9povyA.mp4,cheerleading,k400,0,32,224x224
6679,riding unicycle/ag49Eu3EURw.mp4,riding unicycle,k400,0,32,224x224
6680,side kick/WJJbBCetdoI.mp4,side kick,k400,0,32,224x224
6681,driving car/87aaf8S1iuM.mp4,driving car,k400,0,32,224x224
6682,zumba/OFr1Ao5QLyI.mp4,zumba,k400,0,32,224x224
6683,waxing chest/nz4vR8IA0rk.mp4,waxing chest,k400,0,32,224x224
6684,playing harmonica/nz4NAN9aL08.mp4,playing harmonica,k400,0,32,224x224
6685,drawing/CtSExRlu3kQ.mp4,drawing,k400,0,32,224x224
6686,smoking/6WwB_-Q4_W4.mp4,smoking,k400,0,32,224x224
6687,breading or breadcrumbing/PQpIHu1d41M.mp4,breading or breadcrumbing,k400,0,32,224x224
6688,breakdancing/tWPBC5Su-CQ.mp4,breakdancing,k400,0,32,224x224
6689,playing bass guitar/QjEShHP7RPg.mp4,playing bass guitar,k400,0,32,224x224
6690,parasailing/idSYVcWc6TQ.mp4,parasailing,k400,0,32,224x224
6691,eating cake/6krwfVFg1k0.mp4,eating cake,k400,0,32,224x224
6692,playing xylophone/vlb9pCkcP2o.mp4,playing xylophone,k400,0,32,224x224
6693,spinning poi/9lCApDddOFE.mp4,spinning poi,k400,0,32,224x224
6694,doing laundry/fXFzf-W1Upo.mp4,doing laundry,k400,0,32,224x224
6695,sticking tongue out/GRd8n3k7p-A.mp4,sticking tongue out,k400,0,32,224x224
6696,blowing nose/lM7kHgmtKzg.mp4,blowing nose,k400,0,32,224x224
6697,catching or throwing softball/Y0DKCRZkPQ0.mp4,catching or throwing softball,k400,0,32,224x224
6698,smoking hookah/FBU0j20u4C4.mp4,smoking hookah,k400,0,32,224x224
6699,tap dancing/QN-WapegB_I.mp4,tap dancing,k400,0,32,224x224
6700,presenting weather forecast/aFNhcy3zaU0.mp4,presenting weather forecast,k400,0,32,224x224
6701,making pizza/_wLE2MIZSkk.mp4,making pizza,k400,0,32,224x224
6702,reading newspaper/DSALzpAG4Ig.mp4,reading newspaper,k400,0,32,224x224
6703,ironing/xXIibqKmX5E.mp4,ironing,k400,0,32,224x224
6704,smoking/It13YdlCkO8.mp4,smoking,k400,0,32,224x224
6705,shot put/yPe0UOAXmvg.mp4,shot put,k400,0,32,224x224
6706,hitting baseball/1WoFLhEURtY.mp4,hitting baseball,k400,0,32,224x224
6707,climbing ladder/7Ro0-QCHYPs.mp4,climbing ladder,k400,0,32,224x224
6708,playing squash or racquetball/b39hqdpOn7k.mp4,playing squash or racquetball,k400,0,32,224x224
6709,riding mechanical bull/ZnlFOva-BHM.mp4,riding mechanical bull,k400,0,32,224x224
6710,playing bagpipes/wQLeZTM_TfQ.mp4,playing bagpipes,k400,0,32,224x224
6711,tobogganing/cS6FeJGsd4I.mp4,tobogganing,k400,0,32,224x224
6712,golf putting/ppru8vGAB4c.mp4,golf putting,k400,0,32,224x224
6713,catching fish/UTUjO6dA628.mp4,catching fish,k400,0,32,224x224
6714,country line dancing/c6RTkP6-xO0.mp4,country line dancing,k400,0,32,224x224
6715,drop kicking/nVfrN8Id9Lk.mp4,drop kicking,k400,0,32,224x224
6716,rock climbing/zIdP3quV36I.mp4,rock climbing,k400,0,32,224x224
6717,sticking tongue out/6G1LLjiCU0Q.mp4,sticking tongue out,k400,0,32,224x224
6718,playing saxophone/GgxPZD_022U.mp4,playing saxophone,k400,0,32,224x224
6719,walking the dog/97Y5HZe0jr8.mp4,walking the dog,k400,0,32,224x224
6720,eating chips/y5a1Dgkr1iI.mp4,eating chips,k400,0,32,224x224
6721,drawing/_UW_u7T5AJA.mp4,drawing,k400,0,32,224x224
6722,grooming dog/ANBwvVqukrA.mp4,grooming dog,k400,0,32,224x224
6723,punching bag/IypiLAVzICc.mp4,punching bag,k400,0,32,224x224
6724,skateboarding/mgBSnIlvYHc.mp4,skateboarding,k400,0,32,224x224
6725,biking through snow/3-GwRjtA_O8.mp4,biking through snow,k400,0,32,224x224
6726,pumping fist/fHakP4tXWro.mp4,pumping fist,k400,0,32,224x224
6727,chopping wood/l2NCDJOmaOM.mp4,chopping wood,k400,0,32,224x224
6728,playing keyboard/cVwEZKwJ-II.mp4,playing keyboard,k400,0,32,224x224
6729,shredding paper/5J6f8Utidg4.mp4,shredding paper,k400,0,32,224x224
6730,folding clothes/XWy4g-7-5I4.mp4,folding clothes,k400,0,32,224x224
6731,playing harp/cQQopDb0O-g.mp4,playing harp,k400,0,32,224x224
6732,cleaning gutters/-o1qFnYASkA.mp4,cleaning gutters,k400,0,32,224x224
6733,playing xylophone/Auj-tlOq_Wc.mp4,playing xylophone,k400,0,32,224x224
6734,folding paper/EEWVT4gWJpM.mp4,folding paper,k400,0,32,224x224
6735,playing violin/G4HxSgx6C00.mp4,playing violin,k400,0,32,224x224
6736,reading book/Qibo9jbM_N0.mp4,reading book,k400,0,32,224x224
6737,playing xylophone/dqChTpIZbHA.mp4,playing xylophone,k400,0,32,224x224
6738,passing American football (in game)/sTCuhVAZ4ec.mp4,passing American football (in game),k400,0,32,224x224
6739,walking the dog/ea2-1u2TzFo.mp4,walking the dog,k400,0,32,224x224
6740,headbutting/1RjizjveJww.mp4,headbutting,k400,0,32,224x224
6741,rock climbing/kyYOq6ioaWg.mp4,rock climbing,k400,0,32,224x224
6742,trimming or shaving beard/NQOX5N_JRZA.mp4,trimming or shaving beard,k400,0,32,224x224
6743,spraying/mUfeAQsVCuw.mp4,spraying,k400,0,32,224x224
6744,cleaning toilet/QH-kq466Be4.mp4,cleaning toilet,k400,0,32,224x224
6745,throwing ball/d31N_V2J1ME.mp4,throwing ball,k400,0,32,224x224
6746,filling eyebrows/R-U_0-Sp7EY.mp4,filling eyebrows,k400,0,32,224x224
6747,washing hair/XPpWs3ykurs.mp4,washing hair,k400,0,32,224x224
6748,gymnastics tumbling/YbwMENeFT48.mp4,gymnastics tumbling,k400,0,32,224x224
6749,tobogganing/jiWm6TPtaSw.mp4,tobogganing,k400,0,32,224x224
6750,swimming backstroke/oUj-WTQftEk.mp4,swimming backstroke,k400,0,32,224x224
6751,air drumming/DNXNsDRCLtE.mp4,air drumming,k400,0,32,224x224
6752,sign language interpreting/ZzgM0WJkpUE.mp4,sign language interpreting,k400,0,32,224x224
6753,changing oil/VCAH4lDlFPA.mp4,changing oil,k400,0,32,224x224
6754,sled dog racing/P5CDuDasOD4.mp4,sled dog racing,k400,0,32,224x224
6755,knitting/XmyfW1MtDvg.mp4,knitting,k400,0,32,224x224
6756,diving cliff/EyhAL21Pr_g.mp4,diving cliff,k400,0,32,224x224
6757,opening present/xxYgiogQn8U.mp4,opening present,k400,0,32,224x224
6758,diving cliff/5WNe4bQ11OM.mp4,diving cliff,k400,0,32,224x224
6759,braiding hair/L_APpgnxcZw.mp4,braiding hair,k400,0,32,224x224
6760,scuba diving/DANaztErVkU.mp4,scuba diving,k400,0,32,224x224
6761,snorkeling/FWuFkDZUY5w.mp4,snorkeling,k400,0,32,224x224
6762,bookbinding/y6VCdA3F8vw.mp4,bookbinding,k400,0,32,224x224
6763,riding scooter/gpmLV08mVaA.mp4,riding scooter,k400,0,32,224x224
6764,drinking beer/FK7twgczIFc.mp4,drinking beer,k400,0,32,224x224
6765,salsa dancing/trM1XuYcD40.mp4,salsa dancing,k400,0,32,224x224
6766,eating ice cream/RizOKuMg93A.mp4,eating ice cream,k400,0,32,224x224
6767,grooming horse/Gz_JBmvGvuw.mp4,grooming horse,k400,0,32,224x224
6768,building cabinet/yI347ueyFvc.mp4,building cabinet,k400,0,32,224x224
6769,eating cake/GGZHemfypwI.mp4,eating cake,k400,0,32,224x224
6770,throwing axe/Q2qpdbcj0yU.mp4,throwing axe,k400,0,32,224x224
6771,zumba/XR5r1NvV-uo.mp4,zumba,k400,0,32,224x224
6772,crossing river/Blz_t3uKm-g.mp4,crossing river,k400,0,32,224x224
6773,presenting weather forecast/_rorS6KPtw0.mp4,presenting weather forecast,k400,0,32,224x224
6774,bungee jumping/OykGiOrqndQ.mp4,bungee jumping,k400,0,32,224x224
6775,swimming backstroke/P4bT16MLQaw.mp4,swimming backstroke,k400,0,32,224x224
6776,grooming dog/mfSb85We0ak.mp4,grooming dog,k400,0,32,224x224
6777,shaving head/PLwb4W8_74A.mp4,shaving head,k400,0,32,224x224
6778,sanding floor/ulLRpIIGrFY.mp4,sanding floor,k400,0,32,224x224
6779,throwing discus/LB_eBi-kbac.mp4,throwing discus,k400,0,32,224x224
6780,stretching leg/Dgx3cKcSnOI.mp4,stretching leg,k400,0,32,224x224
6781,throwing discus/p1aUR0j3CL8.mp4,throwing discus,k400,0,32,224x224
6782,blasting sand/O4rD_uupZiQ.mp4,blasting sand,k400,0,32,224x224
6783,rock climbing/hDpc7N0SPoM.mp4,rock climbing,k400,0,32,224x224
6784,high jump/FKpFEYLBcB0.mp4,high jump,k400,0,32,224x224
6785,skydiving/_HPqrrw7O9g.mp4,skydiving,k400,0,32,224x224
6786,barbequing/8k5LbCk1Yi8.mp4,barbequing,k400,0,32,224x224
6787,clapping/9XXY1XKy7mk.mp4,clapping,k400,0,32,224x224
6788,driving tractor/NfIRb_nt68E.mp4,driving tractor,k400,0,32,224x224
6789,bench pressing/HojuGCOlt1Q.mp4,bench pressing,k400,0,32,224x224
6790,trimming or shaving beard/h4oPaRL8tAo.mp4,trimming or shaving beard,k400,0,32,224x224
6791,busking/loZuAgxuNlQ.mp4,busking,k400,0,32,224x224
6792,holding snake/-dWIkANNXL8.mp4,holding snake,k400,0,32,224x224
6793,building cabinet/fSw2ZtQuueg.mp4,building cabinet,k400,0,32,224x224
6794,trimming trees/2RXKDJ2b3Wc.mp4,trimming trees,k400,0,32,224x224
6795,bobsledding/YZcRwBKFmK0.mp4,bobsledding,k400,0,32,224x224
6796,lunge/TNkoNYG7FD0.mp4,lunge,k400,0,32,224x224
6797,salsa dancing/2KSPdfGBL78.mp4,salsa dancing,k400,0,32,224x224
6798,ice skating/wtdOwtVAnb0.mp4,ice skating,k400,0,32,224x224
6799,spinning poi/OlJ0Orfiy68.mp4,spinning poi,k400,0,32,224x224
6800,feeding fish/AKovxKz6vIQ.mp4,feeding fish,k400,0,32,224x224
6801,crying/pS-DJes-7Cc.mp4,crying,k400,0,32,224x224
6802,hugging/HAZ0IoI2dAk.mp4,hugging,k400,0,32,224x224
6803,tobogganing/p1bbKKqPZcU.mp4,tobogganing,k400,0,32,224x224
6804,barbequing/Ad7Lv_EglrE.mp4,barbequing,k400,0,32,224x224
6805,playing monopoly/0Jc-IEqcZts.mp4,playing monopoly,k400,0,32,224x224
6806,climbing tree/JHJwEHBsJ2U.mp4,climbing tree,k400,0,32,224x224
6807,shaking head/jWGeojv8yfI.mp4,shaking head,k400,0,32,224x224
6808,shearing sheep/74iYfUi6Ees.mp4,shearing sheep,k400,0,32,224x224
6809,tying knot (not on a tie)/iqBWhT3dKnQ.mp4,tying knot (not on a tie),k400,0,32,224x224
6810,snowboarding/lxsMXzqWP_k.mp4,snowboarding,k400,0,32,224x224
6811,driving tractor/wdESDrcQfaQ.mp4,driving tractor,k400,0,32,224x224
6812,surfing water/wuRYmgmNTbc.mp4,surfing water,k400,0,32,224x224
6813,crawling baby/AKq0hFkbbUE.mp4,crawling baby,k400,0,32,224x224
6814,windsurfing/kqLJIi9u00U.mp4,windsurfing,k400,0,32,224x224
6815,headbutting/xB7zJupZU4k.mp4,headbutting,k400,0,32,224x224
6816,carrying baby/yi9OE9AV_S0.mp4,carrying baby,k400,0,32,224x224
6817,playing accordion/J8vCjfiaL68.mp4,playing accordion,k400,0,32,224x224
6818,water sliding/lrdkl0D7py0.mp4,water sliding,k400,0,32,224x224
6819,doing aerobics/yiWSYYu0p14.mp4,doing aerobics,k400,0,32,224x224
6820,zumba/8QjAlWHvhSA.mp4,zumba,k400,0,32,224x224
6821,brushing teeth/wqETPj4AbtU.mp4,brushing teeth,k400,0,32,224x224
6822,running on treadmill/aYpGWM6Gqsk.mp4,running on treadmill,k400,0,32,224x224
6823,golf chipping/KqzandGBz1c.mp4,golf chipping,k400,0,32,224x224
6824,making pizza/K3usv393W0g.mp4,making pizza,k400,0,32,224x224
6825,playing piano/vSpG1rbpZZw.mp4,playing piano,k400,0,32,224x224
6826,catching or throwing baseball/u8nSFaK1wAU.mp4,catching or throwing baseball,k400,0,32,224x224
6827,bookbinding/dNAyF0uQJlQ.mp4,bookbinding,k400,0,32,224x224
6828,climbing ladder/7SG0V2QFRhU.mp4,climbing ladder,k400,0,32,224x224
6829,bench pressing/XenRdjBTfUs.mp4,bench pressing,k400,0,32,224x224
6830,folding paper/TtntkX4WQbo.mp4,folding paper,k400,0,32,224x224
6831,diving cliff/dRGUzifLBjc.mp4,diving cliff,k400,0,32,224x224
6832,cleaning shoes/dAJM-C0yex0.mp4,cleaning shoes,k400,0,32,224x224
6833,vault/hr7M2eH8EqE.mp4,vault,k400,0,32,224x224
6834,making pizza/mxmofl4sEAU.mp4,making pizza,k400,0,32,224x224
6835,arm wrestling/q9maulxK5g8.mp4,arm wrestling,k400,0,32,224x224
6836,playing guitar/l7N57ycvlNM.mp4,playing guitar,k400,0,32,224x224
6837,laying bricks/14ce0wzqzOo.mp4,laying bricks,k400,0,32,224x224
6838,unboxing/edtEeoNXy_U.mp4,unboxing,k400,0,32,224x224
6839,cheerleading/2Cp9ipnnvVs.mp4,cheerleading,k400,0,32,224x224
6840,roller skating/F0AB1fsV3Rw.mp4,roller skating,k400,0,32,224x224
6841,gymnastics tumbling/YBHmwrfZK28.mp4,gymnastics tumbling,k400,0,32,224x224
6842,playing bagpipes/lPnFnzh3Bfs.mp4,playing bagpipes,k400,0,32,224x224
6843,playing controller/dijLCRPG89A.mp4,playing controller,k400,0,32,224x224
6844,side kick/SUHxX3UCBO4.mp4,side kick,k400,0,32,224x224
6845,juggling fire/Z1bIfOxGYVY.mp4,juggling fire,k400,0,32,224x224
6846,getting a tattoo/C77zLMmQnjw.mp4,getting a tattoo,k400,0,32,224x224
6847,hurling (sport)/ySqiw6-9y_4.mp4,hurling (sport),k400,0,32,224x224
6848,gymnastics tumbling/El0EIepxEtw.mp4,gymnastics tumbling,k400,0,32,224x224
6849,juggling balls/bfLQtsRVqRQ.mp4,juggling balls,k400,0,32,224x224
6850,windsurfing/_8tuL1XdhJU.mp4,windsurfing,k400,0,32,224x224
6851,ice skating/obTHS5spk14.mp4,ice skating,k400,0,32,224x224
6852,shaving head/NVIILsC7jOk.mp4,shaving head,k400,0,32,224x224
6853,snowmobiling/a092Z1VpT0w.mp4,snowmobiling,k400,0,32,224x224
6854,presenting weather forecast/d36KOsvE-_M.mp4,presenting weather forecast,k400,0,32,224x224
6855,high jump/TUSeUubpnko.mp4,high jump,k400,0,32,224x224
6856,assembling computer/Mgdl2KyaKfw.mp4,assembling computer,k400,0,32,224x224
6857,arm wrestling/U79PzQIyNMQ.mp4,arm wrestling,k400,0,32,224x224
6858,playing tennis/wYb8Zd_sPPM.mp4,playing tennis,k400,0,32,224x224
6859,shredding paper/DB77yAiI8-U.mp4,shredding paper,k400,0,32,224x224
6860,dancing ballet/a1-U75Ee_wU.mp4,dancing ballet,k400,0,32,224x224
6861,playing saxophone/-mzoZE0oQE8.mp4,playing saxophone,k400,0,32,224x224
6862,blowing leaves/u_ypjizcRas.mp4,blowing leaves,k400,0,32,224x224
6863,juggling fire/XGoN4-MTsw0.mp4,juggling fire,k400,0,32,224x224
6864,water skiing/LIQby9YGZJI.mp4,water skiing,k400,0,32,224x224
6865,arm wrestling/9GEDlJ5s8vQ.mp4,arm wrestling,k400,0,32,224x224
6866,baking cookies/lykmHnb4mn4.mp4,baking cookies,k400,0,32,224x224
6867,tai chi/Q30z6aqgKm8.mp4,tai chi,k400,0,32,224x224
6868,filling eyebrows/XgHEcPQCstI.mp4,filling eyebrows,k400,0,32,224x224
6869,playing harp/9GWPNdQwlEI.mp4,playing harp,k400,0,32,224x224
6870,smoking hookah/m-0utsyEu3M.mp4,smoking hookah,k400,0,32,224x224
6871,playing clarinet/njutzWO46OI.mp4,playing clarinet,k400,0,32,224x224
6872,swing dancing/N6xrRUFCfKY.mp4,swing dancing,k400,0,32,224x224
6873,folding clothes/93M5vRuJP0c.mp4,folding clothes,k400,0,32,224x224
6874,washing dishes/K_gy4-6UKjw.mp4,washing dishes,k400,0,32,224x224
6875,hitting baseball/YxCKuJy3bTY.mp4,hitting baseball,k400,0,32,224x224
6876,washing hands/MjI1uUbHM_k.mp4,washing hands,k400,0,32,224x224
6877,mowing lawn/hn5M0H48nI0.mp4,mowing lawn,k400,0,32,224x224
6878,hitting baseball/nYDkOkZZbic.mp4,hitting baseball,k400,0,32,224x224
6879,riding mechanical bull/nBuXCzAnHe4.mp4,riding mechanical bull,k400,0,32,224x224
6880,snowmobiling/gPTz0WoCljM.mp4,snowmobiling,k400,0,32,224x224
6881,making pizza/u2DAn028Vc8.mp4,making pizza,k400,0,32,224x224
6882,eating spaghetti/sfO-2wznkEc.mp4,eating spaghetti,k400,0,32,224x224
6883,dancing charleston/POupa2sW1UI.mp4,dancing charleston,k400,0,32,224x224
6884,tying knot (not on a tie)/o3BWW8jRD8U.mp4,tying knot (not on a tie),k400,0,32,224x224
6885,crawling baby/B85aB3xpgs4.mp4,crawling baby,k400,0,32,224x224
6886,crossing river/44kKAz1_V7w.mp4,crossing river,k400,0,32,224x224
6887,doing aerobics/siyR0PBR4ys.mp4,doing aerobics,k400,0,32,224x224
6888,waxing back/xY4k-TC6MHI.mp4,waxing back,k400,0,32,224x224
6889,tai chi/cy2Pnjf-OVo.mp4,tai chi,k400,0,32,224x224
6890,brushing hair/6T6mYnfex8I.mp4,brushing hair,k400,0,32,224x224
6891,grinding meat/_lD3JSAfvow.mp4,grinding meat,k400,0,32,224x224
6892,high jump/j969vPVjN-w.mp4,high jump,k400,0,32,224x224
6893,folding napkins/614O_CngZto.mp4,folding napkins,k400,0,32,224x224
6894,spinning poi/gGq7AL-JJug.mp4,spinning poi,k400,0,32,224x224
6895,washing dishes/Q2w0JopiS9Y.mp4,washing dishes,k400,0,32,224x224
6896,doing nails/pYuK47Vrn_c.mp4,doing nails,k400,0,32,224x224
6897,windsurfing/ZWErWPoDbs4.mp4,windsurfing,k400,0,32,224x224
6898,mowing lawn/B0sXYJeZ8Xk.mp4,mowing lawn,k400,0,32,224x224
6899,hurling (sport)/Gi6xvudjVyw.mp4,hurling (sport),k400,0,32,224x224
6900,crossing river/0PkXbJW4aTk.mp4,crossing river,k400,0,32,224x224
6901,feeding goats/5tmybEhhMUg.mp4,feeding goats,k400,0,32,224x224
6902,celebrating/QY7IJnqNAwY.mp4,celebrating,k400,0,32,224x224
6903,cracking neck/ikN9TB1SmLI.mp4,cracking neck,k400,0,32,224x224
6904,tobogganing/rkAJU8V1B6g.mp4,tobogganing,k400,0,32,224x224
6905,bookbinding/mz3grWDd0SA.mp4,bookbinding,k400,0,32,224x224
6906,cheerleading/1_QUx4CORPE.mp4,cheerleading,k400,0,32,224x224
6907,playing flute/1hJnwE11XZ0.mp4,playing flute,k400,0,32,224x224
6908,digging/lC0iIy-EpDA.mp4,digging,k400,0,32,224x224
6909,yoga/W4_44M31Z-M.mp4,yoga,k400,0,32,224x224
6910,kicking field goal/P7qQDiOjC3Q.mp4,kicking field goal,k400,0,32,224x224
6911,carving pumpkin/fgdvvLLJ4qo.mp4,carving pumpkin,k400,0,32,224x224
6912,playing badminton/YQd99xdGfwo.mp4,playing badminton,k400,0,32,224x224
6913,bench pressing/Ee2zMc1Zxl4.mp4,bench pressing,k400,0,32,224x224
6914,ski jumping/h2nJBxn53aA.mp4,ski jumping,k400,0,32,224x224
6915,cleaning windows/bkhqKVYNuqk.mp4,cleaning windows,k400,0,32,224x224
6916,smoking/0e7L82fphoQ.mp4,smoking,k400,0,32,224x224
6917,snowboarding/lxQ4S7YSiKU.mp4,snowboarding,k400,0,32,224x224
6918,snowmobiling/o1MerHChnyc.mp4,snowmobiling,k400,0,32,224x224
6919,playing cricket/lRCyoV67mls.mp4,playing cricket,k400,0,32,224x224
6920,playing ukulele/YszbOz38VFE.mp4,playing ukulele,k400,0,32,224x224
6921,getting a tattoo/AvUunurFAkI.mp4,getting a tattoo,k400,0,32,224x224
6922,exercising arm/fj0V6aS5REQ.mp4,exercising arm,k400,0,32,224x224
6923,folding paper/BeU_f_bAZlc.mp4,folding paper,k400,0,32,224x224
6924,salsa dancing/afPFwxSIRUE.mp4,salsa dancing,k400,0,32,224x224
6925,singing/lESbVfYreEg.mp4,singing,k400,0,32,224x224
6926,catching fish/lsQcW0cWCQw.mp4,catching fish,k400,0,32,224x224
6927,feeding birds/z9oJf7NMBA4.mp4,feeding birds,k400,0,32,224x224
6928,playing harmonica/caIy1Iq7xc4.mp4,playing harmonica,k400,0,32,224x224
6929,flipping pancake/asZphJY30fA.mp4,flipping pancake,k400,0,32,224x224
6930,salsa dancing/vnE9baznq14.mp4,salsa dancing,k400,0,32,224x224
6931,playing drums/ynsmDKI_QKE.mp4,playing drums,k400,0,32,224x224
6932,making tea/B7rfJhtwnG8.mp4,making tea,k400,0,32,224x224
6933,cheerleading/OFnHw0KxIPY.mp4,cheerleading,k400,0,32,224x224
6934,passing American football (in game)/a7f4yjj_ba8.mp4,passing American football (in game),k400,0,32,224x224
6935,riding scooter/Gte2CDw9VZM.mp4,riding scooter,k400,0,32,224x224
6936,making bed/GGgOJD_Wn-Y.mp4,making bed,k400,0,32,224x224
6937,playing harp/lRDajd0qLxQ.mp4,playing harp,k400,0,32,224x224
6938,extinguishing fire/j1FGIE_RSLM.mp4,extinguishing fire,k400,0,32,224x224
6939,rock climbing/SBVzB9Z7bnE.mp4,rock climbing,k400,0,32,224x224
6940,playing chess/jgTbBc31Bf4.mp4,playing chess,k400,0,32,224x224
6941,playing drums/XzVHGKpw1Es.mp4,playing drums,k400,0,32,224x224
6942,playing squash or racquetball/sf-luxVbfIU.mp4,playing squash or racquetball,k400,0,32,224x224
6943,tai chi/a-0WH8Ol-Qg.mp4,tai chi,k400,0,32,224x224
6944,waxing eyebrows/KjYGCerULjg.mp4,waxing eyebrows,k400,0,32,224x224
6945,unboxing/ecH2n34q_Vs.mp4,unboxing,k400,0,32,224x224
6946,playing cello/MWxZEZe7Il0.mp4,playing cello,k400,0,32,224x224
6947,contact juggling/C5RKyJd9LLo.mp4,contact juggling,k400,0,32,224x224
6948,tossing coin/kHw6RgZSt0Q.mp4,tossing coin,k400,0,32,224x224
6949,cheerleading/_yT1bY70ALw.mp4,cheerleading,k400,0,32,224x224
6950,eating doughnuts/kPRMjYQVU0w.mp4,eating doughnuts,k400,0,32,224x224
6951,reading book/XrJrYb5L8gY.mp4,reading book,k400,0,32,224x224
6952,archery/98_7p-PLk-8.mp4,archery,k400,0,32,224x224
6953,playing poker/Qav7UPyd1n8.mp4,playing poker,k400,0,32,224x224
6954,riding elephant/SH7G2MlpPSU.mp4,riding elephant,k400,0,32,224x224
6955,breakdancing/v7iBH4N5cp0.mp4,breakdancing,k400,0,32,224x224
6956,swing dancing/jZCSUdDNEe0.mp4,swing dancing,k400,0,32,224x224
6957,reading book/TyHfe2xugnk.mp4,reading book,k400,0,32,224x224
6958,playing trumpet/yWUH0LENd90.mp4,playing trumpet,k400,0,32,224x224
6959,skiing slalom/6ngeiyOwYaI.mp4,skiing slalom,k400,0,32,224x224
6960,marching/om8By7GVO3I.mp4,marching,k400,0,32,224x224
6961,lunge/DmqMmFe_q9E.mp4,lunge,k400,0,32,224x224
6962,giving or receiving award/Qu9gY0nGK7I.mp4,giving or receiving award,k400,0,32,224x224
6963,paragliding/brarYuHRV30.mp4,paragliding,k400,0,32,224x224
6964,jetskiing/Uu07uHsnivM.mp4,jetskiing,k400,0,32,224x224
6965,spinning poi/1vG-p5bN53Y.mp4,spinning poi,k400,0,32,224x224
6966,strumming guitar/9bO5hxCQZwk.mp4,strumming guitar,k400,0,32,224x224
6967,water skiing/fAq3Sle8ug4.mp4,water skiing,k400,0,32,224x224
6968,jetskiing/E54MRoDp2D0.mp4,jetskiing,k400,0,32,224x224
6969,moving furniture/DGlT4aoYydQ.mp4,moving furniture,k400,0,32,224x224
6970,auctioning/Mn2k_zdhNLg.mp4,auctioning,k400,0,32,224x224
6971,clean and jerk/9iueP_SKuro.mp4,clean and jerk,k400,0,32,224x224
6972,playing trumpet/csKSWZhEhc8.mp4,playing trumpet,k400,0,32,224x224
6973,jogging/yrSSKCH7dH4.mp4,jogging,k400,0,32,224x224
6974,krumping/XNqzV4IiHfE.mp4,krumping,k400,0,32,224x224
6975,cooking chicken/IFsYSZhf7xY.mp4,cooking chicken,k400,0,32,224x224
6976,filling eyebrows/QKolHemYWuI.mp4,filling eyebrows,k400,0,32,224x224
6977,rock climbing/8msc-4ZNGPU.mp4,rock climbing,k400,0,32,224x224
6978,drinking beer/3_H7RgPUQxM.mp4,drinking beer,k400,0,32,224x224
6979,carving pumpkin/msPahROanw4.mp4,carving pumpkin,k400,0,32,224x224
6980,making pizza/MlulDa0riTM.mp4,making pizza,k400,0,32,224x224
6981,playing saxophone/BlFAR0CSrD4.mp4,playing saxophone,k400,0,32,224x224
6982,salsa dancing/tcFIc0kqVAk.mp4,salsa dancing,k400,0,32,224x224
6983,abseiling/Z227H4Lufjk.mp4,abseiling,k400,0,32,224x224
6984,sailing/_lYm0apIiE4.mp4,sailing,k400,0,32,224x224
6985,situp/JV3gDDL_Jsk.mp4,situp,k400,0,32,224x224
6986,peeling potatoes/Q8qFRwA_CkY.mp4,peeling potatoes,k400,0,32,224x224
6987,strumming guitar/R0GDD0JtbBc.mp4,strumming guitar,k400,0,32,224x224
6988,playing trombone/cnr6aIe0hr4.mp4,playing trombone,k400,0,32,224x224
6989,dancing charleston/vHYK_fYnUZQ.mp4,dancing charleston,k400,0,32,224x224
6990,unloading truck/0DUlgEi9gQQ.mp4,unloading truck,k400,0,32,224x224
6991,biking through snow/JyT44gZ2KHk.mp4,biking through snow,k400,0,32,224x224
6992,tobogganing/gQVCxa11i5A.mp4,tobogganing,k400,0,32,224x224
6993,making snowman/BL5a6l6hfp0.mp4,making snowman,k400,0,32,224x224
6994,kicking field goal/8kOU6wRSUC8.mp4,kicking field goal,k400,0,32,224x224
6995,clean and jerk/G9A2C1U1cKw.mp4,clean and jerk,k400,0,32,224x224
6996,rock climbing/ASBREkYHMDs.mp4,rock climbing,k400,0,32,224x224
6997,catching or throwing softball/0C5ugWQ-hkE.mp4,catching or throwing softball,k400,0,32,224x224
6998,squat/dD08NNtxI0s.mp4,squat,k400,0,32,224x224
6999,milking cow/R-xV-rwMc-w.mp4,milking cow,k400,0,32,224x224
7000,hurling (sport)/YSarXRxcYQc.mp4,hurling (sport),k400,0,32,224x224
7001,playing ukulele/5zxWwGNlHhQ.mp4,playing ukulele,k400,0,32,224x224
7002,eating ice cream/ktM9yEbgPjw.mp4,eating ice cream,k400,0,32,224x224
7003,crawling baby/FHFOgbNpzrM.mp4,crawling baby,k400,0,32,224x224
7004,tasting food/JO8kPAihE8A.mp4,tasting food,k400,0,32,224x224
7005,playing basketball/oq22lVBQawM.mp4,playing basketball,k400,0,32,224x224
7006,swimming butterfly stroke/y52sSbc8Rig.mp4,swimming butterfly stroke,k400,0,32,224x224
7007,playing trumpet/JwkTVQlsy4s.mp4,playing trumpet,k400,0,32,224x224
7008,opening present/lUEG8GyKRNM.mp4,opening present,k400,0,32,224x224
7009,reading book/Rgduj7Enwto.mp4,reading book,k400,0,32,224x224
7010,curling hair/EyhUpRDn7wU.mp4,curling hair,k400,0,32,224x224
7011,ski jumping/XbNGnOH6-f8.mp4,ski jumping,k400,0,32,224x224
7012,playing kickball/deJynATMTDM.mp4,playing kickball,k400,0,32,224x224
7013,trapezing/_6qmEb7DWro.mp4,trapezing,k400,0,32,224x224
7014,flying kite/-ujBLQ7LF40.mp4,flying kite,k400,0,32,224x224
7015,mowing lawn/w1icYmm9Y0o.mp4,mowing lawn,k400,0,32,224x224
7016,skiing (not slalom or crosscountry)/Qjk8_Bn0arI.mp4,skiing (not slalom or crosscountry),k400,0,32,224x224
7017,singing/cdAH71TkYfA.mp4,singing,k400,0,32,224x224
7018,playing cello/R_AZEoBJ-WA.mp4,playing cello,k400,0,32,224x224
7019,curling hair/plg1UEjSmjQ.mp4,curling hair,k400,0,32,224x224
7020,riding mountain bike/1oBfET94xuI.mp4,riding mountain bike,k400,0,32,224x224
7021,barbequing/MM3gwGMfHJY.mp4,barbequing,k400,0,32,224x224
7022,crying/B5tOT2kaSi0.mp4,crying,k400,0,32,224x224
7023,testifying/Y2JbiqI9CZE.mp4,testifying,k400,0,32,224x224
7024,playing saxophone/EpF3jaatlxk.mp4,playing saxophone,k400,0,32,224x224
7025,playing organ/GomsUKIq2Ow.mp4,playing organ,k400,0,32,224x224
7026,cutting nails/JTM6sLHlMlE.mp4,cutting nails,k400,0,32,224x224
7027,sled dog racing/grqwYqg73k4.mp4,sled dog racing,k400,0,32,224x224
7028,flying kite/X1td1biuZyg.mp4,flying kite,k400,0,32,224x224
7029,welding/0Nhl-MOqbAg.mp4,welding,k400,0,32,224x224
7030,baby waking up/m_Km54ZUV0E.mp4,baby waking up,k400,0,32,224x224
7031,feeding fish/c7lU5bb2oMI.mp4,feeding fish,k400,0,32,224x224
7032,contact juggling/YoGqfzAcPiw.mp4,contact juggling,k400,0,32,224x224
7033,drinking shots/fMigjh3yTvg.mp4,drinking shots,k400,0,32,224x224
7034,motorcycling/bcza96rmsz8.mp4,motorcycling,k400,0,32,224x224
7035,windsurfing/AdB93unB3M0.mp4,windsurfing,k400,0,32,224x224
7036,eating cake/HBs8nkYDGzc.mp4,eating cake,k400,0,32,224x224
7037,juggling soccer ball/qyE_oUUEP3M.mp4,juggling soccer ball,k400,0,32,224x224
7038,feeding birds/-5VuqHbo5nE.mp4,feeding birds,k400,0,32,224x224
7039,playing kickball/wAlV9c0XHAM.mp4,playing kickball,k400,0,32,224x224
7040,throwing ball/i0zjoAVd0_g.mp4,throwing ball,k400,0,32,224x224
7041,skateboarding/54gTEJ470XM.mp4,skateboarding,k400,0,32,224x224
7042,playing ice hockey/UZk9OSIZ9iI.mp4,playing ice hockey,k400,0,32,224x224
7043,feeding goats/J3cY4_-m-Fw.mp4,feeding goats,k400,0,32,224x224
7044,situp/Cr0pR8QtiyU.mp4,situp,k400,0,32,224x224
7045,squat/yHZEy92mKQQ.mp4,squat,k400,0,32,224x224
7046,counting money/C6DCXYGjw0Y.mp4,counting money,k400,0,32,224x224
7047,planting trees/GD-QfKs82_A.mp4,planting trees,k400,0,32,224x224
7048,setting table/rNnJrmdunGI.mp4,setting table,k400,0,32,224x224
7049,marching/E2UaVcZPsYU.mp4,marching,k400,0,32,224x224
7050,punching bag/IxJc8JY6YnI.mp4,punching bag,k400,0,32,224x224
7051,mopping floor/2fI3WUJimoE.mp4,mopping floor,k400,0,32,224x224
7052,cheerleading/yDVlh_mtBEo.mp4,cheerleading,k400,0,32,224x224
7053,doing nails/XUU3r7yNH_U.mp4,doing nails,k400,0,32,224x224
7054,crawling baby/2OsA3aAUC28.mp4,crawling baby,k400,0,32,224x224
7055,ski jumping/UN_sJVuWx1I.mp4,ski jumping,k400,0,32,224x224
7056,canoeing or kayaking/PmxaGfw6q8w.mp4,canoeing or kayaking,k400,0,32,224x224
7057,high kick/fWnJQX_C130.mp4,high kick,k400,0,32,224x224
7058,playing recorder/075OvNUleS8.mp4,playing recorder,k400,0,32,224x224
7059,shuffling cards/rDv2iSTs0H0.mp4,shuffling cards,k400,0,32,224x224
7060,bobsledding/JTLlw1EZ5G8.mp4,bobsledding,k400,0,32,224x224
7061,milking cow/lEQK_0GlpcU.mp4,milking cow,k400,0,32,224x224
7062,clean and jerk/lS1P08lIWwo.mp4,clean and jerk,k400,0,32,224x224
7063,rock scissors paper/En6ogxFVgcM.mp4,rock scissors paper,k400,0,32,224x224
7064,playing drums/MgqEPRGjmOg.mp4,playing drums,k400,0,32,224x224
7065,playing trombone/BYKGW8InFzo.mp4,playing trombone,k400,0,32,224x224
7066,dying hair/-JJiyN8fwcI.mp4,dying hair,k400,0,32,224x224
7067,swimming backstroke/sW29FNc9i8Y.mp4,swimming backstroke,k400,0,32,224x224
7068,catching or throwing softball/EGFSPQMbIjk.mp4,catching or throwing softball,k400,0,32,224x224
7069,balloon blowing/oxJ1_pOwV8c.mp4,balloon blowing,k400,0,32,224x224
7070,busking/fmrvp6_YoTU.mp4,busking,k400,0,32,224x224
7071,texting/ndN2jPjEmF8.mp4,texting,k400,0,32,224x224
7072,crossing river/uxScAeE3kGY.mp4,crossing river,k400,0,32,224x224
7073,triple jump/v9yWdcc3K80.mp4,triple jump,k400,0,32,224x224
7074,waiting in line/PAhmdxqPZiA.mp4,waiting in line,k400,0,32,224x224
7075,passing American football (in game)/9Jy4LjOMs6Q.mp4,passing American football (in game),k400,0,32,224x224
7076,headbanging/NHmNgcmdKIg.mp4,headbanging,k400,0,32,224x224
7077,playing cricket/27NW6Vq6ZJ0.mp4,playing cricket,k400,0,32,224x224
7078,high jump/FGSljqG72D0.mp4,high jump,k400,0,32,224x224
7079,playing violin/cHNsrFnj2hU.mp4,playing violin,k400,0,32,224x224
7080,pushing car/Jy8P013WXKw.mp4,pushing car,k400,0,32,224x224
7081,cheerleading/a-08_FiLD1c.mp4,cheerleading,k400,0,32,224x224
7082,springboard diving/RqBgr446SOY.mp4,springboard diving,k400,0,32,224x224
7083,opening bottle/nUQdB2nzqdQ.mp4,opening bottle,k400,0,32,224x224
7084,walking the dog/1SE2yMu1dGQ.mp4,walking the dog,k400,0,32,224x224
7085,plastering/VADDPTAyMO0.mp4,plastering,k400,0,32,224x224
7086,petting animal (not cat)/qtmhglPJF6Y.mp4,petting animal (not cat),k400,0,32,224x224
7087,riding or walking with horse/s0YNWEwICiQ.mp4,riding or walking with horse,k400,0,32,224x224
7088,snowmobiling/z6MKYGj-gi4.mp4,snowmobiling,k400,0,32,224x224
7089,canoeing or kayaking/j6bW6vBQ4OY.mp4,canoeing or kayaking,k400,0,32,224x224
7090,abseiling/8pMa6CmyKWc.mp4,abseiling,k400,0,32,224x224
7091,air drumming/IGHdEO1cnhI.mp4,air drumming,k400,0,32,224x224
7092,stomping grapes/XsGWvcQurW4.mp4,stomping grapes,k400,0,32,224x224
7093,trimming or shaving beard/mtXeJi0osQ8.mp4,trimming or shaving beard,k400,0,32,224x224
7094,snowkiting/Q7HmUoEl__A.mp4,snowkiting,k400,0,32,224x224
7095,dying hair/FoMNXwHFwAM.mp4,dying hair,k400,0,32,224x224
7096,dancing charleston/Gp99LycjKgs.mp4,dancing charleston,k400,0,32,224x224
7097,playing cricket/42nyxHG7AFQ.mp4,playing cricket,k400,0,32,224x224
7098,eating doughnuts/rkfc8uMdmZI.mp4,eating doughnuts,k400,0,32,224x224
7099,spray painting/af7bFhPEAyk.mp4,spray painting,k400,0,32,224x224
7100,pull ups/2p19BDth7Zc.mp4,pull ups,k400,0,32,224x224
7101,filling eyebrows/TKsHv1yr_JQ.mp4,filling eyebrows,k400,0,32,224x224
7102,squat/QCBpxQjr1GI.mp4,squat,k400,0,32,224x224
7103,carrying baby/775bPqXjv1g.mp4,carrying baby,k400,0,32,224x224
7104,reading book/GjxA3gG4Kj0.mp4,reading book,k400,0,32,224x224
7105,playing accordion/9_79hwmmU3c.mp4,playing accordion,k400,0,32,224x224
7106,kicking field goal/01ea5aC-vYA.mp4,kicking field goal,k400,0,32,224x224
7107,counting money/-ZUXh0uhVwM.mp4,counting money,k400,0,32,224x224
7108,snorkeling/EJEwIshdbMc.mp4,snorkeling,k400,0,32,224x224
7109,trimming or shaving beard/f0L7bNP2LAA.mp4,trimming or shaving beard,k400,0,32,224x224
7110,jetskiing/PTzdo56DPZQ.mp4,jetskiing,k400,0,32,224x224
7111,kissing/5vgm_9vrFYg.mp4,kissing,k400,0,32,224x224
7112,playing badminton/h_kLVbaDQGE.mp4,playing badminton,k400,0,32,224x224
7113,smoking/avgYpJ5qe_M.mp4,smoking,k400,0,32,224x224
7114,dribbling basketball/B2GtZobnYik.mp4,dribbling basketball,k400,0,32,224x224
7115,ice fishing/C1OwcYxHVfU.mp4,ice fishing,k400,0,32,224x224
7116,eating spaghetti/4yMbbduZw1A.mp4,eating spaghetti,k400,0,32,224x224
7117,ski jumping/YADkXSULgf4.mp4,ski jumping,k400,0,32,224x224
7118,throwing discus/iM5YVQGzxcA.mp4,throwing discus,k400,0,32,224x224
7119,riding elephant/zkbnG0r-Y0E.mp4,riding elephant,k400,0,32,224x224
7120,skateboarding/O2gFy7kZQfI.mp4,skateboarding,k400,0,32,224x224
7121,country line dancing/nZpGqvyP894.mp4,country line dancing,k400,0,32,224x224
7122,juggling balls/zuJjRvqzA2Y.mp4,juggling balls,k400,0,32,224x224
7123,playing clarinet/kXmVymAXZIM.mp4,playing clarinet,k400,0,32,224x224
7124,baking cookies/4wLwBzMZ0lM.mp4,baking cookies,k400,0,32,224x224
7125,hopscotch/h7YXswvLvPY.mp4,hopscotch,k400,0,32,224x224
7126,skateboarding/Why3fyfwVXg.mp4,skateboarding,k400,0,32,224x224
7127,blowing glass/fHwhbxzbGB4.mp4,blowing glass,k400,0,32,224x224
7128,building cabinet/msN0RqX6Z5M.mp4,building cabinet,k400,0,32,224x224
7129,hugging/R_JKiFg1J3s.mp4,hugging,k400,0,32,224x224
7130,folding clothes/A9rFEFr0E7E.mp4,folding clothes,k400,0,32,224x224
7131,pull ups/1KJ2CrNPjI4.mp4,pull ups,k400,0,32,224x224
7132,playing clarinet/JVoD_Iuh73A.mp4,playing clarinet,k400,0,32,224x224
7133,eating spaghetti/CkXKKttui-w.mp4,eating spaghetti,k400,0,32,224x224
7134,pumping fist/2BWH_SyRMew.mp4,pumping fist,k400,0,32,224x224
7135,busking/AqPElyO9WQk.mp4,busking,k400,0,32,224x224
7136,riding mechanical bull/2I-2N_0l6tY.mp4,riding mechanical bull,k400,0,32,224x224
7137,javelin throw/ivTNQqBpPwM.mp4,javelin throw,k400,0,32,224x224
7138,walking the dog/42HQe4Vknhc.mp4,walking the dog,k400,0,32,224x224
7139,playing chess/XkR4ZgGwdDY.mp4,playing chess,k400,0,32,224x224
7140,windsurfing/bjARDGg0WSo.mp4,windsurfing,k400,0,32,224x224
7141,getting a tattoo/jZmRAiQfIXE.mp4,getting a tattoo,k400,0,32,224x224
7142,sneezing/k1y3x3sEbFA.mp4,sneezing,k400,0,32,224x224
7143,playing cards/oudJbW_zsj4.mp4,playing cards,k400,0,32,224x224
7144,pushing wheelchair/-8UWMyYmfuM.mp4,pushing wheelchair,k400,0,32,224x224
7145,breakdancing/fBc2WIt8LZQ.mp4,breakdancing,k400,0,32,224x224
7146,blowing glass/DBbmOymKng0.mp4,blowing glass,k400,0,32,224x224
7147,skiing slalom/b1SLXfDuvlc.mp4,skiing slalom,k400,0,32,224x224
7148,headbutting/qAKmmwIzVLE.mp4,headbutting,k400,0,32,224x224
7149,bookbinding/uiHw6Afd78I.mp4,bookbinding,k400,0,32,224x224
7150,playing trumpet/R7j1D_tDjlg.mp4,playing trumpet,k400,0,32,224x224
7151,cleaning floor/0zmahgV05wU.mp4,cleaning floor,k400,0,32,224x224
7152,scuba diving/BVreHxxDfeU.mp4,scuba diving,k400,0,32,224x224
7153,paragliding/x5ziPEFRo48.mp4,paragliding,k400,0,32,224x224
7154,washing feet/KTXxUgnkzgA.mp4,washing feet,k400,0,32,224x224
7155,making pizza/QaoYsff3icY.mp4,making pizza,k400,0,32,224x224
7156,bench pressing/RlZRzdhmF_E.mp4,bench pressing,k400,0,32,224x224
7157,playing basketball/s5KRA7Lz1ek.mp4,playing basketball,k400,0,32,224x224
7158,tango dancing/1-DRY484GdY.mp4,tango dancing,k400,0,32,224x224
7159,bouncing on trampoline/jjxbzEaLGeg.mp4,bouncing on trampoline,k400,0,32,224x224
7160,playing recorder/n2RuOgZEEdU.mp4,playing recorder,k400,0,32,224x224
7161,bungee jumping/L97_0O7mEdA.mp4,bungee jumping,k400,0,32,224x224
7162,riding or walking with horse/FpnlBFpydW0.mp4,riding or walking with horse,k400,0,32,224x224
7163,playing didgeridoo/eN31j96pToM.mp4,playing didgeridoo,k400,0,32,224x224
7164,shredding paper/h8TLMdbIiT4.mp4,shredding paper,k400,0,32,224x224
7165,busking/GcCFW-tm5Gg.mp4,busking,k400,0,32,224x224
7166,tasting food/J1UO9gmDiUE.mp4,tasting food,k400,0,32,224x224
7167,washing hands/1p4KUYv3BT4.mp4,washing hands,k400,0,32,224x224
7168,tai chi/-BoxPG3qk5Q.mp4,tai chi,k400,0,32,224x224
7169,grooming horse/Vu2_hFOXI8E.mp4,grooming horse,k400,0,32,224x224
7170,washing hands/8ch7ES7sXfk.mp4,washing hands,k400,0,32,224x224
7171,punching person (boxing)/kDEmF6Zi8bc.mp4,punching person (boxing),k400,0,32,224x224
7172,lunge/hy-XshYGZGY.mp4,lunge,k400,0,32,224x224
7173,pushing car/Qz-DprgElIY.mp4,pushing car,k400,0,32,224x224
7174,ski jumping/Rk9_lnHjYIM.mp4,ski jumping,k400,0,32,224x224
7175,bandaging/llElIf_67ew.mp4,bandaging,k400,0,32,224x224
7176,massaging back/wALbcfh_nGA.mp4,massaging back,k400,0,32,224x224
7177,tobogganing/8mUmiZhezR8.mp4,tobogganing,k400,0,32,224x224
7178,abseiling/8pAtfl2u_FI.mp4,abseiling,k400,0,32,224x224
7179,belly dancing/cNvTm72aGcM.mp4,belly dancing,k400,0,32,224x224
7180,diving cliff/H4PeQYXVN4A.mp4,diving cliff,k400,0,32,224x224
7181,deadlifting/_VX222GpG_w.mp4,deadlifting,k400,0,32,224x224
7182,shaking hands/qdDAPSDPunE.mp4,shaking hands,k400,0,32,224x224
7183,eating ice cream/J6HlVXlBPpA.mp4,eating ice cream,k400,0,32,224x224
7184,shoveling snow/KV-nPqnGL1s.mp4,shoveling snow,k400,0,32,224x224
7185,playing recorder/e7TdOACIy_o.mp4,playing recorder,k400,0,32,224x224
7186,tapping guitar/hFcyDE01ToU.mp4,tapping guitar,k400,0,32,224x224
7187,washing dishes/fvyaB-sYBM8.mp4,washing dishes,k400,0,32,224x224
7188,rock climbing/PEq2GwTQb1c.mp4,rock climbing,k400,0,32,224x224
7189,bending back/iSnDJ0UG6uw.mp4,bending back,k400,0,32,224x224
7190,pushing cart/0BaiAcK7iwo.mp4,pushing cart,k400,0,32,224x224
7191,throwing discus/TZJ3KwYU2uM.mp4,throwing discus,k400,0,32,224x224
7192,tossing coin/rC_5jj2v9mo.mp4,tossing coin,k400,0,32,224x224
7193,jogging/ROkx8GAuGD8.mp4,jogging,k400,0,32,224x224
7194,diving cliff/KrmBImYDFHI.mp4,diving cliff,k400,0,32,224x224
7195,milking cow/pTtVHEJHDRE.mp4,milking cow,k400,0,32,224x224
7196,spinning poi/pAjZed_N9QE.mp4,spinning poi,k400,0,32,224x224
7197,climbing ladder/boSybZiXvF4.mp4,climbing ladder,k400,0,32,224x224
7198,swimming backstroke/xN82oGnD2GQ.mp4,swimming backstroke,k400,0,32,224x224
7199,playing violin/DRCoIocCLYA.mp4,playing violin,k400,0,32,224x224
7200,playing bass guitar/AlJFvMVDK6k.mp4,playing bass guitar,k400,0,32,224x224
7201,opening bottle/3PcyyFEhSpI.mp4,opening bottle,k400,0,32,224x224
7202,roller skating/G2bFwoBMcdU.mp4,roller skating,k400,0,32,224x224
7203,belly dancing/S_mFdTSji6k.mp4,belly dancing,k400,0,32,224x224
7204,bending back/GPm-cW5SSKo.mp4,bending back,k400,0,32,224x224
7205,golf putting/QUBvuEcEn8o.mp4,golf putting,k400,0,32,224x224
7206,playing harmonica/x3kyiEO1DLg.mp4,playing harmonica,k400,0,32,224x224
7207,roller skating/BrmeP8xOfc8.mp4,roller skating,k400,0,32,224x224
7208,sneezing/oyg7lfHdZVI.mp4,sneezing,k400,0,32,224x224
7209,playing trumpet/OF4pDm5fHOM.mp4,playing trumpet,k400,0,32,224x224
7210,laughing/tiwTPr2t0IA.mp4,laughing,k400,0,32,224x224
7211,sharpening pencil/CmdRVTR4Blw.mp4,sharpening pencil,k400,0,32,224x224
7212,feeding birds/Q7P6J4aARrE.mp4,feeding birds,k400,0,32,224x224
7213,dining/_JY6HGc6TnI.mp4,dining,k400,0,32,224x224
7214,disc golfing/j4Icbg9Cm_c.mp4,disc golfing,k400,0,32,224x224
7215,playing recorder/YbdDSA9PND8.mp4,playing recorder,k400,0,32,224x224
7216,playing controller/K8fvubt3K88.mp4,playing controller,k400,0,32,224x224
7217,tobogganing/oLglnjdb8dI.mp4,tobogganing,k400,0,32,224x224
7218,shoveling snow/PdwWFueQErM.mp4,shoveling snow,k400,0,32,224x224
7219,playing trombone/LZapYnwZMO8.mp4,playing trombone,k400,0,32,224x224
7220,gymnastics tumbling/plyMykdOtSA.mp4,gymnastics tumbling,k400,0,32,224x224
7221,sanding floor/ytxUQZYAiL4.mp4,sanding floor,k400,0,32,224x224
7222,paragliding/t4sZbz9i8yM.mp4,paragliding,k400,0,32,224x224
7223,bowling/IXolFhbaaLg.mp4,bowling,k400,0,32,224x224
7224,carving pumpkin/7LXUFzIm4sc.mp4,carving pumpkin,k400,0,32,224x224
7225,welding/4T1grjf9TCY.mp4,welding,k400,0,32,224x224
7226,carving pumpkin/tBItFc3o9aE.mp4,carving pumpkin,k400,0,32,224x224
7227,baking cookies/yNWFNbToakw.mp4,baking cookies,k400,0,32,224x224
7228,ice skating/bHfCisZJ_00.mp4,ice skating,k400,0,32,224x224
7229,diving cliff/xL6bgJkNGUY.mp4,diving cliff,k400,0,32,224x224
7230,trimming or shaving beard/h0FEYhjhOL4.mp4,trimming or shaving beard,k400,0,32,224x224
7231,feeding fish/vluYkRp1Bi8.mp4,feeding fish,k400,0,32,224x224
7232,dancing gangnam style/zDxNkWgwx1g.mp4,dancing gangnam style,k400,0,32,224x224
7233,sanding floor/kofBHFJ4x5Q.mp4,sanding floor,k400,0,32,224x224
7234,triple jump/0Bz8T4FgD0o.mp4,triple jump,k400,0,32,224x224
7235,shearing sheep/LtNdNQlSju4.mp4,shearing sheep,k400,0,32,224x224
7236,frying vegetables/KDfvkcaX_tI.mp4,frying vegetables,k400,0,32,224x224
7237,training dog/jWZ9Qjiu6gY.mp4,training dog,k400,0,32,224x224
7238,throwing axe/xGDyWE7R-_c.mp4,throwing axe,k400,0,32,224x224
7239,opening present/_GRSfDD3H4U.mp4,opening present,k400,0,32,224x224
7240,air drumming/SEO2SQcpXlw.mp4,air drumming,k400,0,32,224x224
7241,changing oil/mAXJSRteYiw.mp4,changing oil,k400,0,32,224x224
7242,roller skating/1F5uZkDX4zk.mp4,roller skating,k400,0,32,224x224
7243,contact juggling/FTvwjTbsUF8.mp4,contact juggling,k400,0,32,224x224
7244,auctioning/Q0aPAgJE6IQ.mp4,auctioning,k400,0,32,224x224
7245,making jewelry/YbbZa3q3KTE.mp4,making jewelry,k400,0,32,224x224
7246,celebrating/xinnHEdqVzc.mp4,celebrating,k400,0,32,224x224
7247,tickling/M6Hjgie0SwQ.mp4,tickling,k400,0,32,224x224
7248,playing monopoly/chAZyvDHGWc.mp4,playing monopoly,k400,0,32,224x224
7249,bending back/XXTrMiV8Uzw.mp4,bending back,k400,0,32,224x224
7250,setting table/snbfn7lD-zc.mp4,setting table,k400,0,32,224x224
7251,hitting baseball/-lbyjlri734.mp4,hitting baseball,k400,0,32,224x224
7252,playing trumpet/yMwseIJwNao.mp4,playing trumpet,k400,0,32,224x224
7253,wrapping present/C2XhprQR5x0.mp4,wrapping present,k400,0,32,224x224
7254,cartwheeling/f8rWfKPG35M.mp4,cartwheeling,k400,0,32,224x224
7255,windsurfing/IElOkD0k4Qc.mp4,windsurfing,k400,0,32,224x224
7256,massaging back/yLo4eN1QxAI.mp4,massaging back,k400,0,32,224x224
7257,arm wrestling/MI4vpnzM50c.mp4,arm wrestling,k400,0,32,224x224
7258,eating spaghetti/zQZicCi3dz4.mp4,eating spaghetti,k400,0,32,224x224
7259,contact juggling/ursJdNwpZTs.mp4,contact juggling,k400,0,32,224x224
7260,weaving basket/RSe4NSB-fKY.mp4,weaving basket,k400,0,32,224x224
7261,contact juggling/-WDZD7fTnZ4.mp4,contact juggling,k400,0,32,224x224
7262,springboard diving/JILbdrDglQQ.mp4,springboard diving,k400,0,32,224x224
7263,snowkiting/41xKvCaZljs.mp4,snowkiting,k400,0,32,224x224
7264,tango dancing/lPMu2KfWFPo.mp4,tango dancing,k400,0,32,224x224
7265,sled dog racing/H7lBmAUh3XA.mp4,sled dog racing,k400,0,32,224x224
7266,garbage collecting/L3444UIr6kc.mp4,garbage collecting,k400,0,32,224x224
7267,folding napkins/7qiJxTAI7x0.mp4,folding napkins,k400,0,32,224x224
7268,baking cookies/Ra68gMw-vH4.mp4,baking cookies,k400,0,32,224x224
7269,dunking basketball/3J87RkmWTXk.mp4,dunking basketball,k400,0,32,224x224
7270,catching or throwing frisbee/wEORle3ar7c.mp4,catching or throwing frisbee,k400,0,32,224x224
7271,playing keyboard/ohv0A4ODrAo.mp4,playing keyboard,k400,0,32,224x224
7272,mowing lawn/KuyQ6gnQrzk.mp4,mowing lawn,k400,0,32,224x224
7273,laughing/mypS3TyJz5I.mp4,laughing,k400,0,32,224x224
7274,playing trumpet/7MDqYIfYslE.mp4,playing trumpet,k400,0,32,224x224
7275,flying kite/h7X3_JsfXAg.mp4,flying kite,k400,0,32,224x224
7276,dining/z1cwB5Tv8RA.mp4,dining,k400,0,32,224x224
7277,eating ice cream/liYfCXHArIA.mp4,eating ice cream,k400,0,32,224x224
7278,roller skating/ed-_W8E_Wtw.mp4,roller skating,k400,0,32,224x224
7279,grooming horse/V9Qhbqul0Rs.mp4,grooming horse,k400,0,32,224x224
7280,dining/BYLbbl_2tPc.mp4,dining,k400,0,32,224x224
7281,making bed/xXlbePQg3-E.mp4,making bed,k400,0,32,224x224
7282,playing cello/LL8IIXH-G8U.mp4,playing cello,k400,0,32,224x224
7283,laughing/UNtOwmdsy4s.mp4,laughing,k400,0,32,224x224
7284,waiting in line/AYTp5UfmCKQ.mp4,waiting in line,k400,0,32,224x224
7285,playing ice hockey/go18MIkMR7E.mp4,playing ice hockey,k400,0,32,224x224
7286,playing bass guitar/VEM0JbQVypc.mp4,playing bass guitar,k400,0,32,224x224
7287,feeding fish/mqpocKaoscg.mp4,feeding fish,k400,0,32,224x224
7288,shaking head/R4uz8hzI3zQ.mp4,shaking head,k400,0,32,224x224
7289,playing ukulele/GCh-_o67jVY.mp4,playing ukulele,k400,0,32,224x224
7290,yoga/rGp9LsA39RU.mp4,yoga,k400,0,32,224x224
7291,feeding goats/fQskY957zdw.mp4,feeding goats,k400,0,32,224x224
7292,carrying baby/RLUV2tI9OP4.mp4,carrying baby,k400,0,32,224x224
7293,swimming backstroke/TG5QgF_lgFA.mp4,swimming backstroke,k400,0,32,224x224
7294,passing American football (not in game)/IXSjToh3v8Y.mp4,passing American football (not in game),k400,0,32,224x224
7295,dancing gangnam style/npCi4BSqpXo.mp4,dancing gangnam style,k400,0,32,224x224
7296,mopping floor/7BsBl4sl2B8.mp4,mopping floor,k400,0,32,224x224
7297,front raises/sD9E7szQHZc.mp4,front raises,k400,0,32,224x224
7298,throwing ball/kuy5Qpc5F5o.mp4,throwing ball,k400,0,32,224x224
7299,abseiling/60hYTVgs8EQ.mp4,abseiling,k400,0,32,224x224
7300,juggling fire/cWjxfaotA-s.mp4,juggling fire,k400,0,32,224x224
7301,spinning poi/jC67acXhH18.mp4,spinning poi,k400,0,32,224x224
7302,headbanging/sd8S_gqQDOs.mp4,headbanging,k400,0,32,224x224
7303,dancing charleston/b8Z7iFeRwZA.mp4,dancing charleston,k400,0,32,224x224
7304,cooking chicken/2J_CJf4qN3g.mp4,cooking chicken,k400,0,32,224x224
7305,playing keyboard/EvsNiU_VWQo.mp4,playing keyboard,k400,0,32,224x224
7306,motorcycling/m34qBLZDrCQ.mp4,motorcycling,k400,0,32,224x224
7307,playing harp/aseuGrHWt5w.mp4,playing harp,k400,0,32,224x224
7308,playing accordion/PZht0h5IWYU.mp4,playing accordion,k400,0,32,224x224
7309,washing hands/xEFSE55puGI.mp4,washing hands,k400,0,32,224x224
7310,surfing water/E6v_ucKjR14.mp4,surfing water,k400,0,32,224x224
7311,walking the dog/povbCsFVw7Y.mp4,walking the dog,k400,0,32,224x224
7312,fixing hair/kKuYXphrTPA.mp4,fixing hair,k400,0,32,224x224
7313,rock climbing/SEt6__xYYPw.mp4,rock climbing,k400,0,32,224x224
7314,eating watermelon/YHaRz6QJiHk.mp4,eating watermelon,k400,0,32,224x224
7315,dunking basketball/0CHfpmvH1x0.mp4,dunking basketball,k400,0,32,224x224
7316,blowing nose/9nwt_KKpkKA.mp4,blowing nose,k400,0,32,224x224
7317,balloon blowing/32h93fmukB4.mp4,balloon blowing,k400,0,32,224x224
7318,bench pressing/jAxlicigO5Y.mp4,bench pressing,k400,0,32,224x224
7319,tasting beer/hhdLYgGgPi4.mp4,tasting beer,k400,0,32,224x224
7320,playing bagpipes/aEvBpBmMscE.mp4,playing bagpipes,k400,0,32,224x224
7321,hula hooping/f-Dlhc6HTas.mp4,hula hooping,k400,0,32,224x224
7322,playing bagpipes/rdA_BePOWqY.mp4,playing bagpipes,k400,0,32,224x224
7323,giving or receiving award/ilHg-Hlstlk.mp4,giving or receiving award,k400,0,32,224x224
7324,flying kite/HArLAHHmkRo.mp4,flying kite,k400,0,32,224x224
7325,playing saxophone/ysuE5rxNd90.mp4,playing saxophone,k400,0,32,224x224
7326,tai chi/ZKCuvjCUBUk.mp4,tai chi,k400,0,32,224x224
7327,sharpening knives/Xabgi7MTLJY.mp4,sharpening knives,k400,0,32,224x224
7328,punching person (boxing)/bBNh5FHTrPE.mp4,punching person (boxing),k400,0,32,224x224
7329,playing harp/Oh3cKRW-9ME.mp4,playing harp,k400,0,32,224x224
7330,riding or walking with horse/FUhPUZOvLCc.mp4,riding or walking with horse,k400,0,32,224x224
7331,deadlifting/DXoBNCn0P-U.mp4,deadlifting,k400,0,32,224x224
7332,writing/OfrFauTORsc.mp4,writing,k400,0,32,224x224
7333,riding elephant/vGoJXWyuIzw.mp4,riding elephant,k400,0,32,224x224
7334,abseiling/j7Iy9wQev8Q.mp4,abseiling,k400,0,32,224x224
7335,scuba diving/EDOx77BDBZk.mp4,scuba diving,k400,0,32,224x224
7336,sticking tongue out/HPohw9QYF2M.mp4,sticking tongue out,k400,0,32,224x224
7337,playing didgeridoo/tdNWxQcUGAk.mp4,playing didgeridoo,k400,0,32,224x224
7338,spray painting/UMRuefzo3Dc.mp4,spray painting,k400,0,32,224x224
7339,yoga/rTqITqnOz4w.mp4,yoga,k400,0,32,224x224
7340,jetskiing/gDaYxxycgtg.mp4,jetskiing,k400,0,32,224x224
7341,arm wrestling/H5JyI7LaYpw.mp4,arm wrestling,k400,0,32,224x224
7342,folding paper/0-y-znu_-vw.mp4,folding paper,k400,0,32,224x224
7343,washing dishes/EFD2FZmNj7Y.mp4,washing dishes,k400,0,32,224x224
7344,cleaning gutters/z1LLss_RUEg.mp4,cleaning gutters,k400,0,32,224x224
7345,dancing ballet/DxPDnRGzh2c.mp4,dancing ballet,k400,0,32,224x224
7346,making sushi/ij2IkJfMjt0.mp4,making sushi,k400,0,32,224x224
7347,sled dog racing/5z2BUVk0fmE.mp4,sled dog racing,k400,0,32,224x224
7348,unboxing/UJQAq4nsaS0.mp4,unboxing,k400,0,32,224x224
7349,whistling/aQJ4_Vw7mZU.mp4,whistling,k400,0,32,224x224
7350,playing accordion/9cXhMRhDin8.mp4,playing accordion,k400,0,32,224x224
7351,hurdling/kwgHpPT55oM.mp4,hurdling,k400,0,32,224x224
7352,playing cello/2Xunm_ocLWY.mp4,playing cello,k400,0,32,224x224
7353,sharpening pencil/qbS0E6lWgFQ.mp4,sharpening pencil,k400,0,32,224x224
7354,paragliding/giXzuVBMKUA.mp4,paragliding,k400,0,32,224x224
7355,building shed/MAVHnrPvhzc.mp4,building shed,k400,0,32,224x224
7356,high jump/iLiKDk56Nb8.mp4,high jump,k400,0,32,224x224
7357,bending back/jspaKVOL5C8.mp4,bending back,k400,0,32,224x224
7358,tying knot (not on a tie)/N0Y1fmf7P-M.mp4,tying knot (not on a tie),k400,0,32,224x224
7359,snowkiting/UJp4YZG_Tnc.mp4,snowkiting,k400,0,32,224x224
7360,tobogganing/TBDCGHjqt6U.mp4,tobogganing,k400,0,32,224x224
7361,tap dancing/DTGxQf_1eqA.mp4,tap dancing,k400,0,32,224x224
7362,yawning/mdJL52E_iog.mp4,yawning,k400,0,32,224x224
7363,scrambling eggs/ns5JWNcpuW8.mp4,scrambling eggs,k400,0,32,224x224
7364,pushing cart/95C6G2SxncE.mp4,pushing cart,k400,0,32,224x224
7365,playing poker/r2dZdGguBDY.mp4,playing poker,k400,0,32,224x224
7366,grooming dog/syAZ7F2JK_4.mp4,grooming dog,k400,0,32,224x224
7367,yoga/AmdABChffnI.mp4,yoga,k400,0,32,224x224
7368,flipping pancake/e0zAsefseH4.mp4,flipping pancake,k400,0,32,224x224
7369,high jump/ME9rA5Xbz1c.mp4,high jump,k400,0,32,224x224
7370,baby waking up/EbgTfeN5tIo.mp4,baby waking up,k400,0,32,224x224
7371,trimming trees/pmY5mepENsw.mp4,trimming trees,k400,0,32,224x224
7372,surfing water/Lu1bs1Cv1bU.mp4,surfing water,k400,0,32,224x224
7373,drinking shots/djeOniniifw.mp4,drinking shots,k400,0,32,224x224
7374,slapping/zDo1CZLbJLk.mp4,slapping,k400,0,32,224x224
7375,playing badminton/r7ehwVXKbqY.mp4,playing badminton,k400,0,32,224x224
7376,feeding birds/9VhVGQt79UA.mp4,feeding birds,k400,0,32,224x224
7377,playing trombone/v2moPU89V0c.mp4,playing trombone,k400,0,32,224x224
7378,clean and jerk/2AYxL9o3id0.mp4,clean and jerk,k400,0,32,224x224
7379,changing wheel/Xbr6ECntdys.mp4,changing wheel,k400,0,32,224x224
7380,shoveling snow/jgsoI2HK9FI.mp4,shoveling snow,k400,0,32,224x224
7381,texting/I8jVLgCSWCg.mp4,texting,k400,0,32,224x224
7382,rock climbing/NqrzwUj1P0w.mp4,rock climbing,k400,0,32,224x224
7383,playing clarinet/DM3iHg1ErTM.mp4,playing clarinet,k400,0,32,224x224
7384,squat/FIsp9nhkHSg.mp4,squat,k400,0,32,224x224
7385,bouncing on trampoline/LEzEk1ETlDk.mp4,bouncing on trampoline,k400,0,32,224x224
7386,slacklining/D26U0GxLMbk.mp4,slacklining,k400,0,32,224x224
7387,country line dancing/imDGZb1wS9M.mp4,country line dancing,k400,0,32,224x224
7388,peeling apples/AmBNPC_IY0s.mp4,peeling apples,k400,0,32,224x224
7389,walking the dog/Aj_iVap2D_o.mp4,walking the dog,k400,0,32,224x224
7390,playing bagpipes/J2cDVS2IKJo.mp4,playing bagpipes,k400,0,32,224x224
7391,shaking head/6N22GK84Rzc.mp4,shaking head,k400,0,32,224x224
7392,massaging back/8W3OKZ95tds.mp4,massaging back,k400,0,32,224x224
7393,gymnastics tumbling/wLtyOooaXRw.mp4,gymnastics tumbling,k400,0,32,224x224
7394,eating spaghetti/bIg_U8fB20g.mp4,eating spaghetti,k400,0,32,224x224
7395,slacklining/GaUMJoXc844.mp4,slacklining,k400,0,32,224x224
7396,moving furniture/C_6veim6V0Y.mp4,moving furniture,k400,0,32,224x224
7397,dribbling basketball/7zWHXnb18R4.mp4,dribbling basketball,k400,0,32,224x224
7398,golf putting/TdJUEcnO3D8.mp4,golf putting,k400,0,32,224x224
7399,riding elephant/tpiIkEbj6Vw.mp4,riding elephant,k400,0,32,224x224
7400,climbing tree/aBGzmjijQcU.mp4,climbing tree,k400,0,32,224x224
7401,pushing cart/huWV9qPJMnc.mp4,pushing cart,k400,0,32,224x224
7402,cheerleading/AP-y61A3wHU.mp4,cheerleading,k400,0,32,224x224
7403,catching or throwing baseball/gkZY13cbF_c.mp4,catching or throwing baseball,k400,0,32,224x224
7404,playing monopoly/7K7XQlBNnlw.mp4,playing monopoly,k400,0,32,224x224
7405,snorkeling/utLGT0HKpag.mp4,snorkeling,k400,0,32,224x224
7406,drop kicking/xIlWY_2shYA.mp4,drop kicking,k400,0,32,224x224
7407,crawling baby/F9JqTMxfXFc.mp4,crawling baby,k400,0,32,224x224
7408,riding mechanical bull/SPyjfe_5hFU.mp4,riding mechanical bull,k400,0,32,224x224
7409,tickling/GNNejmBRsjw.mp4,tickling,k400,0,32,224x224
7410,playing drums/0vJBFSDG1ss.mp4,playing drums,k400,0,32,224x224
7411,pushing cart/rhpC3DESvMk.mp4,pushing cart,k400,0,32,224x224
7412,grooming horse/c7SweMMGQE8.mp4,grooming horse,k400,0,32,224x224
7413,playing cricket/UOKxyovTz7o.mp4,playing cricket,k400,0,32,224x224
7414,playing harp/iD1THJyMhAU.mp4,playing harp,k400,0,32,224x224
7415,pull ups/TNtJfaej1o8.mp4,pull ups,k400,0,32,224x224
7416,massaging person's head/jPQXlDKIArw.mp4,massaging person's head,k400,0,32,224x224
7417,gymnastics tumbling/n0SAxP1DYdY.mp4,gymnastics tumbling,k400,0,32,224x224
7418,swimming backstroke/y-YyUQX-ooc.mp4,swimming backstroke,k400,0,32,224x224
7419,throwing discus/9KhySeZbYFQ.mp4,throwing discus,k400,0,32,224x224
7420,sign language interpreting/KsbvcVe8dyc.mp4,sign language interpreting,k400,0,32,224x224
7421,dancing charleston/ceMFFrkxP0E.mp4,dancing charleston,k400,0,32,224x224
7422,cooking chicken/fASNWiLKhk0.mp4,cooking chicken,k400,0,32,224x224
7423,making jewelry/gyl_nMiwg-Q.mp4,making jewelry,k400,0,32,224x224
7424,snorkeling/v7iLDy-I9p4.mp4,snorkeling,k400,0,32,224x224
7425,long jump/aJ68Her7dBE.mp4,long jump,k400,0,32,224x224
7426,air drumming/JvdXzpMcvtA.mp4,air drumming,k400,0,32,224x224
7427,playing squash or racquetball/xeJWYI0mPs0.mp4,playing squash or racquetball,k400,0,32,224x224
7428,motorcycling/klHp_wREsls.mp4,motorcycling,k400,0,32,224x224
7429,folding napkins/E-ffjX4gRJ4.mp4,folding napkins,k400,0,32,224x224
7430,yoga/xJwAYKUx7uA.mp4,yoga,k400,0,32,224x224
7431,rock scissors paper/3UOQJsT-ksM.mp4,rock scissors paper,k400,0,32,224x224
7432,playing xylophone/BzyYX4-uS2E.mp4,playing xylophone,k400,0,32,224x224
7433,jumping into pool/c-xMPjOTywo.mp4,jumping into pool,k400,0,32,224x224
7434,surfing water/MJtzN7fTVd8.mp4,surfing water,k400,0,32,224x224
7435,lunge/O13-DeCgkag.mp4,lunge,k400,0,32,224x224
7436,mowing lawn/BcUSu9HPhX4.mp4,mowing lawn,k400,0,32,224x224
7437,golf putting/vtA4LFmFiwg.mp4,golf putting,k400,0,32,224x224
7438,contact juggling/IuY6KnuK1ME.mp4,contact juggling,k400,0,32,224x224
7439,water sliding/3ELeJOLh5z8.mp4,water sliding,k400,0,32,224x224
7440,water skiing/CtSFfZuWPFc.mp4,water skiing,k400,0,32,224x224
7441,washing hair/BamIAQzBZcc.mp4,washing hair,k400,0,32,224x224
7442,cleaning pool/ntG50rvQcio.mp4,cleaning pool,k400,0,32,224x224
7443,exercising arm/H4bcpdyFjHM.mp4,exercising arm,k400,0,32,224x224
7444,playing ice hockey/LMvutv1852Q.mp4,playing ice hockey,k400,0,32,224x224
7445,shaking head/jHgnVhG-rQ4.mp4,shaking head,k400,0,32,224x224
7446,blowing glass/qvAqUQNQZEU.mp4,blowing glass,k400,0,32,224x224
7447,diving cliff/q4lB8CpTGiM.mp4,diving cliff,k400,0,32,224x224
7448,shearing sheep/JaNQw_-m4xM.mp4,shearing sheep,k400,0,32,224x224
7449,brushing hair/S5vWBS06hBA.mp4,brushing hair,k400,0,32,224x224
7450,archery/6JC5vWG0nQg.mp4,archery,k400,0,32,224x224
7451,eating watermelon/mpUkf02rM00.mp4,eating watermelon,k400,0,32,224x224
7452,jumping into pool/JUAPmpiY8Pk.mp4,jumping into pool,k400,0,32,224x224
7453,swimming breast stroke/VJdw7bXETxE.mp4,swimming breast stroke,k400,0,32,224x224
7454,tobogganing/jmwOFl3ZBFY.mp4,tobogganing,k400,0,32,224x224
7455,playing violin/SuCv5-puqvY.mp4,playing violin,k400,0,32,224x224
7456,swinging legs/1VlaNbgO5JI.mp4,swinging legs,k400,0,32,224x224
7457,gargling/2lH3kz0AQ4o.mp4,gargling,k400,0,32,224x224
7458,catching or throwing frisbee/DsgjZAwSSRI.mp4,catching or throwing frisbee,k400,0,32,224x224
7459,playing accordion/GOogCIpY32E.mp4,playing accordion,k400,0,32,224x224
7460,playing violin/gLh5dZaW_oU.mp4,playing violin,k400,0,32,224x224
7461,riding mechanical bull/XLoEgjP0Z3U.mp4,riding mechanical bull,k400,0,32,224x224
7462,washing hands/xMwmdLEGaG8.mp4,washing hands,k400,0,32,224x224
7463,slapping/HjISZCCFtLw.mp4,slapping,k400,0,32,224x224
7464,catching or throwing baseball/xrygOElnq5I.mp4,catching or throwing baseball,k400,0,32,224x224
7465,washing feet/yHCXaKUNRMI.mp4,washing feet,k400,0,32,224x224
7466,getting a tattoo/6kfouUE9tMQ.mp4,getting a tattoo,k400,0,32,224x224
7467,catching or throwing baseball/lXsgcS6EHCc.mp4,catching or throwing baseball,k400,0,32,224x224
7468,petting cat/j9RucIyTvc4.mp4,petting cat,k400,0,32,224x224
7469,braiding hair/yxQYGWYHqDI.mp4,braiding hair,k400,0,32,224x224
7470,playing xylophone/a4Mu5ZqTb8A.mp4,playing xylophone,k400,0,32,224x224
7471,tai chi/FC_ltVf65K8.mp4,tai chi,k400,0,32,224x224
7472,belly dancing/Xcj-fgN0ZLE.mp4,belly dancing,k400,0,32,224x224
7473,playing cymbals/XElPTP8r-yY.mp4,playing cymbals,k400,0,32,224x224
7474,dancing gangnam style/RGGQ92Kp71s.mp4,dancing gangnam style,k400,0,32,224x224
7475,marching/6SJM6wbTk5g.mp4,marching,k400,0,32,224x224
7476,squat/PUsv9bozPzA.mp4,squat,k400,0,32,224x224
7477,water sliding/z3O9BA6Ta_k.mp4,water sliding,k400,0,32,224x224
7478,using computer/sOyTlwr2Keg.mp4,using computer,k400,0,32,224x224
7479,reading newspaper/4sVlcU4_Sws.mp4,reading newspaper,k400,0,32,224x224
7480,dining/3t9fxnq4gs4.mp4,dining,k400,0,32,224x224
7481,playing organ/d9d6VeEwqu4.mp4,playing organ,k400,0,32,224x224
7482,zumba/OFsFSZSlduQ.mp4,zumba,k400,0,32,224x224
7483,breakdancing/eJ1qPbKa-8c.mp4,breakdancing,k400,0,32,224x224
7484,jetskiing/gEAiHZmJhIY.mp4,jetskiing,k400,0,32,224x224
7485,tying tie/n8Z3Gki9MSs.mp4,tying tie,k400,0,32,224x224
7486,robot dancing/ZXynTQo5QMQ.mp4,robot dancing,k400,0,32,224x224
7487,scuba diving/abblVj1ddog.mp4,scuba diving,k400,0,32,224x224
7488,drinking beer/Bz_UzA4Au2w.mp4,drinking beer,k400,0,32,224x224
7489,bowling/N0riu-LbLh8.mp4,bowling,k400,0,32,224x224
7490,waxing legs/Ty7uEyxwJEU.mp4,waxing legs,k400,0,32,224x224
7491,bouncing on trampoline/UIsKylK0-Yg.mp4,bouncing on trampoline,k400,0,32,224x224
7492,applying cream/PUAVxxgaPQU.mp4,applying cream,k400,0,32,224x224
7493,feeding goats/PASXlwbxsOE.mp4,feeding goats,k400,0,32,224x224
7494,giving or receiving award/r_dQ0SOQ9z0.mp4,giving or receiving award,k400,0,32,224x224
7495,tobogganing/wC7p1j7YGlg.mp4,tobogganing,k400,0,32,224x224
7496,jetskiing/kFYEaUAidAM.mp4,jetskiing,k400,0,32,224x224
7497,crying/2gZWXqZK18E.mp4,crying,k400,0,32,224x224
7498,golf putting/Qby4Ec-zq9c.mp4,golf putting,k400,0,32,224x224
7499,kicking soccer ball/uURzAPMSSNY.mp4,kicking soccer ball,k400,0,32,224x224
7500,passing American football (in game)/tCCQ-94wKMk.mp4,passing American football (in game),k400,0,32,224x224
7501,pushing cart/ySAAghxyv9s.mp4,pushing cart,k400,0,32,224x224
7502,eating spaghetti/N-JYGijM6W8.mp4,eating spaghetti,k400,0,32,224x224
7503,vault/RgCMp1FhYFU.mp4,vault,k400,0,32,224x224
7504,waiting in line/kFJ6f1tBce8.mp4,waiting in line,k400,0,32,224x224
7505,presenting weather forecast/K1DxcdUTpH8.mp4,presenting weather forecast,k400,0,32,224x224
7506,golf chipping/ekLOwiqkyvM.mp4,golf chipping,k400,0,32,224x224
7507,testifying/PnshodTy8s8.mp4,testifying,k400,0,32,224x224
7508,playing guitar/FRyP-eiVsEI.mp4,playing guitar,k400,0,32,224x224
7509,driving tractor/k9cIvtYXYlE.mp4,driving tractor,k400,0,32,224x224
7510,snowboarding/1meD3ogeBbc.mp4,snowboarding,k400,0,32,224x224
7511,abseiling/9EYSXPShv9k.mp4,abseiling,k400,0,32,224x224
7512,canoeing or kayaking/pmSOOs-ZiCk.mp4,canoeing or kayaking,k400,0,32,224x224
7513,weaving basket/hro3EKKXaOs.mp4,weaving basket,k400,0,32,224x224
7514,driving car/zkM6xOk-Drs.mp4,driving car,k400,0,32,224x224
7515,peeling potatoes/b_w4ItTJCfw.mp4,peeling potatoes,k400,0,32,224x224
7516,welding/9enOGiIQ-eQ.mp4,welding,k400,0,32,224x224
7517,jumping into pool/1nlYkFSAhxQ.mp4,jumping into pool,k400,0,32,224x224
7518,sticking tongue out/3g-Nlos6CtA.mp4,sticking tongue out,k400,0,32,224x224
7519,ice climbing/oKxe9M37Zbg.mp4,ice climbing,k400,0,32,224x224
7520,zumba/qbKoTXe9ymU.mp4,zumba,k400,0,32,224x224
7521,dining/5Ctxxn0eacU.mp4,dining,k400,0,32,224x224
7522,skiing (not slalom or crosscountry)/2awiYa_eJTc.mp4,skiing (not slalom or crosscountry),k400,0,32,224x224
7523,shaking head/r32BlHqb5DU.mp4,shaking head,k400,0,32,224x224
7524,situp/_gFhyDxy4zc.mp4,situp,k400,0,32,224x224
7525,scuba diving/4HO8lvDC7zE.mp4,scuba diving,k400,0,32,224x224
7526,swimming backstroke/Z4_MnKtr_1k.mp4,swimming backstroke,k400,0,32,224x224
7527,belly dancing/4pK0q_Yo2lU.mp4,belly dancing,k400,0,32,224x224
7528,folding clothes/673_zZfIRJs.mp4,folding clothes,k400,0,32,224x224
7529,bookbinding/4BMSrm0QOt0.mp4,bookbinding,k400,0,32,224x224
7530,skiing (not slalom or crosscountry)/UMFvC1Dx2fU.mp4,skiing (not slalom or crosscountry),k400,0,32,224x224
7531,mopping floor/XVLuRTO-UJw.mp4,mopping floor,k400,0,32,224x224
7532,feeding fish/23qRqe8SK8I.mp4,feeding fish,k400,0,32,224x224
7533,tobogganing/6Q3kMmRYXoA.mp4,tobogganing,k400,0,32,224x224
7534,hammer throw/rvzNSp1r1q8.mp4,hammer throw,k400,0,32,224x224
7535,throwing discus/tlGZSOtkGU0.mp4,throwing discus,k400,0,32,224x224
7536,rock climbing/ydDO2DDgDPU.mp4,rock climbing,k400,0,32,224x224
7537,playing badminton/wIsIZ05n8S0.mp4,playing badminton,k400,0,32,224x224
7538,pumping fist/V4W4t7DtoTE.mp4,pumping fist,k400,0,32,224x224
7539,tasting beer/aPCI5eQddVM.mp4,tasting beer,k400,0,32,224x224
7540,throwing ball/hncL2B8PlGw.mp4,throwing ball,k400,0,32,224x224
7541,salsa dancing/w-AaaLM087I.mp4,salsa dancing,k400,0,32,224x224
7542,bobsledding/VXrhBFb9yAw.mp4,bobsledding,k400,0,32,224x224
7543,building shed/F7tjedJ2mbw.mp4,building shed,k400,0,32,224x224
7544,tapping pen/5CU_uPCt9BQ.mp4,tapping pen,k400,0,32,224x224
7545,shoveling snow/b9X-29-ueG0.mp4,shoveling snow,k400,0,32,224x224
7546,juggling soccer ball/wGkb460BxKM.mp4,juggling soccer ball,k400,0,32,224x224
7547,blowing nose/t53jgr9QI8Y.mp4,blowing nose,k400,0,32,224x224
7548,bowling/eS75AMYK1a8.mp4,bowling,k400,0,32,224x224
7549,laughing/_tDLXB0CzrQ.mp4,laughing,k400,0,32,224x224
7550,eating doughnuts/xQQ7NXuGigc.mp4,eating doughnuts,k400,0,32,224x224
7551,finger snapping/VWdWeN-lcjU.mp4,finger snapping,k400,0,32,224x224
7552,frying vegetables/cLuR4DjI7eU.mp4,frying vegetables,k400,0,32,224x224
7553,presenting weather forecast/xogmn9Am_y8.mp4,presenting weather forecast,k400,0,32,224x224
7554,folding napkins/YbaAmAqHC94.mp4,folding napkins,k400,0,32,224x224
7555,dying hair/MxIMV-r-R4A.mp4,dying hair,k400,0,32,224x224
7556,playing xylophone/jrvvQjFUIaE.mp4,playing xylophone,k400,0,32,224x224
7557,picking fruit/fuOAtD8t_HI.mp4,picking fruit,k400,0,32,224x224
7558,catching or throwing softball/wvvbwctCHBg.mp4,catching or throwing softball,k400,0,32,224x224
7559,singing/LBKfwf4jpWA.mp4,singing,k400,0,32,224x224
7560,singing/3EjewsItf0c.mp4,singing,k400,0,32,224x224
7561,riding or walking with horse/rkfj4UiZcZQ.mp4,riding or walking with horse,k400,0,32,224x224
7562,playing cello/FrghTwU-DAc.mp4,playing cello,k400,0,32,224x224
7563,playing harp/9cakCpXnHaA.mp4,playing harp,k400,0,32,224x224
7564,eating cake/Rym10tv0MkY.mp4,eating cake,k400,0,32,224x224
7565,cracking neck/A1CyEtThLzM.mp4,cracking neck,k400,0,32,224x224
7566,brushing teeth/8XXZ7UdjM4w.mp4,brushing teeth,k400,0,32,224x224
7567,motorcycling/oSia_Wk9Om0.mp4,motorcycling,k400,0,32,224x224
7568,brushing teeth/qeUJPleOuDk.mp4,brushing teeth,k400,0,32,224x224
7569,tobogganing/Kgc3DiWDGqc.mp4,tobogganing,k400,0,32,224x224
7570,finger snapping/XF98pkaKBIs.mp4,finger snapping,k400,0,32,224x224
7571,drinking beer/KyP6HBOI-OU.mp4,drinking beer,k400,0,32,224x224
7572,taking a shower/U-5QC_ezpLE.mp4,taking a shower,k400,0,32,224x224
7573,riding unicycle/yWftwOg2S-4.mp4,riding unicycle,k400,0,32,224x224
7574,playing cello/DDocEoCdH-4.mp4,playing cello,k400,0,32,224x224
7575,rock climbing/PP9PG-u8EkQ.mp4,rock climbing,k400,0,32,224x224
7576,drawing/u9XWr3kjdb8.mp4,drawing,k400,0,32,224x224
7577,diving cliff/rIfTTn1aGb8.mp4,diving cliff,k400,0,32,224x224
7578,tickling/vkNz1a5WRR8.mp4,tickling,k400,0,32,224x224
7579,auctioning/G9BMMjL4Q28.mp4,auctioning,k400,0,32,224x224
7580,paragliding/-qCYMzHkc2k.mp4,paragliding,k400,0,32,224x224
7581,braiding hair/_1RzW2_HTzw.mp4,braiding hair,k400,0,32,224x224
7582,playing trombone/iu1nG64oUQA.mp4,playing trombone,k400,0,32,224x224
7583,salsa dancing/s4M0gMsIsOE.mp4,salsa dancing,k400,0,32,224x224
7584,windsurfing/4A-vOoSYf78.mp4,windsurfing,k400,0,32,224x224
7585,playing basketball/OjaT8_wjL4k.mp4,playing basketball,k400,0,32,224x224
7586,shaving legs/InPccnAb95M.mp4,shaving legs,k400,0,32,224x224
7587,driving tractor/i8V5RU0ayAY.mp4,driving tractor,k400,0,32,224x224
7588,cleaning gutters/VU1xaTiXFOQ.mp4,cleaning gutters,k400,0,32,224x224
7589,tying tie/U5PCcdrDOmw.mp4,tying tie,k400,0,32,224x224
7590,playing accordion/bZIAfqqaggw.mp4,playing accordion,k400,0,32,224x224
7591,slacklining/myTJREdJSdc.mp4,slacklining,k400,0,32,224x224
7592,pushing car/Kjt3S5PrbBs.mp4,pushing car,k400,0,32,224x224
7593,curling hair/tku44Gm-YXc.mp4,curling hair,k400,0,32,224x224
7594,hitting baseball/3LqqSpinRYQ.mp4,hitting baseball,k400,0,32,224x224
7595,making pizza/x2e4Wv7wKkk.mp4,making pizza,k400,0,32,224x224
7596,washing hands/6G5RK7SA4n8.mp4,washing hands,k400,0,32,224x224
7597,side kick/8F8ZA1o5V7U.mp4,side kick,k400,0,32,224x224
7598,hula hooping/mqUmJ5sAP5o.mp4,hula hooping,k400,0,32,224x224
7599,welding/H4xqTNXs-cI.mp4,welding,k400,0,32,224x224
7600,gymnastics tumbling/9k3JPNIHHvQ.mp4,gymnastics tumbling,k400,0,32,224x224
7601,tobogganing/wO-k03U6Zw4.mp4,tobogganing,k400,0,32,224x224
7602,headbanging/SYRAXA-71_U.mp4,headbanging,k400,0,32,224x224
7603,shot put/SyA2xjt3by4.mp4,shot put,k400,0,32,224x224
7604,crossing river/5oMh4uB0e4k.mp4,crossing river,k400,0,32,224x224
7605,side kick/5aZl-20UF5w.mp4,side kick,k400,0,32,224x224
7606,extinguishing fire/ha-6yaRO94k.mp4,extinguishing fire,k400,0,32,224x224
7607,pole vault/2IyM9NKocwI.mp4,pole vault,k400,0,32,224x224
7608,bowling/m58jMmMpJTU.mp4,bowling,k400,0,32,224x224
7609,waxing legs/6YN8Jcvbjbk.mp4,waxing legs,k400,0,32,224x224
7610,trimming trees/GOZOxne2xM8.mp4,trimming trees,k400,0,32,224x224
7611,sweeping floor/pXQQEdTvYzk.mp4,sweeping floor,k400,0,32,224x224
7612,catching fish/7VMWgE4UXXk.mp4,catching fish,k400,0,32,224x224
7613,clapping/AmpWTdipcJ0.mp4,clapping,k400,0,32,224x224
7614,hurdling/0UEeSEdrzgQ.mp4,hurdling,k400,0,32,224x224
7615,surfing water/k7G5eTv7Ph8.mp4,surfing water,k400,0,32,224x224
7616,trapezing/XAwdIIN3S7A.mp4,trapezing,k400,0,32,224x224
7617,pole vault/ukHX4y3l_1s.mp4,pole vault,k400,0,32,224x224
7618,tying knot (not on a tie)/GVyZ_GwqG0k.mp4,tying knot (not on a tie),k400,0,32,224x224
7619,grooming horse/HTjY3vaLMl0.mp4,grooming horse,k400,0,32,224x224
7620,sled dog racing/wDIW4GHUZ0k.mp4,sled dog racing,k400,0,32,224x224
7621,playing keyboard/jyPUQPHQKl0.mp4,playing keyboard,k400,0,32,224x224
7622,massaging back/cAPazInUuL0.mp4,massaging back,k400,0,32,224x224
7623,hugging/GlFheMyy5Qc.mp4,hugging,k400,0,32,224x224
7624,surfing crowd/qbWY1IOGRm4.mp4,surfing crowd,k400,0,32,224x224
7625,playing keyboard/ehNFuE3QyM8.mp4,playing keyboard,k400,0,32,224x224
7626,playing monopoly/rSpB_ahJmg8.mp4,playing monopoly,k400,0,32,224x224
7627,milking cow/cKSNx4ddEeg.mp4,milking cow,k400,0,32,224x224
7628,beatboxing/9hpLd3RtrtA.mp4,beatboxing,k400,0,32,224x224
7629,giving or receiving award/1g0U3RsCYSo.mp4,giving or receiving award,k400,0,32,224x224
7630,moving furniture/vMQ4KSXpLaI.mp4,moving furniture,k400,0,32,224x224
7631,faceplanting/63P_ycLnm_w.mp4,faceplanting,k400,0,32,224x224
7632,arranging flowers/1X9B_wELs3A.mp4,arranging flowers,k400,0,32,224x224
7633,giving or receiving award/rca1UTWRPog.mp4,giving or receiving award,k400,0,32,224x224
7634,canoeing or kayaking/q7di6TVPyyQ.mp4,canoeing or kayaking,k400,0,32,224x224
7635,eating ice cream/9_pe88VUt5Q.mp4,eating ice cream,k400,0,32,224x224
7636,waxing eyebrows/UhJy0HCZnuo.mp4,waxing eyebrows,k400,0,32,224x224
7637,sweeping floor/vhZSoy_Ds18.mp4,sweeping floor,k400,0,32,224x224
7638,playing monopoly/-4AxmUAfrSc.mp4,playing monopoly,k400,0,32,224x224
7639,water skiing/uLQFtAHNGN0.mp4,water skiing,k400,0,32,224x224
7640,crying/aAzdaoMq4K4.mp4,crying,k400,0,32,224x224
7641,mowing lawn/p3ng5C-26XI.mp4,mowing lawn,k400,0,32,224x224
7642,playing saxophone/R6RtYacmzkY.mp4,playing saxophone,k400,0,32,224x224
7643,cooking egg/7ghuy9qjdJY.mp4,cooking egg,k400,0,32,224x224
7644,swinging on something/CKyNqZARpvU.mp4,swinging on something,k400,0,32,224x224
7645,mopping floor/MfsLzTcXiiY.mp4,mopping floor,k400,0,32,224x224
7646,tai chi/CBe8EeL7Lx0.mp4,tai chi,k400,0,32,224x224
7647,getting a tattoo/CpKZFeEg_Hw.mp4,getting a tattoo,k400,0,32,224x224
7648,tobogganing/ZgxTEifRLB8.mp4,tobogganing,k400,0,32,224x224
7649,decorating the christmas tree/FFXuSesbYM4.mp4,decorating the christmas tree,k400,0,32,224x224
7650,waxing legs/j_aZfQKgd7c.mp4,waxing legs,k400,0,32,224x224
7651,surfing crowd/wo39jbBWj2U.mp4,surfing crowd,k400,0,32,224x224
7652,feeding birds/903d6__uCUI.mp4,feeding birds,k400,0,32,224x224
7653,ice skating/LTecuvgdmZw.mp4,ice skating,k400,0,32,224x224
7654,sword fighting/Q38bGDHJO_g.mp4,sword fighting,k400,0,32,224x224
7655,kicking field goal/ZOs5-g48qK4.mp4,kicking field goal,k400,0,32,224x224
7656,shaving legs/tXdHb74V7qo.mp4,shaving legs,k400,0,32,224x224
7657,drinking shots/dwj-2rMsgNg.mp4,drinking shots,k400,0,32,224x224
7658,trimming trees/WAo67gB-1LE.mp4,trimming trees,k400,0,32,224x224
7659,building cabinet/4ztmGmAGedc.mp4,building cabinet,k400,0,32,224x224
7660,jogging/AThVa9iAVz4.mp4,jogging,k400,0,32,224x224
7661,hurdling/q5wNv45ekCk.mp4,hurdling,k400,0,32,224x224
7662,knitting/BMnqufiOxwM.mp4,knitting,k400,0,32,224x224
7663,flying kite/voJnxLQFzVQ.mp4,flying kite,k400,0,32,224x224
7664,using computer/yElxTbCGnwk.mp4,using computer,k400,0,32,224x224
7665,playing harp/rFyRv1fk0hs.mp4,playing harp,k400,0,32,224x224
7666,air drumming/vAay-r4fBVg.mp4,air drumming,k400,0,32,224x224
7667,pushing car/qEK4CYvTi4g.mp4,pushing car,k400,0,32,224x224
7668,doing nails/KEXopMFeKZE.mp4,doing nails,k400,0,32,224x224
7669,golf chipping/iQ42i_YgGh8.mp4,golf chipping,k400,0,32,224x224
7670,cleaning toilet/EZQ0N-8xNjs.mp4,cleaning toilet,k400,0,32,224x224
7671,hurling (sport)/U6pSiBXMyak.mp4,hurling (sport),k400,0,32,224x224
7672,pushing car/iaazR_PPrlI.mp4,pushing car,k400,0,32,224x224
7673,country line dancing/N0MWRmqNU10.mp4,country line dancing,k400,0,32,224x224
7674,scuba diving/jkJigO_22g8.mp4,scuba diving,k400,0,32,224x224
7675,playing cello/fPcIR0uoe2c.mp4,playing cello,k400,0,32,224x224
7676,lunge/760cZqTYmH0.mp4,lunge,k400,0,32,224x224
7677,blowing out candles/avwqwq2w89A.mp4,blowing out candles,k400,0,32,224x224
7678,playing monopoly/It4fxOKOgzU.mp4,playing monopoly,k400,0,32,224x224
7679,cleaning toilet/53mNzUlhh5c.mp4,cleaning toilet,k400,0,32,224x224
7680,cooking sausages/WVJeefFkUwQ.mp4,cooking sausages,k400,0,32,224x224
7681,opening bottle/smPMlSPsKXQ.mp4,opening bottle,k400,0,32,224x224
7682,deadlifting/RWAUQBYCoKs.mp4,deadlifting,k400,0,32,224x224
7683,arm wrestling/BwXTaoZRFC0.mp4,arm wrestling,k400,0,32,224x224
7684,riding mountain bike/FMVrDxFKUCw.mp4,riding mountain bike,k400,0,32,224x224
7685,feeding birds/Nt6uPn4NoQ8.mp4,feeding birds,k400,0,32,224x224
7686,finger snapping/7JLPy-FuF8I.mp4,finger snapping,k400,0,32,224x224
7687,motorcycling/7er16uiTeWA.mp4,motorcycling,k400,0,32,224x224
7688,crawling baby/gmGWLcGt0eI.mp4,crawling baby,k400,0,32,224x224
7689,driving car/0z5IBF2JqJ4.mp4,driving car,k400,0,32,224x224
7690,dunking basketball/5_1aiIuwUW0.mp4,dunking basketball,k400,0,32,224x224
7691,belly dancing/FeHYncsl4pw.mp4,belly dancing,k400,0,32,224x224
7692,giving or receiving award/WVj0xxpUlHU.mp4,giving or receiving award,k400,0,32,224x224
7693,playing ukulele/z9rvnfpRM3E.mp4,playing ukulele,k400,0,32,224x224
7694,canoeing or kayaking/-jOJedjjk74.mp4,canoeing or kayaking,k400,0,32,224x224
7695,biking through snow/rflwTwmkWGo.mp4,biking through snow,k400,0,32,224x224
7696,playing basketball/mevaaT0h4Is.mp4,playing basketball,k400,0,32,224x224
7697,shuffling cards/zC0rhoPToc0.mp4,shuffling cards,k400,0,32,224x224
7698,flying kite/O0bFB5XHe_E.mp4,flying kite,k400,0,32,224x224
7699,skydiving/_LYq6QGebHI.mp4,skydiving,k400,0,32,224x224
7700,crossing river/bCMFgjQ9kBA.mp4,crossing river,k400,0,32,224x224
7701,playing organ/v1Vh91MvgY4.mp4,playing organ,k400,0,32,224x224
7702,kitesurfing/wTB79KXGXfY.mp4,kitesurfing,k400,0,32,224x224
7703,grooming horse/gbefeSFrd4U.mp4,grooming horse,k400,0,32,224x224
7704,springboard diving/zVzUzNPrESE.mp4,springboard diving,k400,0,32,224x224
7705,cutting nails/8q1OvRq7SYk.mp4,cutting nails,k400,0,32,224x224
7706,shoveling snow/bM2c35ka_ZE.mp4,shoveling snow,k400,0,32,224x224
7707,zumba/psixubJZac0.mp4,zumba,k400,0,32,224x224
7708,bowling/eTr4Kz7k-44.mp4,bowling,k400,0,32,224x224
7709,bending back/HG4XY8g_u4s.mp4,bending back,k400,0,32,224x224
7710,celebrating/xj6U7_TKKbI.mp4,celebrating,k400,0,32,224x224
7711,tobogganing/cTHRqOjBQjo.mp4,tobogganing,k400,0,32,224x224
7712,long jump/vg1pNtkCXJE.mp4,long jump,k400,0,32,224x224
7713,playing trumpet/U5UFwZj1jsg.mp4,playing trumpet,k400,0,32,224x224
7714,waxing legs/sakKe8puw3o.mp4,waxing legs,k400,0,32,224x224
7715,playing harp/I9dynmTZJSQ.mp4,playing harp,k400,0,32,224x224
7716,presenting weather forecast/RKQbBIS9vdg.mp4,presenting weather forecast,k400,0,32,224x224
7717,carrying baby/WjrGvK-vF8s.mp4,carrying baby,k400,0,32,224x224
7718,mopping floor/WBu3ic6VqCg.mp4,mopping floor,k400,0,32,224x224
7719,punching bag/h8Lj48wlDVY.mp4,punching bag,k400,0,32,224x224
7720,shaving legs/P9fJ8PaKC0k.mp4,shaving legs,k400,0,32,224x224
7721,pushing car/ELib3WhRG-c.mp4,pushing car,k400,0,32,224x224
7722,playing ice hockey/cqXQFQhzOLI.mp4,playing ice hockey,k400,0,32,224x224
7723,passing American football (not in game)/vhovA1d6eHI.mp4,passing American football (not in game),k400,0,32,224x224
7724,making bed/YuZOkpIgrJ0.mp4,making bed,k400,0,32,224x224
7725,throwing discus/dFmKyljHM_o.mp4,throwing discus,k400,0,32,224x224
7726,canoeing or kayaking/M8ZsINkVrRI.mp4,canoeing or kayaking,k400,0,32,224x224
7727,climbing tree/yZ2f318LWs8.mp4,climbing tree,k400,0,32,224x224
7728,applauding/GxZIwTZbCkY.mp4,applauding,k400,0,32,224x224
7729,counting money/eofeeRDyy50.mp4,counting money,k400,0,32,224x224
7730,massaging person's head/7v-bWZwOzoo.mp4,massaging person's head,k400,0,32,224x224
7731,rock scissors paper/ymoZjWlmMzg.mp4,rock scissors paper,k400,0,32,224x224
7732,news anchoring/Vh6Xxu0tuo8.mp4,news anchoring,k400,0,32,224x224
7733,high kick/SxcxmC48JC8.mp4,high kick,k400,0,32,224x224
7734,carving pumpkin/Xx5S6h5-C3w.mp4,carving pumpkin,k400,0,32,224x224
7735,hurdling/9PYLu8Sf4oI.mp4,hurdling,k400,0,32,224x224
7736,playing organ/qDv6qsV3hEw.mp4,playing organ,k400,0,32,224x224
7737,playing clarinet/4P7UNRnnfsE.mp4,playing clarinet,k400,0,32,224x224
7738,krumping/EigGoc87B_U.mp4,krumping,k400,0,32,224x224
7739,playing ukulele/4zGG_8O8pBo.mp4,playing ukulele,k400,0,32,224x224
7740,skipping rope/cgEfsdtzeTU.mp4,skipping rope,k400,0,32,224x224
7741,brushing hair/mxGz3pMDHNY.mp4,brushing hair,k400,0,32,224x224
7742,massaging feet/FDQiHCyGXa4.mp4,massaging feet,k400,0,32,224x224
7743,cooking egg/GawZIQKejyA.mp4,cooking egg,k400,0,32,224x224
7744,catching fish/Yj6DX_xI_oQ.mp4,catching fish,k400,0,32,224x224
7745,eating spaghetti/wuA90nXuKfU.mp4,eating spaghetti,k400,0,32,224x224
7746,washing dishes/prdLHu4ece8.mp4,washing dishes,k400,0,32,224x224
7747,jumping into pool/U0vLJKvr6t4.mp4,jumping into pool,k400,0,32,224x224
7748,playing bagpipes/HYQjd62oCsg.mp4,playing bagpipes,k400,0,32,224x224
7749,smoking hookah/qrDKhk0v26Q.mp4,smoking hookah,k400,0,32,224x224
7750,laughing/TDo8-Npsya4.mp4,laughing,k400,0,32,224x224
7751,playing cricket/QaoaRfrX680.mp4,playing cricket,k400,0,32,224x224
7752,crossing river/OVgrY1rOz1w.mp4,crossing river,k400,0,32,224x224
7753,playing trumpet/WNLNYYSuuFM.mp4,playing trumpet,k400,0,32,224x224
7754,grooming dog/I5Jf5GnQ4i0.mp4,grooming dog,k400,0,32,224x224
7755,tai chi/On8dpRaW78Q.mp4,tai chi,k400,0,32,224x224
7756,long jump/BmshaSVIQXk.mp4,long jump,k400,0,32,224x224
7757,playing squash or racquetball/HllybP2iSTk.mp4,playing squash or racquetball,k400,0,32,224x224
7758,waxing chest/awkK-939ZKY.mp4,waxing chest,k400,0,32,224x224
7759,playing bass guitar/2aAz2QU_KQw.mp4,playing bass guitar,k400,0,32,224x224
7760,pumping gas/U9ZlHHbD8Ao.mp4,pumping gas,k400,0,32,224x224
7761,assembling computer/rmTkH653GjE.mp4,assembling computer,k400,0,32,224x224
7762,bandaging/HPHQ_-FMewA.mp4,bandaging,k400,0,32,224x224
7763,hurling (sport)/8AEEC44-VPQ.mp4,hurling (sport),k400,0,32,224x224
7764,country line dancing/c-2zWtrU3Jo.mp4,country line dancing,k400,0,32,224x224
7765,high kick/bxOR9FDfnow.mp4,high kick,k400,0,32,224x224
7766,bouncing on trampoline/BDFkgYxLDMg.mp4,bouncing on trampoline,k400,0,32,224x224
7767,bookbinding/jrzCexIF0tw.mp4,bookbinding,k400,0,32,224x224
7768,rock climbing/-bNJ60uzEa4.mp4,rock climbing,k400,0,32,224x224
7769,mowing lawn/p85HuZ0DLiM.mp4,mowing lawn,k400,0,32,224x224
7770,eating hotdog/RPPEd9hMDcg.mp4,eating hotdog,k400,0,32,224x224
7771,petting animal (not cat)/yq7cIWbr_ik.mp4,petting animal (not cat),k400,0,32,224x224
7772,blowing leaves/hv4d3i3DCo4.mp4,blowing leaves,k400,0,32,224x224
7773,kissing/r-gWsNi76pQ.mp4,kissing,k400,0,32,224x224
7774,gymnastics tumbling/0083lvylGBs.mp4,gymnastics tumbling,k400,0,32,224x224
7775,sticking tongue out/aLCy9PG7H7s.mp4,sticking tongue out,k400,0,32,224x224
7776,waxing chest/nybsxLuUNHE.mp4,waxing chest,k400,0,32,224x224
7777,tango dancing/qHrbBSX8IxE.mp4,tango dancing,k400,0,32,224x224
7778,playing xylophone/uhBKvy_7Iv0.mp4,playing xylophone,k400,0,32,224x224
7779,changing oil/mOpHrob0vow.mp4,changing oil,k400,0,32,224x224
7780,roller skating/Qt8RBNEvjRY.mp4,roller skating,k400,0,32,224x224
7781,folding clothes/S2w7XB3e8ek.mp4,folding clothes,k400,0,32,224x224
7782,shaving legs/3LjuAAYPRUo.mp4,shaving legs,k400,0,32,224x224
7783,presenting weather forecast/xLj5SeuB2So.mp4,presenting weather forecast,k400,0,32,224x224
7784,shuffling cards/1Krn8hNJGso.mp4,shuffling cards,k400,0,32,224x224
7785,getting a haircut/5c5PFa8GR-A.mp4,getting a haircut,k400,0,32,224x224
7786,busking/HnzrvUe8g_E.mp4,busking,k400,0,32,224x224
7787,carving pumpkin/7KqmVuKL-lg.mp4,carving pumpkin,k400,0,32,224x224
7788,unboxing/xWnThociun0.mp4,unboxing,k400,0,32,224x224
7789,sled dog racing/CwoCgEuJGkk.mp4,sled dog racing,k400,0,32,224x224
7790,cleaning shoes/Jzqjite1jmY.mp4,cleaning shoes,k400,0,32,224x224
7791,playing didgeridoo/1-mo1IALh-w.mp4,playing didgeridoo,k400,0,32,224x224
7792,crying/un_wO7BepLk.mp4,crying,k400,0,32,224x224
7793,folding paper/eOofRUp8qr4.mp4,folding paper,k400,0,32,224x224
7794,kissing/kpm6qOsEdKo.mp4,kissing,k400,0,32,224x224
7795,pushing cart/1_Js5nym0K0.mp4,pushing cart,k400,0,32,224x224
7796,capoeira/CBPyW-ju9Zs.mp4,capoeira,k400,0,32,224x224
7797,laughing/kGhoD-TeYzg.mp4,laughing,k400,0,32,224x224
7798,cartwheeling/AK0oJ4VL04s.mp4,cartwheeling,k400,0,32,224x224
7799,dunking basketball/sEz8veqnYIk.mp4,dunking basketball,k400,0,32,224x224
7800,high jump/9TGVrP_J4D0.mp4,high jump,k400,0,32,224x224
7801,tying tie/oR1qbZ1yAmM.mp4,tying tie,k400,0,32,224x224
7802,playing violin/hN5YxIq1otE.mp4,playing violin,k400,0,32,224x224
7803,cheerleading/Nc0Piq_Moqg.mp4,cheerleading,k400,0,32,224x224
7804,ice climbing/MM1DP9AAevU.mp4,ice climbing,k400,0,32,224x224
7805,cartwheeling/5C2AeUaltQA.mp4,cartwheeling,k400,0,32,224x224
7806,ski jumping/uC4JbYm5nBc.mp4,ski jumping,k400,0,32,224x224
7807,waxing eyebrows/LqhsvlBsBr8.mp4,waxing eyebrows,k400,0,32,224x224
7808,dancing gangnam style/lxkhNhw2BXQ.mp4,dancing gangnam style,k400,0,32,224x224
7809,blasting sand/EIMZNPoKQUk.mp4,blasting sand,k400,0,32,224x224
7810,gargling/uRQDaKkZuZQ.mp4,gargling,k400,0,32,224x224
7811,canoeing or kayaking/i-9zosMCyt0.mp4,canoeing or kayaking,k400,0,32,224x224
7812,baking cookies/Djn5F7_Dy44.mp4,baking cookies,k400,0,32,224x224
7813,feeding fish/JiadD8BXKJU.mp4,feeding fish,k400,0,32,224x224
7814,eating watermelon/oIJ5MJTVBSw.mp4,eating watermelon,k400,0,32,224x224
7815,playing cricket/Wid4z5xHtUk.mp4,playing cricket,k400,0,32,224x224
7816,playing chess/NnhMWOgGigI.mp4,playing chess,k400,0,32,224x224
7817,opening bottle/BHls6aECUpo.mp4,opening bottle,k400,0,32,224x224
7818,folding clothes/wCORsPMAung.mp4,folding clothes,k400,0,32,224x224
7819,playing badminton/1p3xefky310.mp4,playing badminton,k400,0,32,224x224
7820,hurling (sport)/FKuoEgiH2bM.mp4,hurling (sport),k400,0,32,224x224
7821,deadlifting/fzfFqqkK0Ks.mp4,deadlifting,k400,0,32,224x224
7822,clean and jerk/lSSKuNjaYkg.mp4,clean and jerk,k400,0,32,224x224
7823,chopping wood/FUrLg7FETWo.mp4,chopping wood,k400,0,32,224x224
7824,pole vault/Cvf5eBKKDWM.mp4,pole vault,k400,0,32,224x224
7825,playing tennis/u-jUF1mWF9Q.mp4,playing tennis,k400,0,32,224x224
7826,riding mechanical bull/sGcUqUvDHXk.mp4,riding mechanical bull,k400,0,32,224x224
7827,eating carrots/UgYxPqWfhRA.mp4,eating carrots,k400,0,32,224x224
7828,watering plants/zLoZXl3LjFQ.mp4,watering plants,k400,0,32,224x224
7829,playing chess/e1hmPrxVrHk.mp4,playing chess,k400,0,32,224x224
7830,petting cat/eFtcsaTt8Fs.mp4,petting cat,k400,0,32,224x224
7831,doing nails/pq6yTY6nzw8.mp4,doing nails,k400,0,32,224x224
7832,singing/2SoL-pN-2qg.mp4,singing,k400,0,32,224x224
7833,tapping pen/l-cT9khzvmc.mp4,tapping pen,k400,0,32,224x224
7834,breakdancing/Nh1cXDw1tVg.mp4,breakdancing,k400,0,32,224x224
7835,canoeing or kayaking/VoAIk-FOzjQ.mp4,canoeing or kayaking,k400,0,32,224x224
7836,peeling apples/tcnqiR9T_sw.mp4,peeling apples,k400,0,32,224x224
7837,playing cymbals/IJwBHnZBsAc.mp4,playing cymbals,k400,0,32,224x224
7838,eating ice cream/mYWLzKuqu6I.mp4,eating ice cream,k400,0,32,224x224
7839,milking cow/O_wmDCGF3PE.mp4,milking cow,k400,0,32,224x224
7840,spraying/wz2A3_--OBM.mp4,spraying,k400,0,32,224x224
7841,hula hooping/xJGIkPNX0rs.mp4,hula hooping,k400,0,32,224x224
7842,windsurfing/tc8JWjz9Wyg.mp4,windsurfing,k400,0,32,224x224
7843,dancing charleston/-qKcq4t4oJA.mp4,dancing charleston,k400,0,32,224x224
7844,shining shoes/9dI9L5Ukzzw.mp4,shining shoes,k400,0,32,224x224
7845,springboard diving/RZykKTT0F_s.mp4,springboard diving,k400,0,32,224x224
7846,pumping fist/fcxC-mJ1muw.mp4,pumping fist,k400,0,32,224x224
7847,tapping pen/u_YxACYV8uE.mp4,tapping pen,k400,0,32,224x224
7848,pushing cart/l08NHV9Hu_E.mp4,pushing cart,k400,0,32,224x224
7849,washing hair/u7dUWktBkAI.mp4,washing hair,k400,0,32,224x224
7850,finger snapping/oequlhUZKW4.mp4,finger snapping,k400,0,32,224x224
7851,bungee jumping/QkzG9FpO40I.mp4,bungee jumping,k400,0,32,224x224
7852,trapezing/lguUcmJvMng.mp4,trapezing,k400,0,32,224x224
7853,shuffling cards/mIGG9_9Hjvk.mp4,shuffling cards,k400,0,32,224x224
7854,swimming backstroke/Qkesy7g0dSg.mp4,swimming backstroke,k400,0,32,224x224
7855,opening present/8d68VVFi3h8.mp4,opening present,k400,0,32,224x224
7856,massaging back/5fgFJ4UOi0g.mp4,massaging back,k400,0,32,224x224
7857,making snowman/yc6gUNx66vE.mp4,making snowman,k400,0,32,224x224
7858,eating ice cream/QE6WnACcwQU.mp4,eating ice cream,k400,0,32,224x224
7859,high kick/S_yznnp8WOM.mp4,high kick,k400,0,32,224x224
7860,playing ukulele/TKaizfOmIKQ.mp4,playing ukulele,k400,0,32,224x224
7861,brushing teeth/Arp6n5a8rKk.mp4,brushing teeth,k400,0,32,224x224
7862,making tea/-raeZQpNbRg.mp4,making tea,k400,0,32,224x224
7863,tossing salad/nzs8PwQtbwM.mp4,tossing salad,k400,0,32,224x224
7864,passing American football (not in game)/0rJgRoBVBLg.mp4,passing American football (not in game),k400,0,32,224x224
7865,pushing cart/98XuZryzWbA.mp4,pushing cart,k400,0,32,224x224
7866,deadlifting/ZS5CHC6V704.mp4,deadlifting,k400,0,32,224x224
7867,playing bass guitar/wzmZ0wT6Gxg.mp4,playing bass guitar,k400,0,32,224x224
7868,riding elephant/9PcEzApDt1g.mp4,riding elephant,k400,0,32,224x224
7869,parasailing/WZsMF88uj3c.mp4,parasailing,k400,0,32,224x224
7870,roller skating/VBW5tC5mWgQ.mp4,roller skating,k400,0,32,224x224
7871,playing cello/FdGmrtGQwfg.mp4,playing cello,k400,0,32,224x224
7872,playing cricket/Z3CT1ScIkVU.mp4,playing cricket,k400,0,32,224x224
7873,drinking/WdkUU3sFkUw.mp4,drinking,k400,0,32,224x224
7874,feeding birds/Z8a8B8qWJg0.mp4,feeding birds,k400,0,32,224x224
7875,dancing macarena/6CS_v7TYKEM.mp4,dancing macarena,k400,0,32,224x224
7876,windsurfing/W2VYO2xJbh4.mp4,windsurfing,k400,0,32,224x224
7877,playing volleyball/qxnRYmy7YQU.mp4,playing volleyball,k400,0,32,224x224
7878,cutting watermelon/QRFLXkFPe10.mp4,cutting watermelon,k400,0,32,224x224
7879,making pizza/3aKdRtS674Y.mp4,making pizza,k400,0,32,224x224
7880,whistling/75WQhadVtf4.mp4,whistling,k400,0,32,224x224
7881,gymnastics tumbling/Ertk9WJ4yCY.mp4,gymnastics tumbling,k400,0,32,224x224
7882,golf chipping/RjrhcCxTKmA.mp4,golf chipping,k400,0,32,224x224
7883,cooking chicken/zDSoOktJ5T0.mp4,cooking chicken,k400,0,32,224x224
7884,tango dancing/_3VKnyHF-cM.mp4,tango dancing,k400,0,32,224x224
7885,air drumming/cjSPyzOaxIg.mp4,air drumming,k400,0,32,224x224
7886,playing ukulele/oG4v6dvFIYk.mp4,playing ukulele,k400,0,32,224x224
7887,cleaning shoes/WIm6kqEcnsw.mp4,cleaning shoes,k400,0,32,224x224
7888,petting animal (not cat)/Yb9_AOIJ8r8.mp4,petting animal (not cat),k400,0,32,224x224
7889,sword fighting/fVG2Ubi6bwk.mp4,sword fighting,k400,0,32,224x224
7890,cleaning windows/FQEEQYgB-pM.mp4,cleaning windows,k400,0,32,224x224
7891,water skiing/5IsNM4lh4es.mp4,water skiing,k400,0,32,224x224
7892,zumba/M6TAVe-lb_I.mp4,zumba,k400,0,32,224x224
7893,baby waking up/wOu2zhEb9-I.mp4,baby waking up,k400,0,32,224x224
7894,mowing lawn/92dXhnpT5T0.mp4,mowing lawn,k400,0,32,224x224
7895,tai chi/RBRxZCIL7Y8.mp4,tai chi,k400,0,32,224x224
7896,cleaning gutters/9XhT5d0MLqQ.mp4,cleaning gutters,k400,0,32,224x224
7897,playing piano/wcP_XkW0YoM.mp4,playing piano,k400,0,32,224x224
7898,playing ice hockey/podAeV1SIEM.mp4,playing ice hockey,k400,0,32,224x224
7899,drumming fingers/fXTCwLM3pUY.mp4,drumming fingers,k400,0,32,224x224
7900,dunking basketball/vs6Efo9rwrI.mp4,dunking basketball,k400,0,32,224x224
7901,assembling computer/Hj1zdVnvozk.mp4,assembling computer,k400,0,32,224x224
7902,playing piano/X4KtvY2g25Q.mp4,playing piano,k400,0,32,224x224
7903,skipping rope/2ojWLm_5hvs.mp4,skipping rope,k400,0,32,224x224
7904,throwing ball/15yirlFazTY.mp4,throwing ball,k400,0,32,224x224
7905,yoga/Ku6vanPVPWs.mp4,yoga,k400,0,32,224x224
7906,gymnastics tumbling/aqUwm6FzfxY.mp4,gymnastics tumbling,k400,0,32,224x224
7907,playing saxophone/NVRsxRMAs3E.mp4,playing saxophone,k400,0,32,224x224
7908,passing American football (not in game)/D5B9DA1zTDY.mp4,passing American football (not in game),k400,0,32,224x224
7909,crying/DOvp07UWRaE.mp4,crying,k400,0,32,224x224
7910,swimming breast stroke/U2waeqHXscw.mp4,swimming breast stroke,k400,0,32,224x224
7911,motorcycling/PhgLbMMR6SU.mp4,motorcycling,k400,0,32,224x224
7912,punching bag/Iy3VUwMdQIk.mp4,punching bag,k400,0,32,224x224
7913,feeding fish/Mzv0Qu5G8W0.mp4,feeding fish,k400,0,32,224x224
7914,making bed/Yrii6DwIdfI.mp4,making bed,k400,0,32,224x224
7915,folding paper/ZHuintIFGpQ.mp4,folding paper,k400,0,32,224x224
7916,marching/ZGu4QxYSNpg.mp4,marching,k400,0,32,224x224
7917,motorcycling/iC3tdh7w2xc.mp4,motorcycling,k400,0,32,224x224
7918,windsurfing/vYC6JjOwxX0.mp4,windsurfing,k400,0,32,224x224
7919,kitesurfing/UQFKO_7OCds.mp4,kitesurfing,k400,0,32,224x224
7920,juggling balls/cn1Ne30wvN4.mp4,juggling balls,k400,0,32,224x224
7921,clapping/K8KysacxQUA.mp4,clapping,k400,0,32,224x224
7922,watering plants/Z02VjQcNxv0.mp4,watering plants,k400,0,32,224x224
7923,building cabinet/pnlEkfEjhJ8.mp4,building cabinet,k400,0,32,224x224
7924,hula hooping/a2SAO7ExWUs.mp4,hula hooping,k400,0,32,224x224
7925,weaving basket/8bR_ciy6_yQ.mp4,weaving basket,k400,0,32,224x224
7926,pumping fist/zh4hHafz-gk.mp4,pumping fist,k400,0,32,224x224
7927,robot dancing/N3SaveJylhE.mp4,robot dancing,k400,0,32,224x224
7928,swimming breast stroke/h_hR56yfr8s.mp4,swimming breast stroke,k400,0,32,224x224
7929,blowing out candles/JQnXQFJSVb4.mp4,blowing out candles,k400,0,32,224x224
7930,high jump/Neam2T5DRp8.mp4,high jump,k400,0,32,224x224
7931,climbing a rope/qtWkS9EM32M.mp4,climbing a rope,k400,0,32,224x224
7932,snatch weight lifting/Rgd94R1O_Bo.mp4,snatch weight lifting,k400,0,32,224x224
7933,ice climbing/GiNegxzclP0.mp4,ice climbing,k400,0,32,224x224
7934,cleaning toilet/9sDL9eFuPp0.mp4,cleaning toilet,k400,0,32,224x224
7935,shuffling cards/3uHLyu3A47E.mp4,shuffling cards,k400,0,32,224x224
7936,playing violin/CnnHcXYULUE.mp4,playing violin,k400,0,32,224x224
7937,reading book/tMHKpXHOlrk.mp4,reading book,k400,0,32,224x224
7938,bending metal/Ah1o2Ac6h08.mp4,bending metal,k400,0,32,224x224
7939,yoga/5L2_Nip4kwA.mp4,yoga,k400,0,32,224x224
7940,eating watermelon/HMqXbs4WZEU.mp4,eating watermelon,k400,0,32,224x224
7941,waxing back/Vcy0BGbvnB8.mp4,waxing back,k400,0,32,224x224
7942,throwing discus/2gKK4KCTyUg.mp4,throwing discus,k400,0,32,224x224
7943,somersaulting/bBlUseLoUlc.mp4,somersaulting,k400,0,32,224x224
7944,spinning poi/9nLdyuR9ys8.mp4,spinning poi,k400,0,32,224x224
7945,clean and jerk/Z3T-As4J9gY.mp4,clean and jerk,k400,0,32,224x224
7946,baby waking up/1A1uQf-Exsc.mp4,baby waking up,k400,0,32,224x224
7947,catching or throwing frisbee/dymP3K5GiS8.mp4,catching or throwing frisbee,k400,0,32,224x224
7948,opening bottle/ZJ8M2Gi6LCM.mp4,opening bottle,k400,0,32,224x224
7949,playing flute/h-Fz3FHTSq8.mp4,playing flute,k400,0,32,224x224
7950,grooming dog/mm0tIRu2R9c.mp4,grooming dog,k400,0,32,224x224
7951,passing American football (not in game)/q1dZwGjt-bQ.mp4,passing American football (not in game),k400,0,32,224x224
7952,hopscotch/hIJ6VTEKji8.mp4,hopscotch,k400,0,32,224x224
7953,brushing hair/HpyuoJplbEY.mp4,brushing hair,k400,0,32,224x224
7954,feeding goats/zoX6KMuIvOQ.mp4,feeding goats,k400,0,32,224x224
7955,skiing (not slalom or crosscountry)/TjQCF4A5GzY.mp4,skiing (not slalom or crosscountry),k400,0,32,224x224
7956,bookbinding/edppkBkK2xE.mp4,bookbinding,k400,0,32,224x224
7957,blowing nose/qqJhButEJUI.mp4,blowing nose,k400,0,32,224x224
7958,shoveling snow/2KoFk1Zb0b8.mp4,shoveling snow,k400,0,32,224x224
7959,cleaning floor/jvxjgeUFqeY.mp4,cleaning floor,k400,0,32,224x224
7960,grooming horse/mnTPLuN1iSY.mp4,grooming horse,k400,0,32,224x224
7961,cleaning shoes/c5AxGU5-d_0.mp4,cleaning shoes,k400,0,32,224x224
7962,flipping pancake/X3XN3-NdbsA.mp4,flipping pancake,k400,0,32,224x224
7963,shuffling cards/qXJdjygi9bU.mp4,shuffling cards,k400,0,32,224x224
7964,shaving legs/-02uQdK46rE.mp4,shaving legs,k400,0,32,224x224
7965,hula hooping/UmiGUFWmDA8.mp4,hula hooping,k400,0,32,224x224
7966,getting a haircut/xDXbVtQhbWI.mp4,getting a haircut,k400,0,32,224x224
7967,smoking hookah/Ly7DJpxDWdo.mp4,smoking hookah,k400,0,32,224x224
7968,disc golfing/m-Gv3ppJNAI.mp4,disc golfing,k400,0,32,224x224
7969,baking cookies/-1MXpPymXFU.mp4,baking cookies,k400,0,32,224x224
7970,tap dancing/H_N0lQbnplw.mp4,tap dancing,k400,0,32,224x224
7971,capoeira/XkNwD3163h0.mp4,capoeira,k400,0,32,224x224
7972,skateboarding/3SHv9XeCFXo.mp4,skateboarding,k400,0,32,224x224
7973,javelin throw/pTqiKzWho80.mp4,javelin throw,k400,0,32,224x224
7974,playing bass guitar/jJwNbMvA7kA.mp4,playing bass guitar,k400,0,32,224x224
7975,swimming butterfly stroke/SonfikQWHQ8.mp4,swimming butterfly stroke,k400,0,32,224x224
7976,playing keyboard/NINngSwdpok.mp4,playing keyboard,k400,0,32,224x224
7977,yoga/SuZv5erFAGw.mp4,yoga,k400,0,32,224x224
7978,juggling balls/bwA3xgnydkk.mp4,juggling balls,k400,0,32,224x224
7979,extinguishing fire/9ltImkuw0Qk.mp4,extinguishing fire,k400,0,32,224x224
7980,tai chi/VSyZuqxRBII.mp4,tai chi,k400,0,32,224x224
7981,playing cricket/E0doodGtfts.mp4,playing cricket,k400,0,32,224x224
7982,feeding birds/m-VpeS7E72g.mp4,feeding birds,k400,0,32,224x224
7983,skiing slalom/gV-cS_ncMjY.mp4,skiing slalom,k400,0,32,224x224
7984,playing volleyball/0j08lAA3FFo.mp4,playing volleyball,k400,0,32,224x224
7985,drop kicking/V9ZM7ug7t9Q.mp4,drop kicking,k400,0,32,224x224
7986,bartending/uekv7JgUzO8.mp4,bartending,k400,0,32,224x224
7987,hugging/zKz2GSjIais.mp4,hugging,k400,0,32,224x224
7988,eating spaghetti/UmuewFDkhSU.mp4,eating spaghetti,k400,0,32,224x224
7989,shuffling cards/tc-lqi688Tc.mp4,shuffling cards,k400,0,32,224x224
7990,shaving head/IWhtGHA7OuU.mp4,shaving head,k400,0,32,224x224
7991,gargling/n6pNPVNOpf4.mp4,gargling,k400,0,32,224x224
7992,throwing discus/aBaBopZy9R4.mp4,throwing discus,k400,0,32,224x224
7993,bending back/m8gKbwPUiXQ.mp4,bending back,k400,0,32,224x224
7994,playing cymbals/hHuetJxWJsk.mp4,playing cymbals,k400,0,32,224x224
7995,changing oil/8KFQbeXqfKw.mp4,changing oil,k400,0,32,224x224
7996,playing poker/kQGM_p3Aq0g.mp4,playing poker,k400,0,32,224x224
7997,skiing slalom/QB9sZEudQ1c.mp4,skiing slalom,k400,0,32,224x224
7998,clapping/jaTGLSzku6E.mp4,clapping,k400,0,32,224x224
7999,ironing/IetMbJGw2dA.mp4,ironing,k400,0,32,224x224
8000,playing controller/iS48Eei9TDI.mp4,playing controller,k400,0,32,224x224
8001,riding camel/YaFigSr4H90.mp4,riding camel,k400,0,32,224x224
8002,crying/5vrrmIn3lTA.mp4,crying,k400,0,32,224x224
8003,folding clothes/DLumy8cOa74.mp4,folding clothes,k400,0,32,224x224
8004,canoeing or kayaking/Pcb7Rh0sPqo.mp4,canoeing or kayaking,k400,0,32,224x224
8005,golf putting/KjBVs9dEitk.mp4,golf putting,k400,0,32,224x224
8006,riding scooter/n8dgT6916pY.mp4,riding scooter,k400,0,32,224x224
8007,riding unicycle/GgeKvLAUM7s.mp4,riding unicycle,k400,0,32,224x224
8008,water skiing/pqdEKW68cSU.mp4,water skiing,k400,0,32,224x224
8009,swimming butterfly stroke/XIyS4RiskQM.mp4,swimming butterfly stroke,k400,0,32,224x224
8010,busking/DcjTvaVOknU.mp4,busking,k400,0,32,224x224
8011,pull ups/pIUhsnMj1DY.mp4,pull ups,k400,0,32,224x224
8012,hula hooping/xbmtpShD14U.mp4,hula hooping,k400,0,32,224x224
8013,bobsledding/KWrhqYV3FTo.mp4,bobsledding,k400,0,32,224x224
8014,opening bottle/GktH-M49k90.mp4,opening bottle,k400,0,32,224x224
8015,sign language interpreting/PK1jlFrPvZU.mp4,sign language interpreting,k400,0,32,224x224
8016,long jump/gKU7_84zkr8.mp4,long jump,k400,0,32,224x224
8017,scrambling eggs/TDf0a7ES9-g.mp4,scrambling eggs,k400,0,32,224x224
8018,breakdancing/2g8GkORVJEk.mp4,breakdancing,k400,0,32,224x224
8019,tossing salad/ayrGV8tHHs0.mp4,tossing salad,k400,0,32,224x224
8020,celebrating/G234Qhu15rQ.mp4,celebrating,k400,0,32,224x224
8021,bench pressing/sclV1zG72qA.mp4,bench pressing,k400,0,32,224x224
8022,feeding birds/ZbZTueQtC74.mp4,feeding birds,k400,0,32,224x224
8023,juggling balls/YCL8SINT3H8.mp4,juggling balls,k400,0,32,224x224
8024,dancing charleston/zIec9gTf6cE.mp4,dancing charleston,k400,0,32,224x224
8025,climbing a rope/gl0K6Zy6qw8.mp4,climbing a rope,k400,0,32,224x224
8026,dancing ballet/zpgEQQNBx8Y.mp4,dancing ballet,k400,0,32,224x224
8027,sharpening knives/Wi9aurmvaAg.mp4,sharpening knives,k400,0,32,224x224
8028,long jump/25IdcPfOers.mp4,long jump,k400,0,32,224x224
8029,using remote controller (not gaming)/DdOFeIeaKX0.mp4,using remote controller (not gaming),k400,0,32,224x224
8030,testifying/Sq8His3lv-Y.mp4,testifying,k400,0,32,224x224
8031,cutting pineapple/j5gKkZdvW84.mp4,cutting pineapple,k400,0,32,224x224
8032,high jump/I3_S7OouA_w.mp4,high jump,k400,0,32,224x224
8033,dunking basketball/RFfpOtL5Gy0.mp4,dunking basketball,k400,0,32,224x224
8034,bookbinding/XtZPaEfbYXE.mp4,bookbinding,k400,0,32,224x224
8035,cheerleading/vIvYuKFzRmE.mp4,cheerleading,k400,0,32,224x224
8036,playing basketball/ifDFdIL3kn0.mp4,playing basketball,k400,0,32,224x224
8037,tasting beer/YgH_PBKdE2E.mp4,tasting beer,k400,0,32,224x224
8038,tasting beer/QXqHkamLQqg.mp4,tasting beer,k400,0,32,224x224
8039,throwing discus/m-5pzGPJpBo.mp4,throwing discus,k400,0,32,224x224
8040,motorcycling/7WszRwtOpz4.mp4,motorcycling,k400,0,32,224x224
8041,mowing lawn/yUJvAyeMU4Q.mp4,mowing lawn,k400,0,32,224x224
8042,sailing/C0hVv_3e8Ns.mp4,sailing,k400,0,32,224x224
8043,contact juggling/XSdnL7ywuyI.mp4,contact juggling,k400,0,32,224x224
8044,sled dog racing/1N0sW698aYs.mp4,sled dog racing,k400,0,32,224x224
8045,shot put/t3gKuYAr7IE.mp4,shot put,k400,0,32,224x224
8046,parasailing/Wi5MV7gq44o.mp4,parasailing,k400,0,32,224x224
8047,stretching leg/bxSbd_CyaDc.mp4,stretching leg,k400,0,32,224x224
8048,tapping pen/0vxAWRaNbRE.mp4,tapping pen,k400,0,32,224x224
8049,catching or throwing softball/zkEhphSckTU.mp4,catching or throwing softball,k400,0,32,224x224
8050,passing American football (in game)/vLn3819JMnk.mp4,passing American football (in game),k400,0,32,224x224
8051,climbing ladder/f6_3Y2gSo30.mp4,climbing ladder,k400,0,32,224x224
8052,sanding floor/brPMAkhveVM.mp4,sanding floor,k400,0,32,224x224
8053,swinging on something/GoEj8TUnjjs.mp4,swinging on something,k400,0,32,224x224
8054,hockey stop/mfY8DUr1Vy0.mp4,hockey stop,k400,0,32,224x224
8055,using computer/qguB0vzznNM.mp4,using computer,k400,0,32,224x224
8056,singing/8OmtpRes8v4.mp4,singing,k400,0,32,224x224
8057,headbanging/TJF73dOjmmQ.mp4,headbanging,k400,0,32,224x224
8058,canoeing or kayaking/VNe0EsuOLpo.mp4,canoeing or kayaking,k400,0,32,224x224
8059,brushing teeth/NUNmohl4CD8.mp4,brushing teeth,k400,0,32,224x224
8060,flying kite/fPxbmpP6MRE.mp4,flying kite,k400,0,32,224x224
8061,abseiling/Nnk8AcX4WOU.mp4,abseiling,k400,0,32,224x224
8062,side kick/onFtEJPgXuE.mp4,side kick,k400,0,32,224x224
8063,knitting/-TJTWgFnjJY.mp4,knitting,k400,0,32,224x224
8064,wrapping present/b7E-EsnOfhU.mp4,wrapping present,k400,0,32,224x224
8065,cleaning gutters/nPrRFiND5sM.mp4,cleaning gutters,k400,0,32,224x224
8066,playing ukulele/DVzI7PP0Yo8.mp4,playing ukulele,k400,0,32,224x224
8067,canoeing or kayaking/lrlYVLGDPqE.mp4,canoeing or kayaking,k400,0,32,224x224
8068,riding camel/edysdceMHLE.mp4,riding camel,k400,0,32,224x224
8069,abseiling/rpxNo22vxfM.mp4,abseiling,k400,0,32,224x224
8070,climbing ladder/JMTd4bzNulw.mp4,climbing ladder,k400,0,32,224x224
8071,surfing crowd/qYTd1EBJuH4.mp4,surfing crowd,k400,0,32,224x224
8072,making bed/8tcj4BbmFmE.mp4,making bed,k400,0,32,224x224
8073,playing poker/oHbFU1Vg5to.mp4,playing poker,k400,0,32,224x224
8074,dancing ballet/EMp1V1Bmf7w.mp4,dancing ballet,k400,0,32,224x224
8075,punching bag/Y_ouwGG71WU.mp4,punching bag,k400,0,32,224x224
8076,planting trees/UtZM0HZg-Jk.mp4,planting trees,k400,0,32,224x224
8077,pull ups/PGdeiJ-jB7g.mp4,pull ups,k400,0,32,224x224
8078,marching/EB7rS1LYHKQ.mp4,marching,k400,0,32,224x224
8079,playing badminton/ml9x9hN7lgA.mp4,playing badminton,k400,0,32,224x224
8080,playing cello/Cb6-cRT3LcU.mp4,playing cello,k400,0,32,224x224
8081,riding elephant/K_kbsIpSq5w.mp4,riding elephant,k400,0,32,224x224
8082,blowing glass/IziZjtQdVf8.mp4,blowing glass,k400,0,32,224x224
8083,cutting nails/RLMDthv91c4.mp4,cutting nails,k400,0,32,224x224
8084,playing didgeridoo/1oxoJfP2zCM.mp4,playing didgeridoo,k400,0,32,224x224
8085,playing trombone/PmRqw4_zzsg.mp4,playing trombone,k400,0,32,224x224
8086,playing guitar/s6T7MxSSUiM.mp4,playing guitar,k400,0,32,224x224
8087,brushing teeth/ieWZqKXLBtU.mp4,brushing teeth,k400,0,32,224x224
8088,peeling potatoes/L0Fdx2r3qA8.mp4,peeling potatoes,k400,0,32,224x224
8089,hammer throw/rvqULxGTSZw.mp4,hammer throw,k400,0,32,224x224
8090,paragliding/briGnmTYc9Y.mp4,paragliding,k400,0,32,224x224
8091,javelin throw/0KyXT3W-FzQ.mp4,javelin throw,k400,0,32,224x224
8092,dying hair/54AybS-Ayfg.mp4,dying hair,k400,0,32,224x224
8093,archery/BeSwkzhLwSc.mp4,archery,k400,0,32,224x224
8094,washing hands/d7prDyooNz4.mp4,washing hands,k400,0,32,224x224
8095,slacklining/rgzd3pthTB4.mp4,slacklining,k400,0,32,224x224
8096,clean and jerk/cJOaShVMvnc.mp4,clean and jerk,k400,0,32,224x224
8097,changing wheel/Td4BVn9ebSE.mp4,changing wheel,k400,0,32,224x224
8098,scrambling eggs/cR3VkaXWMbI.mp4,scrambling eggs,k400,0,32,224x224
8099,shaving head/HSFzZoV2Efk.mp4,shaving head,k400,0,32,224x224
8100,finger snapping/0Ebn3ydH5w4.mp4,finger snapping,k400,0,32,224x224
8101,parasailing/RFLj4BXSSpU.mp4,parasailing,k400,0,32,224x224
8102,trimming or shaving beard/T5Uzhv1zS3g.mp4,trimming or shaving beard,k400,0,32,224x224
8103,riding elephant/HzTq1MPnSjg.mp4,riding elephant,k400,0,32,224x224
8104,bungee jumping/T8arYfDbGU8.mp4,bungee jumping,k400,0,32,224x224
8105,blasting sand/t5D2b3lcgwo.mp4,blasting sand,k400,0,32,224x224
8106,cleaning floor/ppYlWcoqOYI.mp4,cleaning floor,k400,0,32,224x224
8107,cutting pineapple/3o5TKzk-rcE.mp4,cutting pineapple,k400,0,32,224x224
8108,marching/5LamBplvrSs.mp4,marching,k400,0,32,224x224
8109,waxing chest/W3Bedxgnr5A.mp4,waxing chest,k400,0,32,224x224
8110,canoeing or kayaking/Uq9W-KPJazg.mp4,canoeing or kayaking,k400,0,32,224x224
8111,dining/vqcDWHTbTO0.mp4,dining,k400,0,32,224x224
8112,spinning poi/qcKy1bKSfA4.mp4,spinning poi,k400,0,32,224x224
8113,high kick/pnZ9q8qOPIw.mp4,high kick,k400,0,32,224x224
8114,crossing river/B3d--XCs-9k.mp4,crossing river,k400,0,32,224x224
8115,contact juggling/e7ZIObYaRZs.mp4,contact juggling,k400,0,32,224x224
8116,pushing cart/-P_CNMYOSFU.mp4,pushing cart,k400,0,32,224x224
8117,building cabinet/oyIh-k3D1Uc.mp4,building cabinet,k400,0,32,224x224
8118,bungee jumping/webgeKtLiSM.mp4,bungee jumping,k400,0,32,224x224
8119,climbing tree/xXDxNMP4a1I.mp4,climbing tree,k400,0,32,224x224
8120,waxing legs/HqKo2M9vk1E.mp4,waxing legs,k400,0,32,224x224
8121,side kick/W7To1kev5Zs.mp4,side kick,k400,0,32,224x224
8122,checking tires/qstceS-UKjw.mp4,checking tires,k400,0,32,224x224
8123,riding or walking with horse/2RourfF0R3A.mp4,riding or walking with horse,k400,0,32,224x224
8124,carving pumpkin/PcWCsw5q9dc.mp4,carving pumpkin,k400,0,32,224x224
8125,tying knot (not on a tie)/2zLBchvexqs.mp4,tying knot (not on a tie),k400,0,32,224x224
8126,dancing ballet/5SUD0LN0QXQ.mp4,dancing ballet,k400,0,32,224x224
8127,windsurfing/Af4NV3BAv28.mp4,windsurfing,k400,0,32,224x224
8128,pushing cart/wdfTJZGQLXg.mp4,pushing cart,k400,0,32,224x224
8129,punching bag/IWDP4rImbzg.mp4,punching bag,k400,0,32,224x224
8130,wrapping present/-gRVGgSAjwk.mp4,wrapping present,k400,0,32,224x224
8131,sword fighting/S426AJFZKVA.mp4,sword fighting,k400,0,32,224x224
8132,making snowman/ltazfS4IlpU.mp4,making snowman,k400,0,32,224x224
8133,ripping paper/vCBgznQc7bg.mp4,ripping paper,k400,0,32,224x224
8134,strumming guitar/5bLbPHtCTTQ.mp4,strumming guitar,k400,0,32,224x224
8135,surfing water/VARSlcVKvEg.mp4,surfing water,k400,0,32,224x224
8136,spraying/O9ZujbVODNY.mp4,spraying,k400,0,32,224x224
8137,snowmobiling/7sTSttx8K54.mp4,snowmobiling,k400,0,32,224x224
8138,tapping pen/DwHq1QZ9xtM.mp4,tapping pen,k400,0,32,224x224
8139,brushing teeth/VQrfn48u-2c.mp4,brushing teeth,k400,0,32,224x224
8140,springboard diving/ouqYXdtEuCI.mp4,springboard diving,k400,0,32,224x224
8141,surfing crowd/jlbp7rmYe3Q.mp4,surfing crowd,k400,0,32,224x224
8142,push up/u4hywnSLIOw.mp4,push up,k400,0,32,224x224
8143,laying bricks/oZyf6mlCjS0.mp4,laying bricks,k400,0,32,224x224
8144,playing trombone/qoUIB149rgU.mp4,playing trombone,k400,0,32,224x224
8145,blowing out candles/KRIb2JICmCc.mp4,blowing out candles,k400,0,32,224x224
8146,dodgeball/LMrtgv560Y0.mp4,dodgeball,k400,0,32,224x224
8147,playing clarinet/kqmBg9Sc5Dw.mp4,playing clarinet,k400,0,32,224x224
8148,rock scissors paper/N-d3hMf2vT8.mp4,rock scissors paper,k400,0,32,224x224
8149,playing ukulele/cdYKlK4NmRQ.mp4,playing ukulele,k400,0,32,224x224
8150,bobsledding/rUkT6YCsx78.mp4,bobsledding,k400,0,32,224x224
8151,playing piano/XEkor7bkF6E.mp4,playing piano,k400,0,32,224x224
8152,balloon blowing/TBkgpaJtPM0.mp4,balloon blowing,k400,0,32,224x224
8153,trimming trees/UZEbnihmzDE.mp4,trimming trees,k400,0,32,224x224
8154,cooking chicken/OamKvzFLK7A.mp4,cooking chicken,k400,0,32,224x224
8155,jumpstyle dancing/b28niBae_wc.mp4,jumpstyle dancing,k400,0,32,224x224
8156,skydiving/f9EOD2dDBqM.mp4,skydiving,k400,0,32,224x224
8157,bobsledding/T_5tNh23Rcg.mp4,bobsledding,k400,0,32,224x224
8158,shoveling snow/A09iMFAK1uI.mp4,shoveling snow,k400,0,32,224x224
8159,making a cake/LCBayTEeOh0.mp4,making a cake,k400,0,32,224x224
8160,playing trombone/VsHTJC16GU8.mp4,playing trombone,k400,0,32,224x224
8161,playing controller/deYfkkvBCR8.mp4,playing controller,k400,0,32,224x224
8162,scuba diving/8pBehjaDzGM.mp4,scuba diving,k400,0,32,224x224
8163,drinking beer/RGGwnzGmWQY.mp4,drinking beer,k400,0,32,224x224
8164,tying knot (not on a tie)/utkhWFJM39g.mp4,tying knot (not on a tie),k400,0,32,224x224
8165,krumping/OdqNC8C-B4M.mp4,krumping,k400,0,32,224x224
8166,testifying/VL0vwhczzMs.mp4,testifying,k400,0,32,224x224
8167,trimming or shaving beard/HLbHSuRmN4E.mp4,trimming or shaving beard,k400,0,32,224x224
8168,archery/BlTQ7p_mX5Y.mp4,archery,k400,0,32,224x224
8169,shot put/B7mDwrmao7E.mp4,shot put,k400,0,32,224x224
8170,hopscotch/CT1EG4spwdc.mp4,hopscotch,k400,0,32,224x224
8171,blowing out candles/k_e58XzOlYc.mp4,blowing out candles,k400,0,32,224x224
8172,massaging person's head/98bJCul6QgE.mp4,massaging person's head,k400,0,32,224x224
8173,playing poker/eYGSJZsrCv0.mp4,playing poker,k400,0,32,224x224
8174,shaving head/GfhnbZvWcu4.mp4,shaving head,k400,0,32,224x224
8175,shoveling snow/idsOxRn83xg.mp4,shoveling snow,k400,0,32,224x224
8176,tasting food/wN3icycCNzA.mp4,tasting food,k400,0,32,224x224
8177,playing chess/SCa4nbSBlaM.mp4,playing chess,k400,0,32,224x224
8178,blowing out candles/eS-RRb6JD_8.mp4,blowing out candles,k400,0,32,224x224
8179,waxing chest/STAKNfFYJWE.mp4,waxing chest,k400,0,32,224x224
8180,salsa dancing/HnzHLs44EmY.mp4,salsa dancing,k400,0,32,224x224
8181,snorkeling/DfrbO1H81xE.mp4,snorkeling,k400,0,32,224x224
8182,eating spaghetti/RaMvx7sytFo.mp4,eating spaghetti,k400,0,32,224x224
8183,headbanging/9rxUKNDAThM.mp4,headbanging,k400,0,32,224x224
8184,riding scooter/W66QyvfUdT4.mp4,riding scooter,k400,0,32,224x224
8185,washing feet/X8OLdR4VcL0.mp4,washing feet,k400,0,32,224x224
8186,flipping pancake/EWpa8qmlRM4.mp4,flipping pancake,k400,0,32,224x224
8187,riding elephant/pc3a7q02VS0.mp4,riding elephant,k400,0,32,224x224
8188,jogging/JpAhDV_TLNo.mp4,jogging,k400,0,32,224x224
8189,marching/E2UHUjVX3pQ.mp4,marching,k400,0,32,224x224
8190,snowboarding/cD8q_AVpeic.mp4,snowboarding,k400,0,32,224x224
8191,ice skating/hou8xyLRDbs.mp4,ice skating,k400,0,32,224x224
8192,doing nails/Itqcf8A-TE8.mp4,doing nails,k400,0,32,224x224
8193,passing American football (in game)/rUubXoWXwno.mp4,passing American football (in game),k400,0,32,224x224
8194,brush painting/-y8MZ16sfJQ.mp4,brush painting,k400,0,32,224x224
8195,water skiing/X_yHFQjaOBs.mp4,water skiing,k400,0,32,224x224
8196,braiding hair/3WrSwHlg1zc.mp4,braiding hair,k400,0,32,224x224
8197,playing keyboard/ARCRNW-5BoM.mp4,playing keyboard,k400,0,32,224x224
8198,massaging person's head/ap9nDFioQuM.mp4,massaging person's head,k400,0,32,224x224
8199,using computer/SvyMkXUujz4.mp4,using computer,k400,0,32,224x224
8200,wrestling/yxJHCSA35Ns.mp4,wrestling,k400,0,32,224x224
8201,kitesurfing/Hu4kBBq0wac.mp4,kitesurfing,k400,0,32,224x224
8202,hitting baseball/WNnCAmkMA80.mp4,hitting baseball,k400,0,32,224x224
8203,catching fish/MYzuzji524w.mp4,catching fish,k400,0,32,224x224
8204,riding unicycle/-koK3VgCRbE.mp4,riding unicycle,k400,0,32,224x224
8205,tying knot (not on a tie)/ARHO3vQ8mQ0.mp4,tying knot (not on a tie),k400,0,32,224x224
8206,feeding fish/BeXAvsOd1ww.mp4,feeding fish,k400,0,32,224x224
8207,extinguishing fire/CEosN7PLAfo.mp4,extinguishing fire,k400,0,32,224x224
8208,blowing nose/EK87tc540qU.mp4,blowing nose,k400,0,32,224x224
8209,balloon blowing/xkH9H582gI0.mp4,balloon blowing,k400,0,32,224x224
8210,milking cow/2y6qIBb-Qi4.mp4,milking cow,k400,0,32,224x224
8211,skateboarding/mO9k1FbebdI.mp4,skateboarding,k400,0,32,224x224
8212,playing basketball/kJDPuD9Sj4E.mp4,playing basketball,k400,0,32,224x224
8213,filling eyebrows/Q2O7Xfr_ek8.mp4,filling eyebrows,k400,0,32,224x224
8214,jetskiing/Uu1QNh4CEGk.mp4,jetskiing,k400,0,32,224x224
8215,playing organ/Ny5R-iR7Bag.mp4,playing organ,k400,0,32,224x224
8216,laying bricks/b9SAb7kNnhY.mp4,laying bricks,k400,0,32,224x224
8217,washing hands/TuwYfnf2j5Y.mp4,washing hands,k400,0,32,224x224
8218,throwing discus/GSFsc5brwGs.mp4,throwing discus,k400,0,32,224x224
8219,celebrating/YygOcIQd1nA.mp4,celebrating,k400,0,32,224x224
8220,tying knot (not on a tie)/ASCbMOVFxEM.mp4,tying knot (not on a tie),k400,0,32,224x224
8221,playing cards/_XhQEiSiAGc.mp4,playing cards,k400,0,32,224x224
8222,eating doughnuts/2lkP6WX1JqE.mp4,eating doughnuts,k400,0,32,224x224
8223,vault/4wieICpOnNo.mp4,vault,k400,0,32,224x224
8224,setting table/e5VyoLOCgdk.mp4,setting table,k400,0,32,224x224
8225,riding camel/_7chbtTMvqM.mp4,riding camel,k400,0,32,224x224
8226,contact juggling/HxwM5noBFBo.mp4,contact juggling,k400,0,32,224x224
8227,drumming fingers/Z8lE0g9y-UQ.mp4,drumming fingers,k400,0,32,224x224
8228,hula hooping/ablZd4Ye1WI.mp4,hula hooping,k400,0,32,224x224
8229,dancing gangnam style/M9lm8akejvc.mp4,dancing gangnam style,k400,0,32,224x224
8230,spray painting/igS51xext6g.mp4,spray painting,k400,0,32,224x224
8231,mowing lawn/644VIWIqC2I.mp4,mowing lawn,k400,0,32,224x224
8232,dancing macarena/rfcYohkeQj8.mp4,dancing macarena,k400,0,32,224x224
8233,peeling apples/0cKRYGwRxp4.mp4,peeling apples,k400,0,32,224x224
8234,swimming backstroke/MVUwPokOCpc.mp4,swimming backstroke,k400,0,32,224x224
8235,sticking tongue out/5aeYjTUgW94.mp4,sticking tongue out,k400,0,32,224x224
8236,wrestling/e7wtes4_v5E.mp4,wrestling,k400,0,32,224x224
8237,headbanging/L99_-vWeoFc.mp4,headbanging,k400,0,32,224x224
8238,hoverboarding/x5gX5bX2sW0.mp4,hoverboarding,k400,0,32,224x224
8239,folding clothes/INz6FvFgsKo.mp4,folding clothes,k400,0,32,224x224
8240,headbanging/6i_AJHPPxwc.mp4,headbanging,k400,0,32,224x224
8241,long jump/Kb66JQ-mpmU.mp4,long jump,k400,0,32,224x224
8242,slacklining/SgflTtb7jiY.mp4,slacklining,k400,0,32,224x224
8243,playing cricket/RA4e5OlTFig.mp4,playing cricket,k400,0,32,224x224
8244,gymnastics tumbling/wLuZIPKdWp0.mp4,gymnastics tumbling,k400,0,32,224x224
8245,playing paintball/hM8fJQiJOZI.mp4,playing paintball,k400,0,32,224x224
8246,pumping fist/yK1ji6uuQdQ.mp4,pumping fist,k400,0,32,224x224
8247,dancing gangnam style/N0XZQK3gbo0.mp4,dancing gangnam style,k400,0,32,224x224
8248,pumping gas/GmVfox4Xjnw.mp4,pumping gas,k400,0,32,224x224
8249,tango dancing/BGJw-UnMV44.mp4,tango dancing,k400,0,32,224x224
8250,milking cow/1LPmnkU9KB4.mp4,milking cow,k400,0,32,224x224
8251,reading book/3fLdag-67eI.mp4,reading book,k400,0,32,224x224
8252,dunking basketball/4r2VpL1OsWw.mp4,dunking basketball,k400,0,32,224x224
8253,riding or walking with horse/1F8_YBZXL7A.mp4,riding or walking with horse,k400,0,32,224x224
8254,beatboxing/X_Z9v6vq35c.mp4,beatboxing,k400,0,32,224x224
8255,folding napkins/k3LMpZvo_kg.mp4,folding napkins,k400,0,32,224x224
8256,shaking head/WGpILshz3Hs.mp4,shaking head,k400,0,32,224x224
8257,skateboarding/BJNzD_T8ZAA.mp4,skateboarding,k400,0,32,224x224
8258,playing keyboard/Ab22AES3vgs.mp4,playing keyboard,k400,0,32,224x224
8259,drinking beer/C8Vwgdv_V0k.mp4,drinking beer,k400,0,32,224x224
8260,throwing discus/RUKclKuiKbw.mp4,throwing discus,k400,0,32,224x224
8261,stretching leg/VzgWI-Q2MbA.mp4,stretching leg,k400,0,32,224x224
8262,drawing/2wEKpKhiTYk.mp4,drawing,k400,0,32,224x224
8263,picking fruit/risIxvKb0dI.mp4,picking fruit,k400,0,32,224x224
8264,scuba diving/1ZaiZKmPnBw.mp4,scuba diving,k400,0,32,224x224
8265,trimming or shaving beard/crqn-VsAGT4.mp4,trimming or shaving beard,k400,0,32,224x224
8266,abseiling/GZz_mnc3-Nc.mp4,abseiling,k400,0,32,224x224
8267,playing xylophone/ODOHrSas8yE.mp4,playing xylophone,k400,0,32,224x224
8268,shaking head/Qj4QmF-StFo.mp4,shaking head,k400,0,32,224x224
8269,spray painting/44n08ZV6x88.mp4,spray painting,k400,0,32,224x224
8270,javelin throw/BXL9ECYyVfU.mp4,javelin throw,k400,0,32,224x224
8271,petting animal (not cat)/sCjQUDQ1w8A.mp4,petting animal (not cat),k400,0,32,224x224
8272,eating carrots/XBFM7kOHryI.mp4,eating carrots,k400,0,32,224x224
8273,playing clarinet/s9sxKFbxPqY.mp4,playing clarinet,k400,0,32,224x224
8274,blowing glass/3Ug5M2HXr_g.mp4,blowing glass,k400,0,32,224x224
8275,playing cards/oFWC_-NuVAw.mp4,playing cards,k400,0,32,224x224
8276,blowing glass/ErxfbEOQKyI.mp4,blowing glass,k400,0,32,224x224
8277,climbing tree/HBSItO4wwt0.mp4,climbing tree,k400,0,32,224x224
8278,sneezing/Z3jNWaspEZ8.mp4,sneezing,k400,0,32,224x224
8279,headbutting/r0soqce6cgI.mp4,headbutting,k400,0,32,224x224
8280,texting/WL_2iBwZOYY.mp4,texting,k400,0,32,224x224
8281,playing cricket/hzapbXwx_Sk.mp4,playing cricket,k400,0,32,224x224
8282,climbing tree/8OOTdaexj3o.mp4,climbing tree,k400,0,32,224x224
8283,sanding floor/u5eUQDFm2dA.mp4,sanding floor,k400,0,32,224x224
8284,carrying baby/r7gWwPXVs4I.mp4,carrying baby,k400,0,32,224x224
8285,hitting baseball/kV_4btEu7Sg.mp4,hitting baseball,k400,0,32,224x224
8286,applauding/wF5uzvTNwSE.mp4,applauding,k400,0,32,224x224
8287,tap dancing/eEH4GUQ_Fq8.mp4,tap dancing,k400,0,32,224x224
8288,playing clarinet/xN2k4b70nQc.mp4,playing clarinet,k400,0,32,224x224
8289,spray painting/aRtmVQD4gSQ.mp4,spray painting,k400,0,32,224x224
8290,biking through snow/RXob81PB0Yw.mp4,biking through snow,k400,0,32,224x224
8291,side kick/GeTa7pdN7OM.mp4,side kick,k400,0,32,224x224
8292,grinding meat/IHXjCsap8xY.mp4,grinding meat,k400,0,32,224x224
8293,planting trees/Jg-GvpIpFy4.mp4,planting trees,k400,0,32,224x224
8294,roller skating/0BF3GUiXZyk.mp4,roller skating,k400,0,32,224x224
8295,motorcycling/dibdRmhIUVg.mp4,motorcycling,k400,0,32,224x224
8296,playing squash or racquetball/ispgR4sg278.mp4,playing squash or racquetball,k400,0,32,224x224
8297,scrambling eggs/RczUIyu11ZA.mp4,scrambling eggs,k400,0,32,224x224
8298,welding/PdmwD_u_JqE.mp4,welding,k400,0,32,224x224
8299,making pizza/EsXdogFPRr4.mp4,making pizza,k400,0,32,224x224
8300,ice skating/x7llLiK7_ss.mp4,ice skating,k400,0,32,224x224
8301,tying knot (not on a tie)/_HSmpXkqpo4.mp4,tying knot (not on a tie),k400,0,32,224x224
8302,contact juggling/YseFFxmtQic.mp4,contact juggling,k400,0,32,224x224
8303,snorkeling/6ogcP13X1GY.mp4,snorkeling,k400,0,32,224x224
8304,bending back/vHdqezJKhKs.mp4,bending back,k400,0,32,224x224
8305,washing hands/Ih-btxalAzo.mp4,washing hands,k400,0,32,224x224
8306,dancing gangnam style/_pSYa0Jmlvs.mp4,dancing gangnam style,k400,0,32,224x224
8307,tying knot (not on a tie)/JME1KZ0ksVM.mp4,tying knot (not on a tie),k400,0,32,224x224
8308,testifying/YAE5KI44sV8.mp4,testifying,k400,0,32,224x224
8309,massaging legs/G0leztMu1PI.mp4,massaging legs,k400,0,32,224x224
8310,playing saxophone/d-UQr-8UEUY.mp4,playing saxophone,k400,0,32,224x224
8311,dancing gangnam style/H2RuqkP0yPw.mp4,dancing gangnam style,k400,0,32,224x224
8312,garbage collecting/9DEI77xThXw.mp4,garbage collecting,k400,0,32,224x224
8313,wrapping present/MAxfpjVnFp8.mp4,wrapping present,k400,0,32,224x224
8314,pull ups/lw9V3G9PE0A.mp4,pull ups,k400,0,32,224x224
8315,setting table/mpNFK-TA2zM.mp4,setting table,k400,0,32,224x224
8316,playing squash or racquetball/yRWXwcsO1gg.mp4,playing squash or racquetball,k400,0,32,224x224
8317,sled dog racing/VaY7BySowEY.mp4,sled dog racing,k400,0,32,224x224
8318,pushing cart/a19_W7vxGi4.mp4,pushing cart,k400,0,32,224x224
8319,sniffing/UEmw_WRji0U.mp4,sniffing,k400,0,32,224x224
8320,catching fish/jxIsVYgWaEQ.mp4,catching fish,k400,0,32,224x224
8321,catching or throwing frisbee/k3jciVSlIq0.mp4,catching or throwing frisbee,k400,0,32,224x224
8322,sailing/HpnobEg6IOs.mp4,sailing,k400,0,32,224x224
8323,sharpening pencil/Cq5Pqc0Uah4.mp4,sharpening pencil,k400,0,32,224x224
8324,stretching leg/65jpcwYPNI4.mp4,stretching leg,k400,0,32,224x224
8325,riding mechanical bull/C9IrLnXEYc8.mp4,riding mechanical bull,k400,0,32,224x224
8326,stomping grapes/_GBKs5y2guw.mp4,stomping grapes,k400,0,32,224x224
8327,tapping pen/JgfTtFkUAn0.mp4,tapping pen,k400,0,32,224x224
8328,playing drums/E8647dZtVkI.mp4,playing drums,k400,0,32,224x224
8329,catching or throwing softball/f4yN-4QeM78.mp4,catching or throwing softball,k400,0,32,224x224
8330,brushing teeth/ezyKpHDk0oc.mp4,brushing teeth,k400,0,32,224x224
8331,paragliding/LWxV0KnV35Y.mp4,paragliding,k400,0,32,224x224
8332,dancing macarena/aE1rbB_kSUA.mp4,dancing macarena,k400,0,32,224x224
8333,swimming backstroke/aS6MhA_MhwY.mp4,swimming backstroke,k400,0,32,224x224
8334,tickling/qvT84qAa3ng.mp4,tickling,k400,0,32,224x224
8335,parasailing/Zsw1HJZoAcY.mp4,parasailing,k400,0,32,224x224
8336,contact juggling/hseo1jecQ_Q.mp4,contact juggling,k400,0,32,224x224
8337,cutting nails/0HeSngTzpnU.mp4,cutting nails,k400,0,32,224x224
8338,situp/aWj6pdMVmmM.mp4,situp,k400,0,32,224x224
8339,dancing ballet/SHDr1IQuwqA.mp4,dancing ballet,k400,0,32,224x224
8340,diving cliff/jh5CpdxUIgE.mp4,diving cliff,k400,0,32,224x224
8341,kicking field goal/VxzdTYeCb0o.mp4,kicking field goal,k400,0,32,224x224
8342,archery/yQLoTnk-lsQ.mp4,archery,k400,0,32,224x224
8343,busking/qTK7QQ155is.mp4,busking,k400,0,32,224x224
8344,bouncing on trampoline/ThdQfXxuz5o.mp4,bouncing on trampoline,k400,0,32,224x224
8345,tapping pen/FhYhCxwnObQ.mp4,tapping pen,k400,0,32,224x224
8346,waxing back/XN5FtKqjvJA.mp4,waxing back,k400,0,32,224x224
8347,folding clothes/mt6ZJo5GEvM.mp4,folding clothes,k400,0,32,224x224
8348,tango dancing/dPPEoiulA5g.mp4,tango dancing,k400,0,32,224x224
8349,ironing/-f3onW_tZK4.mp4,ironing,k400,0,32,224x224
8350,kitesurfing/hY0rXmOrTXM.mp4,kitesurfing,k400,0,32,224x224
8351,running on treadmill/SUA3Sc3Dv8w.mp4,running on treadmill,k400,0,32,224x224
8352,changing oil/ko3Z29u8gRY.mp4,changing oil,k400,0,32,224x224
8353,driving car/yKcFDTutw9w.mp4,driving car,k400,0,32,224x224
8354,snorkeling/Wlq6l2gn8EY.mp4,snorkeling,k400,0,32,224x224
8355,walking the dog/v_XRcDMq9gg.mp4,walking the dog,k400,0,32,224x224
8356,dancing macarena/akce9tO9LwY.mp4,dancing macarena,k400,0,32,224x224
8357,recording music/WQTly4uW8-w.mp4,recording music,k400,0,32,224x224
8358,braiding hair/DWZX6zvGffQ.mp4,braiding hair,k400,0,32,224x224
8359,tasting beer/z0zFKb-fveE.mp4,tasting beer,k400,0,32,224x224
8360,playing trombone/cMdnie91zp4.mp4,playing trombone,k400,0,32,224x224
8361,lunge/N5S-vrPq3GI.mp4,lunge,k400,0,32,224x224
8362,crying/Ux2iImyAiL4.mp4,crying,k400,0,32,224x224
8363,playing saxophone/bHFu_FGW7CQ.mp4,playing saxophone,k400,0,32,224x224
8364,snowkiting/ELmtS4KB1rs.mp4,snowkiting,k400,0,32,224x224
8365,water skiing/VVPdFNChB08.mp4,water skiing,k400,0,32,224x224
8366,slacklining/8IQt07zQAUw.mp4,slacklining,k400,0,32,224x224
8367,flying kite/Gcm0NKyskKw.mp4,flying kite,k400,0,32,224x224
8368,surfing water/A9TZ3rfvS6k.mp4,surfing water,k400,0,32,224x224
8369,giving or receiving award/sjamWV2-gxU.mp4,giving or receiving award,k400,0,32,224x224
8370,playing paintball/Np-pqyx22RU.mp4,playing paintball,k400,0,32,224x224
8371,catching or throwing frisbee/wfUgbtpzH2M.mp4,catching or throwing frisbee,k400,0,32,224x224
8372,trapezing/4o1BVnfSrBg.mp4,trapezing,k400,0,32,224x224
8373,massaging legs/AQKvZeuTETE.mp4,massaging legs,k400,0,32,224x224
8374,beatboxing/QafYheILhrk.mp4,beatboxing,k400,0,32,224x224
8375,washing dishes/uh18TsXxZck.mp4,washing dishes,k400,0,32,224x224
8376,playing keyboard/4IY4nas3lQo.mp4,playing keyboard,k400,0,32,224x224
8377,playing trombone/uxCRGqIQIX0.mp4,playing trombone,k400,0,32,224x224
8378,stretching leg/nw5jQ5aK-4I.mp4,stretching leg,k400,0,32,224x224
8379,cutting watermelon/v0-yNPv9S8A.mp4,cutting watermelon,k400,0,32,224x224
8380,tasting beer/vr8RsOCPV2M.mp4,tasting beer,k400,0,32,224x224
8381,blowing glass/JpMGUZBJQYE.mp4,blowing glass,k400,0,32,224x224
8382,spinning poi/doDs2nQ7kC0.mp4,spinning poi,k400,0,32,224x224
8383,capoeira/gbtKPYDiyGM.mp4,capoeira,k400,0,32,224x224
8384,skateboarding/1_r9h8YSU-Q.mp4,skateboarding,k400,0,32,224x224
8385,playing bass guitar/DyUHpPXaNcQ.mp4,playing bass guitar,k400,0,32,224x224
8386,climbing ladder/UikZMYKYnVE.mp4,climbing ladder,k400,0,32,224x224
8387,juggling balls/YAFTHXje63g.mp4,juggling balls,k400,0,32,224x224
8388,swimming breast stroke/JTIaj5H5y1c.mp4,swimming breast stroke,k400,0,32,224x224
8389,pull ups/iQCOqqXkvhA.mp4,pull ups,k400,0,32,224x224
8390,clean and jerk/JmGz7jJh_v8.mp4,clean and jerk,k400,0,32,224x224
8391,laying bricks/zegQTmm6pIk.mp4,laying bricks,k400,0,32,224x224
8392,surfing crowd/5wP0z9qGAUk.mp4,surfing crowd,k400,0,32,224x224
8393,eating spaghetti/91EK87ybAF8.mp4,eating spaghetti,k400,0,32,224x224
8394,climbing tree/AP22W9Pqh8c.mp4,climbing tree,k400,0,32,224x224
8395,using segway/3dde1uxiuCY.mp4,using segway,k400,0,32,224x224
8396,crawling baby/CxNyWsCH9q0.mp4,crawling baby,k400,0,32,224x224
8397,playing xylophone/Q8fuNR7nBpY.mp4,playing xylophone,k400,0,32,224x224
8398,tap dancing/FFgdJ79hOoI.mp4,tap dancing,k400,0,32,224x224
8399,pole vault/T8fvVlpyRpc.mp4,pole vault,k400,0,32,224x224
8400,riding camel/QOfa9ARVaM0.mp4,riding camel,k400,0,32,224x224
8401,playing tennis/lOfdxROWUuA.mp4,playing tennis,k400,0,32,224x224
8402,zumba/wpzDJw9Cqdc.mp4,zumba,k400,0,32,224x224
8403,swing dancing/P-jBFSXjUhc.mp4,swing dancing,k400,0,32,224x224
8404,cleaning windows/FRGaYbXsyFQ.mp4,cleaning windows,k400,0,32,224x224
8405,doing nails/hpyLSA941y8.mp4,doing nails,k400,0,32,224x224
8406,swinging on something/MtkUJJnD1VI.mp4,swinging on something,k400,0,32,224x224
8407,sticking tongue out/ZKxGW8LEliM.mp4,sticking tongue out,k400,0,32,224x224
8408,javelin throw/EXnW87Xav3o.mp4,javelin throw,k400,0,32,224x224
8409,washing hair/VLNvmuDTSzo.mp4,washing hair,k400,0,32,224x224
8410,shaking hands/knQW0OYIIcI.mp4,shaking hands,k400,0,32,224x224
8411,sharpening pencil/ZE71mgTq3_4.mp4,sharpening pencil,k400,0,32,224x224
8412,jogging/ZJc_Uu5SHfg.mp4,jogging,k400,0,32,224x224
8413,milking cow/HFfQLFS4WlU.mp4,milking cow,k400,0,32,224x224
8414,cutting watermelon/ShjcjCGjGzw.mp4,cutting watermelon,k400,0,32,224x224
8415,peeling potatoes/P91XtJ24Vyw.mp4,peeling potatoes,k400,0,32,224x224
8416,brushing hair/Vw20zYfZozI.mp4,brushing hair,k400,0,32,224x224
8417,eating watermelon/i-WtzUesuSM.mp4,eating watermelon,k400,0,32,224x224
8418,parasailing/nlvyzLzKuGs.mp4,parasailing,k400,0,32,224x224
8419,marching/Uh-GpGP-Il0.mp4,marching,k400,0,32,224x224
8420,snorkeling/Lqeau9bon1U.mp4,snorkeling,k400,0,32,224x224
8421,tying knot (not on a tie)/LFsiwIzf3VI.mp4,tying knot (not on a tie),k400,0,32,224x224
8422,side kick/lJ7cRjTCoOg.mp4,side kick,k400,0,32,224x224
8423,stretching leg/mqWae1_0aF8.mp4,stretching leg,k400,0,32,224x224
8424,smoking/siruIpxWVio.mp4,smoking,k400,0,32,224x224
8425,pushing car/FcTg1JkxzBQ.mp4,pushing car,k400,0,32,224x224
8426,bowling/Y1en2svvjh4.mp4,bowling,k400,0,32,224x224
8427,abseiling/Zy-Bd3-E7WA.mp4,abseiling,k400,0,32,224x224
8428,trimming trees/EznAANfDL5c.mp4,trimming trees,k400,0,32,224x224
8429,playing trombone/q42Ke-HI0u0.mp4,playing trombone,k400,0,32,224x224
8430,singing/l44jJJv_vl8.mp4,singing,k400,0,32,224x224
8431,sled dog racing/1SscAwdPasM.mp4,sled dog racing,k400,0,32,224x224
8432,shot put/U7tq_Pxa3tQ.mp4,shot put,k400,0,32,224x224
8433,eating cake/S-zKcLAfwp8.mp4,eating cake,k400,0,32,224x224
8434,eating ice cream/Js_kLKAMxSM.mp4,eating ice cream,k400,0,32,224x224
8435,motorcycling/fnwjho7fwFM.mp4,motorcycling,k400,0,32,224x224
8436,feeding fish/9KaF8Gs_XQM.mp4,feeding fish,k400,0,32,224x224
8437,playing ice hockey/ifGZI-Z_47U.mp4,playing ice hockey,k400,0,32,224x224
8438,flying kite/5yLVqhbRRD8.mp4,flying kite,k400,0,32,224x224
8439,playing basketball/_inLeoezp4Y.mp4,playing basketball,k400,0,32,224x224
8440,tobogganing/A-7-40kKiBM.mp4,tobogganing,k400,0,32,224x224
8441,assembling computer/2QJp83GI2_g.mp4,assembling computer,k400,0,32,224x224
8442,drop kicking/X0m-iqc4GLE.mp4,drop kicking,k400,0,32,224x224
8443,bartending/9WEs6jxCV68.mp4,bartending,k400,0,32,224x224
8444,wrestling/yxMKGVgR2oA.mp4,wrestling,k400,0,32,224x224
8445,spray painting/u1HKQ2MPrWg.mp4,spray painting,k400,0,32,224x224
8446,celebrating/HjO79BWAHEU.mp4,celebrating,k400,0,32,224x224
8447,playing basketball/wvBZuVlyC5A.mp4,playing basketball,k400,0,32,224x224
8448,playing chess/vcadg_xH5Wc.mp4,playing chess,k400,0,32,224x224
8449,shuffling cards/2baUstrtrNY.mp4,shuffling cards,k400,0,32,224x224
8450,playing paintball/zyZI3y1NClU.mp4,playing paintball,k400,0,32,224x224
8451,gymnastics tumbling/HCKm-TPJFIE.mp4,gymnastics tumbling,k400,0,32,224x224
8452,marching/UyRHCT3hFb4.mp4,marching,k400,0,32,224x224
8453,driving car/ngxV7FMQxZM.mp4,driving car,k400,0,32,224x224
8454,tapping pen/mHW_VVo8Lmg.mp4,tapping pen,k400,0,32,224x224
8455,baby waking up/eQKpgoez_d4.mp4,baby waking up,k400,0,32,224x224
8456,archery/hK5f90aF9BA.mp4,archery,k400,0,32,224x224
8457,ice skating/xAvyOlNH2zo.mp4,ice skating,k400,0,32,224x224
8458,playing cello/FlQH-U8UwQo.mp4,playing cello,k400,0,32,224x224
8459,dunking basketball/8-HMURpL5PE.mp4,dunking basketball,k400,0,32,224x224
8460,eating ice cream/mpt77GJKMyI.mp4,eating ice cream,k400,0,32,224x224
8461,front raises/e8my9OOCXVo.mp4,front raises,k400,0,32,224x224
8462,abseiling/fv0CvUoK-R4.mp4,abseiling,k400,0,32,224x224
8463,hula hooping/8l4iuaJDZ_s.mp4,hula hooping,k400,0,32,224x224
8464,somersaulting/lsyntkulU40.mp4,somersaulting,k400,0,32,224x224
8465,filling eyebrows/IwLmNzmEap8.mp4,filling eyebrows,k400,0,32,224x224
8466,baking cookies/Naw9Kxecm_c.mp4,baking cookies,k400,0,32,224x224
8467,busking/3Gj0JaZT854.mp4,busking,k400,0,32,224x224
8468,riding unicycle/cGsFYDwqpU8.mp4,riding unicycle,k400,0,32,224x224
8469,hula hooping/F4lj9pyecWc.mp4,hula hooping,k400,0,32,224x224
8470,feeding birds/9QgiRMCLUOU.mp4,feeding birds,k400,0,32,224x224
8471,bowling/Aq_SCLk1Y0Q.mp4,bowling,k400,0,32,224x224
8472,riding or walking with horse/rKpbgmYjiDs.mp4,riding or walking with horse,k400,0,32,224x224
8473,making jewelry/QXVVRxxOn1Q.mp4,making jewelry,k400,0,32,224x224
8474,punching person (boxing)/1X_d9kWynQ0.mp4,punching person (boxing),k400,0,32,224x224
8475,hurdling/dLtYTuLCjRo.mp4,hurdling,k400,0,32,224x224
8476,petting cat/B380QLVshUI.mp4,petting cat,k400,0,32,224x224
8477,scrambling eggs/_YJMZwntfrg.mp4,scrambling eggs,k400,0,32,224x224
8478,singing/nSnIUoIO0X4.mp4,singing,k400,0,32,224x224
8479,skiing crosscountry/Q4ru9ApueO8.mp4,skiing crosscountry,k400,0,32,224x224
8480,dancing ballet/KTti-xRFsUQ.mp4,dancing ballet,k400,0,32,224x224
8481,skydiving/aAfS_0W_3n8.mp4,skydiving,k400,0,32,224x224
8482,driving car/nfjUz5zTorM.mp4,driving car,k400,0,32,224x224
8483,skiing (not slalom or crosscountry)/8gjFc-jR7Qw.mp4,skiing (not slalom or crosscountry),k400,0,32,224x224
8484,ice skating/0jXlsOpvLDc.mp4,ice skating,k400,0,32,224x224
8485,front raises/BqUnXe84ttw.mp4,front raises,k400,0,32,224x224
8486,punching bag/Ae8E1XsG81E.mp4,punching bag,k400,0,32,224x224
8487,eating watermelon/_X9O3kVLUkk.mp4,eating watermelon,k400,0,32,224x224
8488,gymnastics tumbling/1G4gMYXyZL4.mp4,gymnastics tumbling,k400,0,32,224x224
8489,making a cake/5OMgAZTeZl8.mp4,making a cake,k400,0,32,224x224
8490,side kick/96hp_Tsy9a8.mp4,side kick,k400,0,32,224x224
8491,playing squash or racquetball/3yXBfDWjMsQ.mp4,playing squash or racquetball,k400,0,32,224x224
8492,slacklining/8WtF5JAl1Xw.mp4,slacklining,k400,0,32,224x224
8493,playing harp/_O_9ns2IXCc.mp4,playing harp,k400,0,32,224x224
8494,playing badminton/9_wuEvN2OnQ.mp4,playing badminton,k400,0,32,224x224
8495,parasailing/pFVUa9cQfD4.mp4,parasailing,k400,0,32,224x224
8496,long jump/VfaCVnDeLkQ.mp4,long jump,k400,0,32,224x224
8497,sanding floor/WFSFKN71QeI.mp4,sanding floor,k400,0,32,224x224
8498,dancing ballet/CkYuqWSyQiU.mp4,dancing ballet,k400,0,32,224x224
8499,pushing cart/txUA6Ehik6M.mp4,pushing cart,k400,0,32,224x224
8500,yoga/IgX3aAERsKQ.mp4,yoga,k400,0,32,224x224
8501,salsa dancing/Oe_0TlZG8_A.mp4,salsa dancing,k400,0,32,224x224
8502,peeling potatoes/uI7IFMqrDPI.mp4,peeling potatoes,k400,0,32,224x224
8503,playing recorder/5UlHJlaNcwg.mp4,playing recorder,k400,0,32,224x224
8504,feeding goats/g-Vul5BocIY.mp4,feeding goats,k400,0,32,224x224
8505,sniffing/jwXYxxs7JEA.mp4,sniffing,k400,0,32,224x224
8506,barbequing/cDMYot4kaI0.mp4,barbequing,k400,0,32,224x224
8507,curling hair/JzqUKKmVUUo.mp4,curling hair,k400,0,32,224x224
8508,hopscotch/i3PFwlg_EMg.mp4,hopscotch,k400,0,32,224x224
8509,side kick/c7xTxVlZSOk.mp4,side kick,k400,0,32,224x224
8510,lunge/o5U7zdBloYc.mp4,lunge,k400,0,32,224x224
8511,playing controller/pp4L3hMfIhA.mp4,playing controller,k400,0,32,224x224
8512,playing cards/emK78KZEtds.mp4,playing cards,k400,0,32,224x224
8513,playing bagpipes/G5EDS_WjL-U.mp4,playing bagpipes,k400,0,32,224x224
8514,deadlifting/hYcTLWEIwjI.mp4,deadlifting,k400,0,32,224x224
8515,arranging flowers/cqdavD-YlVI.mp4,arranging flowers,k400,0,32,224x224
8516,knitting/cE3bDXzAAk8.mp4,knitting,k400,0,32,224x224
8517,skateboarding/a0ZE6cfahaY.mp4,skateboarding,k400,0,32,224x224
8518,curling hair/ykyIcBjlZuU.mp4,curling hair,k400,0,32,224x224
8519,writing/chjgaxwogSU.mp4,writing,k400,0,32,224x224
8520,hitting baseball/7qKSSflK24s.mp4,hitting baseball,k400,0,32,224x224
8521,riding a bike/h-Qfz_52qtA.mp4,riding a bike,k400,0,32,224x224
8522,bungee jumping/H8RrPYerFKw.mp4,bungee jumping,k400,0,32,224x224
8523,zumba/vYZKgVPq1T0.mp4,zumba,k400,0,32,224x224
8524,sticking tongue out/aliUd2XxRt4.mp4,sticking tongue out,k400,0,32,224x224
8525,blowing out candles/hZKOWVVJ5b0.mp4,blowing out candles,k400,0,32,224x224
8526,flying kite/L2l_JTYRLPo.mp4,flying kite,k400,0,32,224x224
8527,tapping pen/2EnWev6ceDg.mp4,tapping pen,k400,0,32,224x224
8528,doing aerobics/yiiBzOiweTU.mp4,doing aerobics,k400,0,32,224x224
8529,carrying baby/Jz3n1RkPqKA.mp4,carrying baby,k400,0,32,224x224
8530,hula hooping/Vg8u2Gv3FRU.mp4,hula hooping,k400,0,32,224x224
8531,playing poker/uCbJiXeQ944.mp4,playing poker,k400,0,32,224x224
8532,planting trees/LrAcopOkiC0.mp4,planting trees,k400,0,32,224x224
8533,playing ukulele/laEFWNS-K0k.mp4,playing ukulele,k400,0,32,224x224
8534,juggling balls/dvNZ2IL3YTY.mp4,juggling balls,k400,0,32,224x224
8535,riding elephant/VfTZZIUKFcY.mp4,riding elephant,k400,0,32,224x224
8536,playing poker/oH7o_tiy4uA.mp4,playing poker,k400,0,32,224x224
8537,wrestling/KbAn0NQZXMw.mp4,wrestling,k400,0,32,224x224
8538,arm wrestling/6rl6j9hJm6M.mp4,arm wrestling,k400,0,32,224x224
8539,catching or throwing baseball/F2rQZZfC2is.mp4,catching or throwing baseball,k400,0,32,224x224
8540,arm wrestling/HTZYyhUjPq8.mp4,arm wrestling,k400,0,32,224x224
8541,catching or throwing softball/cwUUsAFVkc4.mp4,catching or throwing softball,k400,0,32,224x224
8542,taking a shower/tm7vZYP06jM.mp4,taking a shower,k400,0,32,224x224
8543,cleaning gutters/B6v4wQVZnpQ.mp4,cleaning gutters,k400,0,32,224x224
8544,shooting basketball/GwHQawoFA3M.mp4,shooting basketball,k400,0,32,224x224
8545,watering plants/Ogr0R2lmY6g.mp4,watering plants,k400,0,32,224x224
8546,folding napkins/aUsboHB7eQU.mp4,folding napkins,k400,0,32,224x224
8547,playing monopoly/Gl5A9Bmupdw.mp4,playing monopoly,k400,0,32,224x224
8548,singing/HD6VqxHoCbk.mp4,singing,k400,0,32,224x224
8549,playing harp/cSVJLIP4MaE.mp4,playing harp,k400,0,32,224x224
8550,driving car/suepAJe3ldU.mp4,driving car,k400,0,32,224x224
8551,playing ukulele/DXADdZ0qqmQ.mp4,playing ukulele,k400,0,32,224x224
8552,brushing teeth/CFEn-fe52bM.mp4,brushing teeth,k400,0,32,224x224
8553,feeding goats/Mg3ZAJq_FQA.mp4,feeding goats,k400,0,32,224x224
8554,tossing coin/2gAXbzQKo14.mp4,tossing coin,k400,0,32,224x224
8555,bandaging/3nd2OjG6D0Q.mp4,bandaging,k400,0,32,224x224
8556,using computer/DWPpLbZlyow.mp4,using computer,k400,0,32,224x224
8557,sweeping floor/jfnfQL2ZD8U.mp4,sweeping floor,k400,0,32,224x224
8558,sticking tongue out/Zh3GPgTb73w.mp4,sticking tongue out,k400,0,32,224x224
8559,crossing river/A7yD8KuWf6s.mp4,crossing river,k400,0,32,224x224
8560,headbutting/48H-T3Laf-E.mp4,headbutting,k400,0,32,224x224
8561,dodgeball/viOZXqesA1w.mp4,dodgeball,k400,0,32,224x224
8562,playing volleyball/h3rmk-cQ53U.mp4,playing volleyball,k400,0,32,224x224
8563,spinning poi/uZrMMWuDgUw.mp4,spinning poi,k400,0,32,224x224
8564,eating chips/v1M3GYY26jI.mp4,eating chips,k400,0,32,224x224
8565,tasting food/PXUS1NPz2ik.mp4,tasting food,k400,0,32,224x224
8566,hitting baseball/rJsBJCy8kxY.mp4,hitting baseball,k400,0,32,224x224
8567,eating spaghetti/CUKuxrYi-Is.mp4,eating spaghetti,k400,0,32,224x224
8568,dancing macarena/A5zxGgcBTjE.mp4,dancing macarena,k400,0,32,224x224
8569,making jewelry/2Bg0Jbxz-ZI.mp4,making jewelry,k400,0,32,224x224
8570,getting a haircut/jAS-5oMDZd0.mp4,getting a haircut,k400,0,32,224x224
8571,dining/grO_uUfVjYw.mp4,dining,k400,0,32,224x224
8572,hitting baseball/AY23htQCBmY.mp4,hitting baseball,k400,0,32,224x224
8573,filling eyebrows/T_LPrxTExjY.mp4,filling eyebrows,k400,0,32,224x224
8574,playing bass guitar/Xdk4Apn3RA4.mp4,playing bass guitar,k400,0,32,224x224
8575,drinking/nTPYHiFQrIw.mp4,drinking,k400,0,32,224x224
8576,breakdancing/tXzQxCEpSdY.mp4,breakdancing,k400,0,32,224x224
8577,sailing/lJEeoO28dOo.mp4,sailing,k400,0,32,224x224
8578,punching bag/BtCQYoi6Utg.mp4,punching bag,k400,0,32,224x224
8579,tai chi/FEbnmioSO5M.mp4,tai chi,k400,0,32,224x224
8580,ironing/zaLdHfJRCH0.mp4,ironing,k400,0,32,224x224
8581,jumpstyle dancing/8qvgPlDrWsk.mp4,jumpstyle dancing,k400,0,32,224x224
8582,shuffling cards/3l7Mk8EjaQg.mp4,shuffling cards,k400,0,32,224x224
8583,high jump/XepZIx3xfpc.mp4,high jump,k400,0,32,224x224
8584,somersaulting/6Eo4p-72PZo.mp4,somersaulting,k400,0,32,224x224
8585,playing violin/8p6f33Y2lW8.mp4,playing violin,k400,0,32,224x224
8586,stomping grapes/TA0ro-WXEEg.mp4,stomping grapes,k400,0,32,224x224
8587,assembling computer/xJfYn0nuK7o.mp4,assembling computer,k400,0,32,224x224
8588,pushing car/tAT6EZTY3ys.mp4,pushing car,k400,0,32,224x224
8589,crossing river/9YZXRS26fBI.mp4,crossing river,k400,0,32,224x224
8590,eating hotdog/fh6AlDx8Tto.mp4,eating hotdog,k400,0,32,224x224
8591,clay pottery making/rtgILvexAR0.mp4,clay pottery making,k400,0,32,224x224
8592,marching/7WIo9cy_B60.mp4,marching,k400,0,32,224x224
8593,catching fish/Ur-UwjPylFw.mp4,catching fish,k400,0,32,224x224
8594,hammer throw/cdXJ1n5y8S4.mp4,hammer throw,k400,0,32,224x224
8595,belly dancing/z7ovIABNVs4.mp4,belly dancing,k400,0,32,224x224
8596,washing feet/3KtmOPgu5Sc.mp4,washing feet,k400,0,32,224x224
8597,scrambling eggs/Xc2vRms4MJI.mp4,scrambling eggs,k400,0,32,224x224
8598,golf putting/RZgwMZ5fUos.mp4,golf putting,k400,0,32,224x224
8599,bouncing on trampoline/pkrwE_wBNQI.mp4,bouncing on trampoline,k400,0,32,224x224
8600,snatch weight lifting/MHYiBUXGMik.mp4,snatch weight lifting,k400,0,32,224x224
8601,driving tractor/IR0_R-aKT9o.mp4,driving tractor,k400,0,32,224x224
8602,playing flute/7h95N9VwitU.mp4,playing flute,k400,0,32,224x224
8603,presenting weather forecast/mMZ2BrHzT9o.mp4,presenting weather forecast,k400,0,32,224x224
8604,country line dancing/c00B0ZkjALs.mp4,country line dancing,k400,0,32,224x224
8605,sword fighting/2kYG32FZ-Fw.mp4,sword fighting,k400,0,32,224x224
8606,shearing sheep/7IRv_oAJIOc.mp4,shearing sheep,k400,0,32,224x224
8607,massaging feet/jij-Xnw6JW0.mp4,massaging feet,k400,0,32,224x224
8608,hopscotch/hyzhHW6I5Bg.mp4,hopscotch,k400,0,32,224x224
8609,giving or receiving award/sZUOI7Lndqc.mp4,giving or receiving award,k400,0,32,224x224
8610,welding/uFX_RvWrzaQ.mp4,welding,k400,0,32,224x224
8611,playing xylophone/dVIAzd7zJzQ.mp4,playing xylophone,k400,0,32,224x224
8612,whistling/wRLqDc_VSEU.mp4,whistling,k400,0,32,224x224
8613,breading or breadcrumbing/FO_LXmjb6RM.mp4,breading or breadcrumbing,k400,0,32,224x224
8614,hurdling/q4a93kWMXF0.mp4,hurdling,k400,0,32,224x224
8615,dancing ballet/JA6kl4RlA0I.mp4,dancing ballet,k400,0,32,224x224
8616,skiing (not slalom or crosscountry)/wCxu54iqnJs.mp4,skiing (not slalom or crosscountry),k400,0,32,224x224
8617,hitting baseball/4iR6UP9tg7I.mp4,hitting baseball,k400,0,32,224x224
8618,bookbinding/58UqLGxi0mw.mp4,bookbinding,k400,0,32,224x224
8619,kitesurfing/COgyOvbTMMg.mp4,kitesurfing,k400,0,32,224x224
8620,milking cow/qSATczcffhU.mp4,milking cow,k400,0,32,224x224
8621,massaging feet/Ypr3CTgvIWw.mp4,massaging feet,k400,0,32,224x224
8622,capoeira/Z3XoFAQAtbs.mp4,capoeira,k400,0,32,224x224
8623,somersaulting/vjNnE2r4t3g.mp4,somersaulting,k400,0,32,224x224
8624,archery/79R1MPN70V0.mp4,archery,k400,0,32,224x224
8625,barbequing/G6clgLvAmt0.mp4,barbequing,k400,0,32,224x224
8626,bench pressing/BoTOg4i1iSs.mp4,bench pressing,k400,0,32,224x224
8627,kissing/TuGuSJreg-Y.mp4,kissing,k400,0,32,224x224
8628,pushing car/mlxvaZT0LaY.mp4,pushing car,k400,0,32,224x224
8629,snowkiting/ZYqGeASj7_0.mp4,snowkiting,k400,0,32,224x224
8630,lunge/DMoPBiAxheQ.mp4,lunge,k400,0,32,224x224
8631,dunking basketball/gZTXqOmf4aE.mp4,dunking basketball,k400,0,32,224x224
8632,mowing lawn/VMltoz2b4OU.mp4,mowing lawn,k400,0,32,224x224
8633,robot dancing/vvvl-U8loCo.mp4,robot dancing,k400,0,32,224x224
8634,catching fish/BV0cSwoKXl0.mp4,catching fish,k400,0,32,224x224
8635,country line dancing/AkD8xMyw-m8.mp4,country line dancing,k400,0,32,224x224
8636,playing trumpet/cg8z0lLrKz8.mp4,playing trumpet,k400,0,32,224x224
8637,side kick/QByRKqpEy9g.mp4,side kick,k400,0,32,224x224
8638,tobogganing/1Qolo804nMY.mp4,tobogganing,k400,0,32,224x224
8639,changing oil/9acZ5doqzXA.mp4,changing oil,k400,0,32,224x224
8640,tying tie/UxYq7C-Rv5U.mp4,tying tie,k400,0,32,224x224
8641,plastering/szaj0ZX7YJY.mp4,plastering,k400,0,32,224x224
8642,ski jumping/hHurxCFf9Yc.mp4,ski jumping,k400,0,32,224x224
8643,snatch weight lifting/4j0CYX11QTA.mp4,snatch weight lifting,k400,0,32,224x224
8644,juggling balls/cRR5gJqwIgU.mp4,juggling balls,k400,0,32,224x224
8645,driving car/2KtQL1SI1G4.mp4,driving car,k400,0,32,224x224
8646,contact juggling/HxNPtBBCAEE.mp4,contact juggling,k400,0,32,224x224
8647,laughing/fZ1MXUC14aU.mp4,laughing,k400,0,32,224x224
8648,arranging flowers/XJ6TUhgtm8U.mp4,arranging flowers,k400,0,32,224x224
8649,using computer/5UgWD6L2Sr0.mp4,using computer,k400,0,32,224x224
8650,bending metal/p2J2wczc_bc.mp4,bending metal,k400,0,32,224x224
8651,mowing lawn/KZ6GNizf4Jk.mp4,mowing lawn,k400,0,32,224x224
8652,marching/bMKDWY_oFyA.mp4,marching,k400,0,32,224x224
8653,taking a shower/bAhChPIGz-s.mp4,taking a shower,k400,0,32,224x224
8654,catching or throwing frisbee/6OnKUCmp98s.mp4,catching or throwing frisbee,k400,0,32,224x224
8655,abseiling/6fBBpbxDuTw.mp4,abseiling,k400,0,32,224x224
8656,juggling fire/cgM-ZZ2dBE0.mp4,juggling fire,k400,0,32,224x224
8657,crossing river/2GkCA2UDR4Q.mp4,crossing river,k400,0,32,224x224
8658,massaging legs/vYVVIiM82LM.mp4,massaging legs,k400,0,32,224x224
8659,snorkeling/E68_Plx3tfo.mp4,snorkeling,k400,0,32,224x224
8660,front raises/9vI4FnrtKB0.mp4,front raises,k400,0,32,224x224
8661,feeding goats/xZooC-sziPA.mp4,feeding goats,k400,0,32,224x224
8662,playing badminton/-TpQ3bRGK2E.mp4,playing badminton,k400,0,32,224x224
8663,javelin throw/6v3FSdMIs1o.mp4,javelin throw,k400,0,32,224x224
8664,doing laundry/fPRo-LAbQ0I.mp4,doing laundry,k400,0,32,224x224
8665,playing accordion/WpQHQeY43zo.mp4,playing accordion,k400,0,32,224x224
8666,pushing cart/C5p1afTlskc.mp4,pushing cart,k400,0,32,224x224
8667,filling eyebrows/K9VKifaTGbg.mp4,filling eyebrows,k400,0,32,224x224
8668,playing recorder/Yffe4mqJ60k.mp4,playing recorder,k400,0,32,224x224
8669,golf putting/gKITdUeoUVA.mp4,golf putting,k400,0,32,224x224
8670,eating burger/apILf1d26wc.mp4,eating burger,k400,0,32,224x224
8671,front raises/iFTLFlUlV6I.mp4,front raises,k400,0,32,224x224
8672,chopping wood/X937JKu2KX8.mp4,chopping wood,k400,0,32,224x224
8673,playing accordion/iqExlMWduTE.mp4,playing accordion,k400,0,32,224x224
8674,getting a tattoo/x0y9lIyimOo.mp4,getting a tattoo,k400,0,32,224x224
8675,spinning poi/5UZblpJhlTY.mp4,spinning poi,k400,0,32,224x224
8676,bending back/y_vDV2XQeN4.mp4,bending back,k400,0,32,224x224
8677,sharpening pencil/EAKivCM1Flg.mp4,sharpening pencil,k400,0,32,224x224
8678,crawling baby/Zi1DfzeAkSw.mp4,crawling baby,k400,0,32,224x224
8679,capoeira/QH9tHYBOqHM.mp4,capoeira,k400,0,32,224x224
8680,slacklining/39UTXhksVe8.mp4,slacklining,k400,0,32,224x224
8681,cleaning pool/bWj-m_EXtsM.mp4,cleaning pool,k400,0,32,224x224
8682,hockey stop/FIs-IA20uvs.mp4,hockey stop,k400,0,32,224x224
8683,bungee jumping/o4Ws_LTQP_4.mp4,bungee jumping,k400,0,32,224x224
8684,playing volleyball/jW4r5IaRnUg.mp4,playing volleyball,k400,0,32,224x224
8685,clean and jerk/cETF3BfyIGA.mp4,clean and jerk,k400,0,32,224x224
8686,spray painting/IkTyrLQtpjI.mp4,spray painting,k400,0,32,224x224
8687,cutting watermelon/DWFLcl1dPvo.mp4,cutting watermelon,k400,0,32,224x224
8688,parasailing/LYkGDoTjgQo.mp4,parasailing,k400,0,32,224x224
8689,hula hooping/OmP0Wn3vrJo.mp4,hula hooping,k400,0,32,224x224
8690,bandaging/W4dstLcSRK4.mp4,bandaging,k400,0,32,224x224
8691,shot put/KSG7NfW0KJ0.mp4,shot put,k400,0,32,224x224
8692,surfing crowd/wlf-dDEgOEg.mp4,surfing crowd,k400,0,32,224x224
8693,arranging flowers/S047Lklr8Ig.mp4,arranging flowers,k400,0,32,224x224
8694,skiing (not slalom or crosscountry)/eH9DXIvJJ5Q.mp4,skiing (not slalom or crosscountry),k400,0,32,224x224
8695,peeling apples/WFi5LLel-wk.mp4,peeling apples,k400,0,32,224x224
8696,brush painting/VKwDTfb0n90.mp4,brush painting,k400,0,32,224x224
8697,egg hunting/789dl1wwBfw.mp4,egg hunting,k400,0,32,224x224
8698,playing drums/ouOgX2VdR48.mp4,playing drums,k400,0,32,224x224
8699,laughing/-oSKT0KuI3I.mp4,laughing,k400,0,32,224x224
8700,picking fruit/Jg6iNpFXk6U.mp4,picking fruit,k400,0,32,224x224
8701,contact juggling/UBUFDDMYzAY.mp4,contact juggling,k400,0,32,224x224
8702,playing ice hockey/mkbi2oHHw74.mp4,playing ice hockey,k400,0,32,224x224
8703,ice fishing/br5v17mEdj8.mp4,ice fishing,k400,0,32,224x224
8704,jetskiing/fT-Y8Y8QitU.mp4,jetskiing,k400,0,32,224x224
8705,bench pressing/FyYRvnHdOgU.mp4,bench pressing,k400,0,32,224x224
8706,high kick/oHIK0UU_XG0.mp4,high kick,k400,0,32,224x224
8707,pumping gas/8XP8z3BucM4.mp4,pumping gas,k400,0,32,224x224
8708,water skiing/rOsxidA5lPY.mp4,water skiing,k400,0,32,224x224
8709,bench pressing/8gYeiygqT4o.mp4,bench pressing,k400,0,32,224x224
8710,dancing charleston/DnaaAJSeYko.mp4,dancing charleston,k400,0,32,224x224
8711,curling hair/jUyOkobxK88.mp4,curling hair,k400,0,32,224x224
8712,push up/53K3xFaxG7A.mp4,push up,k400,0,32,224x224
8713,cooking chicken/AdjqRJ5aGB8.mp4,cooking chicken,k400,0,32,224x224
8714,barbequing/vesa-Lxc3rU.mp4,barbequing,k400,0,32,224x224
8715,playing keyboard/DH0fzEYs7Mo.mp4,playing keyboard,k400,0,32,224x224
8716,motorcycling/hK6Z0yS6lcA.mp4,motorcycling,k400,0,32,224x224
8717,push up/hmmHo5cNFLI.mp4,push up,k400,0,32,224x224
8718,scuba diving/xQq3Ln15arU.mp4,scuba diving,k400,0,32,224x224
8719,smoking hookah/7JHJ9tpLMhQ.mp4,smoking hookah,k400,0,32,224x224
8720,brushing teeth/M70nVaKTq80.mp4,brushing teeth,k400,0,32,224x224
8721,sharpening pencil/BBnr-t32caM.mp4,sharpening pencil,k400,0,32,224x224
8722,milking cow/6Qzelz4ixbk.mp4,milking cow,k400,0,32,224x224
8723,diving cliff/q35m062Gd2s.mp4,diving cliff,k400,0,32,224x224
8724,blowing nose/y8GXHamtTQU.mp4,blowing nose,k400,0,32,224x224
8725,changing oil/AEALdkyy_jg.mp4,changing oil,k400,0,32,224x224
8726,ice climbing/XsYzr7hvCIA.mp4,ice climbing,k400,0,32,224x224
8727,tango dancing/xPk8k0xFIF4.mp4,tango dancing,k400,0,32,224x224
8728,petting animal (not cat)/2UHhHN4RSyE.mp4,petting animal (not cat),k400,0,32,224x224
8729,sticking tongue out/5sJEk2IHurA.mp4,sticking tongue out,k400,0,32,224x224
8730,throwing ball/5XVP6HC7WEw.mp4,throwing ball,k400,0,32,224x224
8731,playing harp/S9NhM3XuAZs.mp4,playing harp,k400,0,32,224x224
8732,garbage collecting/fG8W0WZCb3Q.mp4,garbage collecting,k400,0,32,224x224
8733,juggling soccer ball/lrh5DsDjwyg.mp4,juggling soccer ball,k400,0,32,224x224
8734,riding camel/EPQ3SzKSQgM.mp4,riding camel,k400,0,32,224x224
8735,climbing ladder/JgYX9ERLtRk.mp4,climbing ladder,k400,0,32,224x224
8736,hula hooping/wDPydEU_7_w.mp4,hula hooping,k400,0,32,224x224
8737,rock climbing/SDZEfD5CH9I.mp4,rock climbing,k400,0,32,224x224
8738,diving cliff/82PuJqTW_kQ.mp4,diving cliff,k400,0,32,224x224
8739,washing dishes/aDpFmQdX63M.mp4,washing dishes,k400,0,32,224x224
8740,ski jumping/Hao29lpDKpk.mp4,ski jumping,k400,0,32,224x224
8741,bee keeping/By96UjfALNA.mp4,bee keeping,k400,0,32,224x224
8742,hammer throw/jqHpty7hjC0.mp4,hammer throw,k400,0,32,224x224
8743,barbequing/l40_LN5w5Vo.mp4,barbequing,k400,0,32,224x224
8744,catching or throwing frisbee/BAGFlQ37w4c.mp4,catching or throwing frisbee,k400,0,32,224x224
8745,massaging back/UybeJLTT3Xk.mp4,massaging back,k400,0,32,224x224
8746,playing cello/AyI2Mero7rQ.mp4,playing cello,k400,0,32,224x224
8747,playing xylophone/Rl_oI_Db4N4.mp4,playing xylophone,k400,0,32,224x224
8748,finger snapping/9g8Lbc9WQQw.mp4,finger snapping,k400,0,32,224x224
8749,washing hands/-LUN6528w3I.mp4,washing hands,k400,0,32,224x224
8750,shooting basketball/-2U9f7hb76Q.mp4,shooting basketball,k400,0,32,224x224
8751,cartwheeling/iX59MDJH0mQ.mp4,cartwheeling,k400,0,32,224x224
8752,building shed/VHejDbgvJsc.mp4,building shed,k400,0,32,224x224
8753,playing harmonica/yErpgL0IJqM.mp4,playing harmonica,k400,0,32,224x224
8754,marching/cY-OI1JIC80.mp4,marching,k400,0,32,224x224
8755,shearing sheep/dpgEkp1Bk2M.mp4,shearing sheep,k400,0,32,224x224
8756,snatch weight lifting/xvM5ap5-nRk.mp4,snatch weight lifting,k400,0,32,224x224
8757,cutting pineapple/LS_EO0GGB9g.mp4,cutting pineapple,k400,0,32,224x224
8758,air drumming/JcMnwOnl4kM.mp4,air drumming,k400,0,32,224x224
8759,flying kite/WNX2NAuhy3Q.mp4,flying kite,k400,0,32,224x224
8760,trapezing/VIM-jT-AOqU.mp4,trapezing,k400,0,32,224x224
8761,playing ukulele/kCunbnjBIfE.mp4,playing ukulele,k400,0,32,224x224
8762,snowkiting/tEGFWv76h3A.mp4,snowkiting,k400,0,32,224x224
8763,flipping pancake/EgFB4ubbazg.mp4,flipping pancake,k400,0,32,224x224
8764,playing trombone/5vGF0hWvk68.mp4,playing trombone,k400,0,32,224x224
8765,bandaging/CTJpbVmSyBA.mp4,bandaging,k400,0,32,224x224
8766,blowing out candles/y_JZ2q3ZWkQ.mp4,blowing out candles,k400,0,32,224x224
8767,playing cricket/EeWVFM4AiZU.mp4,playing cricket,k400,0,32,224x224
8768,flying kite/OHwTyG3hKqI.mp4,flying kite,k400,0,32,224x224
8769,rock climbing/CF3Wn-JpGuI.mp4,rock climbing,k400,0,32,224x224
8770,zumba/BJDPsdHz_ZU.mp4,zumba,k400,0,32,224x224
8771,dodgeball/3p1isXGe7RE.mp4,dodgeball,k400,0,32,224x224
8772,climbing tree/Z0POkQd_Mgc.mp4,climbing tree,k400,0,32,224x224
8773,garbage collecting/TIKNSZefwJM.mp4,garbage collecting,k400,0,32,224x224
8774,dancing macarena/yn-0e7lFxQ4.mp4,dancing macarena,k400,0,32,224x224
8775,bungee jumping/JO7Rsykqzy4.mp4,bungee jumping,k400,0,32,224x224
8776,snowkiting/Jxb2rJ2xZfA.mp4,snowkiting,k400,0,32,224x224
8777,mopping floor/6efrH_csPq4.mp4,mopping floor,k400,0,32,224x224
8778,pushing cart/a8B5dwj08vQ.mp4,pushing cart,k400,0,32,224x224
8779,playing paintball/B985lxT5nXM.mp4,playing paintball,k400,0,32,224x224
8780,pushing cart/1Xv25ReH2ZI.mp4,pushing cart,k400,0,32,224x224
8781,walking the dog/NYbBkv2Ob6o.mp4,walking the dog,k400,0,32,224x224
8782,playing drums/9GO3ghfhojc.mp4,playing drums,k400,0,32,224x224
8783,dribbling basketball/y9M1sTKxZSw.mp4,dribbling basketball,k400,0,32,224x224
8784,extinguishing fire/CRZ4yaogS_o.mp4,extinguishing fire,k400,0,32,224x224
8785,snowkiting/6o1E58IXcvw.mp4,snowkiting,k400,0,32,224x224
8786,peeling apples/HVQaGJH-IcU.mp4,peeling apples,k400,0,32,224x224
8787,kissing/mCYMuRZWB7Y.mp4,kissing,k400,0,32,224x224
8788,pull ups/HmB1_QAHP0w.mp4,pull ups,k400,0,32,224x224
8789,skiing (not slalom or crosscountry)/jNpZyaczuXA.mp4,skiing (not slalom or crosscountry),k400,0,32,224x224
8790,yoga/imeQPBEPpLI.mp4,yoga,k400,0,32,224x224
8791,snowmobiling/5VgRyK33tv4.mp4,snowmobiling,k400,0,32,224x224
8792,reading book/Qjy8IoqV0K0.mp4,reading book,k400,0,32,224x224
8793,using computer/wVj17amFCjQ.mp4,using computer,k400,0,32,224x224
8794,tobogganing/QTWlXXDOIRQ.mp4,tobogganing,k400,0,32,224x224
8795,washing feet/143RWL3Guqk.mp4,washing feet,k400,0,32,224x224
8796,blowing nose/jpo41uPxpf4.mp4,blowing nose,k400,0,32,224x224
8797,abseiling/7dJXS-QdVFc.mp4,abseiling,k400,0,32,224x224
8798,feeding birds/znuTEZLYu8A.mp4,feeding birds,k400,0,32,224x224
8799,mopping floor/IdG3UPXRtio.mp4,mopping floor,k400,0,32,224x224
8800,shaving head/Vi4iZ0KqhXw.mp4,shaving head,k400,0,32,224x224
8801,headbanging/XOmpVKg_mtw.mp4,headbanging,k400,0,32,224x224
8802,bench pressing/UbKDeT5N5h4.mp4,bench pressing,k400,0,32,224x224
8803,pushing wheelchair/Nwl71Raiylo.mp4,pushing wheelchair,k400,0,32,224x224
8804,folding napkins/sbbWvPPBvVs.mp4,folding napkins,k400,0,32,224x224
8805,shooting basketball/n6Ks9x4B4VE.mp4,shooting basketball,k400,0,32,224x224
8806,disc golfing/3CYkN06H4ro.mp4,disc golfing,k400,0,32,224x224
8807,punching person (boxing)/UyvebA6EfXg.mp4,punching person (boxing),k400,0,32,224x224
8808,skipping rope/GI2N8Qia2Nk.mp4,skipping rope,k400,0,32,224x224
8809,eating hotdog/pEYxEo2ZkfA.mp4,eating hotdog,k400,0,32,224x224
8810,opening present/mRb3CmgbjBo.mp4,opening present,k400,0,32,224x224
8811,snowkiting/Jumj2_GIOKg.mp4,snowkiting,k400,0,32,224x224
8812,slacklining/5ZARCVOWyJ4.mp4,slacklining,k400,0,32,224x224
8813,peeling potatoes/Ceck0tQ4mAc.mp4,peeling potatoes,k400,0,32,224x224
8814,bobsledding/cokbKj66zXg.mp4,bobsledding,k400,0,32,224x224
8815,playing paintball/BJNrtx166EU.mp4,playing paintball,k400,0,32,224x224
8816,driving car/rEFKCYZrur0.mp4,driving car,k400,0,32,224x224
8817,extinguishing fire/_WDUalejGHo.mp4,extinguishing fire,k400,0,32,224x224
8818,shot put/SvCwCApW1GM.mp4,shot put,k400,0,32,224x224
8819,playing ukulele/9cA84dKe0lA.mp4,playing ukulele,k400,0,32,224x224
8820,throwing discus/O_GXIbsmiqM.mp4,throwing discus,k400,0,32,224x224
8821,stretching arm/Rhr1C4G9g2E.mp4,stretching arm,k400,0,32,224x224
8822,roller skating/VCEV6mljSqE.mp4,roller skating,k400,0,32,224x224
8823,doing nails/XptDpzHT5FY.mp4,doing nails,k400,0,32,224x224
8824,passing American football (in game)/pyu5szU8GJg.mp4,passing American football (in game),k400,0,32,224x224
8825,biking through snow/g2yUmcyz5sY.mp4,biking through snow,k400,0,32,224x224
8826,petting cat/WIplStn_pXM.mp4,petting cat,k400,0,32,224x224
8827,diving cliff/tsjafUYEo1c.mp4,diving cliff,k400,0,32,224x224
8828,brush painting/aBhJS6YfQC4.mp4,brush painting,k400,0,32,224x224
8829,country line dancing/BefzouCDE2s.mp4,country line dancing,k400,0,32,224x224
8830,skiing slalom/47t_PMvnRC8.mp4,skiing slalom,k400,0,32,224x224
8831,making bed/ftM7t-N2yoA.mp4,making bed,k400,0,32,224x224
8832,eating spaghetti/rSWDVQqh_Qg.mp4,eating spaghetti,k400,0,32,224x224
8833,celebrating/FzdJiypbN5Q.mp4,celebrating,k400,0,32,224x224
8834,slacklining/XNiUTshIqKM.mp4,slacklining,k400,0,32,224x224
8835,washing hair/v-Mbfs482wU.mp4,washing hair,k400,0,32,224x224
8836,walking the dog/kOMbNN_ODVc.mp4,walking the dog,k400,0,32,224x224
8837,playing cello/aEtS1SNaQ0Q.mp4,playing cello,k400,0,32,224x224
8838,kicking field goal/8PDp8QLA9Hg.mp4,kicking field goal,k400,0,32,224x224
8839,pushing wheelchair/7ZOv-TG1zRA.mp4,pushing wheelchair,k400,0,32,224x224
8840,stretching leg/r_DG10U4bGg.mp4,stretching leg,k400,0,32,224x224
8841,dancing ballet/STWvtsOrjRY.mp4,dancing ballet,k400,0,32,224x224
8842,sanding floor/Lw-R2nQMzpg.mp4,sanding floor,k400,0,32,224x224
8843,scrambling eggs/V02-XRv9hYI.mp4,scrambling eggs,k400,0,32,224x224
8844,hopscotch/gkhl3_wNnjw.mp4,hopscotch,k400,0,32,224x224
8845,headbanging/arvz6x6PUK0.mp4,headbanging,k400,0,32,224x224
8846,pumping fist/w1gnXX4UrUc.mp4,pumping fist,k400,0,32,224x224
8847,giving or receiving award/biOnrP_s1jQ.mp4,giving or receiving award,k400,0,32,224x224
8848,riding a bike/CTGugSZ2FCI.mp4,riding a bike,k400,0,32,224x224
8849,playing tennis/N6WBmBgEk74.mp4,playing tennis,k400,0,32,224x224
8850,answering questions/joN6_IGDa0U.mp4,answering questions,k400,0,32,224x224
8851,riding camel/BboGA8co1Yk.mp4,riding camel,k400,0,32,224x224
8852,barbequing/r8ld8cywk9U.mp4,barbequing,k400,0,32,224x224
8853,playing trumpet/qWVoWqsKwbc.mp4,playing trumpet,k400,0,32,224x224
8854,shaking hands/_bh7oY2kiqc.mp4,shaking hands,k400,0,32,224x224
8855,playing bagpipes/FKQIdqjY9nI.mp4,playing bagpipes,k400,0,32,224x224
8856,high kick/SxUBuUJPmnE.mp4,high kick,k400,0,32,224x224
8857,riding mule/KiIvQ24j_FM.mp4,riding mule,k400,0,32,224x224
8858,washing feet/hUNdyql0UHk.mp4,washing feet,k400,0,32,224x224
8859,passing American football (not in game)/2Ij24-37v3E.mp4,passing American football (not in game),k400,0,32,224x224
8860,singing/H0lGSv2rpFk.mp4,singing,k400,0,32,224x224
8861,vault/yY7CK2pnOYs.mp4,vault,k400,0,32,224x224
8862,playing guitar/jCNHfw23rBg.mp4,playing guitar,k400,0,32,224x224
8863,hoverboarding/D3Cw95zhQGg.mp4,hoverboarding,k400,0,32,224x224
8864,playing violin/TIlqWOIZBN0.mp4,playing violin,k400,0,32,224x224
8865,crossing river/B3846WIhzWA.mp4,crossing river,k400,0,32,224x224
8866,petting animal (not cat)/_kLn1qVAtk8.mp4,petting animal (not cat),k400,0,32,224x224
8867,riding or walking with horse/BfcCjeBiZ7w.mp4,riding or walking with horse,k400,0,32,224x224
8868,eating cake/oMuOsESBiC4.mp4,eating cake,k400,0,32,224x224
8869,sailing/1oTJ6C8q66M.mp4,sailing,k400,0,32,224x224
8870,riding camel/lq8Xt1SNdDI.mp4,riding camel,k400,0,32,224x224
8871,springboard diving/mMr-e-lmHHo.mp4,springboard diving,k400,0,32,224x224
8872,country line dancing/VjiY04tbKZ8.mp4,country line dancing,k400,0,32,224x224
8873,sanding floor/7bHmJDysBfI.mp4,sanding floor,k400,0,32,224x224
8874,cleaning shoes/gJrZ4NNywxQ.mp4,cleaning shoes,k400,0,32,224x224
8875,cooking sausages/4Ft4akRN7F0.mp4,cooking sausages,k400,0,32,224x224
8876,shuffling cards/mw-ydSdGDNw.mp4,shuffling cards,k400,0,32,224x224
8877,situp/Mu472HybCgk.mp4,situp,k400,0,32,224x224
8878,pole vault/phDxnM2-Puk.mp4,pole vault,k400,0,32,224x224
8879,throwing axe/tN-aWoGShrM.mp4,throwing axe,k400,0,32,224x224
8880,motorcycling/J9jFAazuLGo.mp4,motorcycling,k400,0,32,224x224
8881,flipping pancake/e2cOxd9Bytk.mp4,flipping pancake,k400,0,32,224x224
8882,playing harmonica/Dw8BGGcSMC8.mp4,playing harmonica,k400,0,32,224x224
8883,cutting pineapple/9lsh1-avbdQ.mp4,cutting pineapple,k400,0,32,224x224
8884,using segway/_aNTzQtlm4w.mp4,using segway,k400,0,32,224x224
8885,barbequing/tfiLWbyB-48.mp4,barbequing,k400,0,32,224x224
8886,jetskiing/kF1l5dhdjJo.mp4,jetskiing,k400,0,32,224x224
8887,cleaning gutters/N8uNGhX6RtM.mp4,cleaning gutters,k400,0,32,224x224
8888,cleaning gutters/h5jFoT9hNGw.mp4,cleaning gutters,k400,0,32,224x224
8889,hockey stop/MSp-rNWGITw.mp4,hockey stop,k400,0,32,224x224
8890,checking tires/yLjldw8cbLw.mp4,checking tires,k400,0,32,224x224
8891,skiing crosscountry/EOradtej9GU.mp4,skiing crosscountry,k400,0,32,224x224
8892,curling hair/yBcHsgNAIyE.mp4,curling hair,k400,0,32,224x224
8893,riding mule/MRlEcpDmSJg.mp4,riding mule,k400,0,32,224x224
8894,passing American football (not in game)/t5zDD9K2MEA.mp4,passing American football (not in game),k400,0,32,224x224
8895,playing cricket/3ql1ZXxaUrM.mp4,playing cricket,k400,0,32,224x224
8896,waxing legs/1Ld76_yX17Q.mp4,waxing legs,k400,0,32,224x224
8897,belly dancing/2KtM3HZWRgk.mp4,belly dancing,k400,0,32,224x224
8898,javelin throw/cEzcH5uZj5s.mp4,javelin throw,k400,0,32,224x224
8899,trimming trees/L3fQGwu2CVA.mp4,trimming trees,k400,0,32,224x224
8900,playing harp/dxzLfLfRhZA.mp4,playing harp,k400,0,32,224x224
8901,flying kite/PPSMBjQfNYQ.mp4,flying kite,k400,0,32,224x224
8902,pushing car/BThYAfqTJyk.mp4,pushing car,k400,0,32,224x224
8903,abseiling/611neCpTy4w.mp4,abseiling,k400,0,32,224x224
8904,sanding floor/BAO4KD1ZXBc.mp4,sanding floor,k400,0,32,224x224
8905,playing harp/JKr0hKPBFsg.mp4,playing harp,k400,0,32,224x224
8906,playing violin/NIU57BCtNRo.mp4,playing violin,k400,0,32,224x224
8907,golf chipping/spZhwmQ2LV8.mp4,golf chipping,k400,0,32,224x224
8908,grooming horse/kQtBNp50sok.mp4,grooming horse,k400,0,32,224x224
8909,dying hair/T7z_JHxyqHI.mp4,dying hair,k400,0,32,224x224
8910,snowboarding/wNMuHm9y7mk.mp4,snowboarding,k400,0,32,224x224
8911,bungee jumping/ESbQsgt650M.mp4,bungee jumping,k400,0,32,224x224
8912,welding/Lw21adCexPo.mp4,welding,k400,0,32,224x224
8913,skydiving/I75Z9iTLdwo.mp4,skydiving,k400,0,32,224x224
8914,welding/CSAJY3JyumM.mp4,welding,k400,0,32,224x224
8915,feeding fish/owxtg_Ub0WA.mp4,feeding fish,k400,0,32,224x224
8916,rock scissors paper/2Dhb7vqvfTs.mp4,rock scissors paper,k400,0,32,224x224
8917,catching or throwing baseball/aMwWTPw5n10.mp4,catching or throwing baseball,k400,0,32,224x224
8918,windsurfing/k6Ll6iCioCM.mp4,windsurfing,k400,0,32,224x224
8919,cooking chicken/_8w7SkEkehQ.mp4,cooking chicken,k400,0,32,224x224
8920,waxing chest/CWe6B16Pf0M.mp4,waxing chest,k400,0,32,224x224
8921,tai chi/vl0AJgRMSYQ.mp4,tai chi,k400,0,32,224x224
8922,snorkeling/up5nrTK597M.mp4,snorkeling,k400,0,32,224x224
8923,texting/JWxNj4g_7Mo.mp4,texting,k400,0,32,224x224
8924,archery/6D3RYOeOO48.mp4,archery,k400,0,32,224x224
8925,blowing nose/LbXtztjmxs8.mp4,blowing nose,k400,0,32,224x224
8926,grooming horse/_p0eoCHZ8BA.mp4,grooming horse,k400,0,32,224x224
8927,bee keeping/rtCfnZfn_Bw.mp4,bee keeping,k400,0,32,224x224
8928,playing clarinet/__QJVp_Kncs.mp4,playing clarinet,k400,0,32,224x224
8929,eating chips/ltId_cnRF-Q.mp4,eating chips,k400,0,32,224x224
8930,climbing tree/Yvh7pML2xPs.mp4,climbing tree,k400,0,32,224x224
8931,eating cake/i-IWjXhrRfA.mp4,eating cake,k400,0,32,224x224
8932,opening present/2boHJ18wLn0.mp4,opening present,k400,0,32,224x224
8933,feeding goats/qf9fK3pxl6A.mp4,feeding goats,k400,0,32,224x224
8934,ice climbing/rLPHq5aveas.mp4,ice climbing,k400,0,32,224x224
8935,walking the dog/Wh4MqdIUlV4.mp4,walking the dog,k400,0,32,224x224
8936,playing trombone/BVFR6AYD9rw.mp4,playing trombone,k400,0,32,224x224
8937,blowing glass/Gn-wUbm2Q7w.mp4,blowing glass,k400,0,32,224x224
8938,bookbinding/ByeR8xVaq2Y.mp4,bookbinding,k400,0,32,224x224
8939,punching bag/atkDR-LGYOQ.mp4,punching bag,k400,0,32,224x224
8940,golf driving/7bTQ0fcvvKY.mp4,golf driving,k400,0,32,224x224
8941,playing piano/wPYR153pT9w.mp4,playing piano,k400,0,32,224x224
8942,milking cow/V8_-yq5gvIM.mp4,milking cow,k400,0,32,224x224
8943,salsa dancing/-VroFE1VY00.mp4,salsa dancing,k400,0,32,224x224
8944,checking tires/tNeL0PERk4k.mp4,checking tires,k400,0,32,224x224
8945,abseiling/m8Pm5kmCuqI.mp4,abseiling,k400,0,32,224x224
8946,skiing slalom/8tRRa8GWnVc.mp4,skiing slalom,k400,0,32,224x224
8947,tai chi/OIxSyHFwTIo.mp4,tai chi,k400,0,32,224x224
8948,grooming dog/fUYFVXLhUkg.mp4,grooming dog,k400,0,32,224x224
8949,shaving head/FQoYYXkdmCo.mp4,shaving head,k400,0,32,224x224
8950,massaging back/fO_ZjMUQiE8.mp4,massaging back,k400,0,32,224x224
8951,side kick/GTLXW5Tfu7o.mp4,side kick,k400,0,32,224x224
8952,playing saxophone/3-u5BJQG4_k.mp4,playing saxophone,k400,0,32,224x224
8953,getting a haircut/3hhuf0l7zJ4.mp4,getting a haircut,k400,0,32,224x224
8954,robot dancing/EdDX85ytsyo.mp4,robot dancing,k400,0,32,224x224
8955,ski jumping/UJfgKYtoQzI.mp4,ski jumping,k400,0,32,224x224
8956,rock climbing/mRbp99-jqrU.mp4,rock climbing,k400,0,32,224x224
8957,playing monopoly/Xkkk5ruIMl8.mp4,playing monopoly,k400,0,32,224x224
8958,playing ice hockey/iEGYd3DJ3Wo.mp4,playing ice hockey,k400,0,32,224x224
8959,climbing ladder/DJdin1m8kq0.mp4,climbing ladder,k400,0,32,224x224
8960,spray painting/UxSgTdSaKsM.mp4,spray painting,k400,0,32,224x224
8961,shredding paper/R51wC6Q6PfQ.mp4,shredding paper,k400,0,32,224x224
8962,peeling apples/HqOwwmVxPdw.mp4,peeling apples,k400,0,32,224x224
8963,eating spaghetti/JBOX1rYcCbE.mp4,eating spaghetti,k400,0,32,224x224
8964,headbutting/p72oj79Z_uA.mp4,headbutting,k400,0,32,224x224
8965,picking fruit/nUA9HTQ6eXU.mp4,picking fruit,k400,0,32,224x224
8966,swimming breast stroke/bn_LLEIr6oU.mp4,swimming breast stroke,k400,0,32,224x224
8967,riding a bike/bpRszM4CBzQ.mp4,riding a bike,k400,0,32,224x224
8968,cooking sausages/PyxSC_Dc8LQ.mp4,cooking sausages,k400,0,32,224x224
8969,krumping/TwcR5Xev3oE.mp4,krumping,k400,0,32,224x224
8970,setting table/7WgoCF9646k.mp4,setting table,k400,0,32,224x224
8971,tying bow tie/G9UHlAHlNhM.mp4,tying bow tie,k400,0,32,224x224
8972,kicking field goal/1Sm-qG5QlEk.mp4,kicking field goal,k400,0,32,224x224
8973,playing saxophone/y1p4sIkKx5k.mp4,playing saxophone,k400,0,32,224x224
8974,welding/O-hRPs-CBjU.mp4,welding,k400,0,32,224x224
8975,juggling fire/Qr7ln6NNNGY.mp4,juggling fire,k400,0,32,224x224
8976,punching bag/gYnS-Lys2CI.mp4,punching bag,k400,0,32,224x224
8977,playing cards/OqTD2FwlS_k.mp4,playing cards,k400,0,32,224x224
8978,playing drums/tNybCHAp6tc.mp4,playing drums,k400,0,32,224x224
8979,golf driving/p8v-7fwRXVA.mp4,golf driving,k400,0,32,224x224
8980,sailing/PDdBya3rL0M.mp4,sailing,k400,0,32,224x224
8981,shuffling cards/lSsCfj39phE.mp4,shuffling cards,k400,0,32,224x224
8982,playing basketball/Zerk6fwnEuw.mp4,playing basketball,k400,0,32,224x224
8983,triple jump/u979iSiyaXY.mp4,triple jump,k400,0,32,224x224
8984,cooking egg/yXTxOoLUPEw.mp4,cooking egg,k400,0,32,224x224
8985,crossing river/FZFcUjNghg4.mp4,crossing river,k400,0,32,224x224
8986,playing ice hockey/nmtrP8hP2X0.mp4,playing ice hockey,k400,0,32,224x224
8987,jumpstyle dancing/XTzV7NFhQRM.mp4,jumpstyle dancing,k400,0,32,224x224
8988,playing cards/umsy2cgnrXY.mp4,playing cards,k400,0,32,224x224
8989,shaking hands/jFsANvy8NPg.mp4,shaking hands,k400,0,32,224x224
8990,feeding goats/C-upvT78b14.mp4,feeding goats,k400,0,32,224x224
8991,welding/o7xLTc__Cr8.mp4,welding,k400,0,32,224x224
8992,golf putting/XNCOO_v8bug.mp4,golf putting,k400,0,32,224x224
8993,dancing macarena/AoU1OSY3qEc.mp4,dancing macarena,k400,0,32,224x224
8994,playing harp/DbMkxIhvWhw.mp4,playing harp,k400,0,32,224x224
8995,playing cricket/42emLT04o1E.mp4,playing cricket,k400,0,32,224x224
8996,golf chipping/ENLHVq_lePs.mp4,golf chipping,k400,0,32,224x224
8997,presenting weather forecast/7ASh7s4-MEQ.mp4,presenting weather forecast,k400,0,32,224x224
8998,making snowman/0shVF4rDazY.mp4,making snowman,k400,0,32,224x224
8999,cartwheeling/3kXCfgQSx7U.mp4,cartwheeling,k400,0,32,224x224
9000,yoga/0njXbLfKSsg.mp4,yoga,k400,0,32,224x224
9001,petting animal (not cat)/r5XieuTVuw8.mp4,petting animal (not cat),k400,0,32,224x224
9002,skateboarding/-uWC6MYgYEc.mp4,skateboarding,k400,0,32,224x224
9003,playing basketball/xqII18j_xDs.mp4,playing basketball,k400,0,32,224x224
9004,shot put/MT1AaJQo3ZM.mp4,shot put,k400,0,32,224x224
9005,archery/CvADaXTKu7k.mp4,archery,k400,0,32,224x224
9006,giving or receiving award/L_NYwQi80Cs.mp4,giving or receiving award,k400,0,32,224x224
9007,tango dancing/neF0eINATog.mp4,tango dancing,k400,0,32,224x224
9008,massaging back/i7QnPjDfilY.mp4,massaging back,k400,0,32,224x224
9009,wrapping present/HscLLuC-PQs.mp4,wrapping present,k400,0,32,224x224
9010,golf chipping/LxY8e-FSzTc.mp4,golf chipping,k400,0,32,224x224
9011,headbanging/id6vKpMbdIE.mp4,headbanging,k400,0,32,224x224
9012,air drumming/TnzXRurzEq8.mp4,air drumming,k400,0,32,224x224
9013,clapping/IigHVUksnw8.mp4,clapping,k400,0,32,224x224
9014,picking fruit/4rG0mZJofLo.mp4,picking fruit,k400,0,32,224x224
9015,playing accordion/IOjzYAePoYE.mp4,playing accordion,k400,0,32,224x224
9016,salsa dancing/G-1Zdx4gSU0.mp4,salsa dancing,k400,0,32,224x224
9017,cleaning toilet/QyMXWBHERnM.mp4,cleaning toilet,k400,0,32,224x224
9018,washing dishes/64UBH371Jj8.mp4,washing dishes,k400,0,32,224x224
9019,playing tennis/IrvSbVQb9gc.mp4,playing tennis,k400,0,32,224x224
9020,swimming breast stroke/bqyUdg7_6-I.mp4,swimming breast stroke,k400,0,32,224x224
9021,applying cream/AGoBiL-sAxQ.mp4,applying cream,k400,0,32,224x224
9022,waxing legs/P5Q7wrLiJwI.mp4,waxing legs,k400,0,32,224x224
9023,cutting pineapple/poSjTOPjCd8.mp4,cutting pineapple,k400,0,32,224x224
9024,breakdancing/0H7EwvA4kjg.mp4,breakdancing,k400,0,32,224x224
9025,dancing ballet/-5Yp-vToI2E.mp4,dancing ballet,k400,0,32,224x224
9026,cheerleading/SoeVx76Jd2M.mp4,cheerleading,k400,0,32,224x224
9027,playing cello/2RUYzs0G8FE.mp4,playing cello,k400,0,32,224x224
9028,dancing ballet/t-0FA_PhslM.mp4,dancing ballet,k400,0,32,224x224
9029,lunge/eewyjmwgWj8.mp4,lunge,k400,0,32,224x224
9030,climbing tree/8DTbeOAUqk8.mp4,climbing tree,k400,0,32,224x224
9031,walking the dog/d6SvrsgZMps.mp4,walking the dog,k400,0,32,224x224
9032,shaking head/9plSmDF4OOc.mp4,shaking head,k400,0,32,224x224
9033,ice skating/7hFyw82iW4s.mp4,ice skating,k400,0,32,224x224
9034,cheerleading/16FGsTEl3FM.mp4,cheerleading,k400,0,32,224x224
9035,playing trumpet/og7iK5Y2k7U.mp4,playing trumpet,k400,0,32,224x224
9036,playing piano/bPdaqJoE22I.mp4,playing piano,k400,0,32,224x224
9037,scuba diving/bCe0Mfztjr0.mp4,scuba diving,k400,0,32,224x224
9038,bungee jumping/YSjrj89g4Zc.mp4,bungee jumping,k400,0,32,224x224
9039,busking/7L1rGWHL1uE.mp4,busking,k400,0,32,224x224
9040,riding or walking with horse/z3aP-06QcZg.mp4,riding or walking with horse,k400,0,32,224x224
9041,dancing gangnam style/gLFXZhXjXDo.mp4,dancing gangnam style,k400,0,32,224x224
9042,washing feet/fWteYjbuRS4.mp4,washing feet,k400,0,32,224x224
9043,doing nails/h71E-RjHLoc.mp4,doing nails,k400,0,32,224x224
9044,playing clarinet/AHybRhQTa94.mp4,playing clarinet,k400,0,32,224x224
9045,snowmobiling/x5hpfzsfeX0.mp4,snowmobiling,k400,0,32,224x224
9046,golf putting/DKwqjxBY-TE.mp4,golf putting,k400,0,32,224x224
9047,eating chips/pWWkVkM8R4A.mp4,eating chips,k400,0,32,224x224
9048,ice skating/4aA6dX0lDT8.mp4,ice skating,k400,0,32,224x224
9049,surfing crowd/Pm7LzRef0Ok.mp4,surfing crowd,k400,0,32,224x224
9050,playing piano/u81VGuw8Q0c.mp4,playing piano,k400,0,32,224x224
9051,squat/blJraLmAfD0.mp4,squat,k400,0,32,224x224
9052,shearing sheep/iESibILycKM.mp4,shearing sheep,k400,0,32,224x224
9053,situp/e9rxMUWByJ4.mp4,situp,k400,0,32,224x224
9054,ironing/zldfM1efHbY.mp4,ironing,k400,0,32,224x224
9055,cleaning floor/KetHtb64oU0.mp4,cleaning floor,k400,0,32,224x224
9056,setting table/It1LMxlbdc8.mp4,setting table,k400,0,32,224x224
9057,blasting sand/sTRnN_fqabM.mp4,blasting sand,k400,0,32,224x224
9058,riding or walking with horse/lR6LmcIHeqg.mp4,riding or walking with horse,k400,0,32,224x224
9059,singing/W-T357SLpFk.mp4,singing,k400,0,32,224x224
9060,grooming dog/lJVxBtiYlg4.mp4,grooming dog,k400,0,32,224x224
9061,passing American football (in game)/qTab2Tcv8Ro.mp4,passing American football (in game),k400,0,32,224x224
9062,playing tennis/r-GrFku75mc.mp4,playing tennis,k400,0,32,224x224
9063,catching or throwing softball/vHmF991VkSQ.mp4,catching or throwing softball,k400,0,32,224x224
9064,playing flute/Ra9iVyK4nRc.mp4,playing flute,k400,0,32,224x224
9065,bowling/owh8bWucKuk.mp4,bowling,k400,0,32,224x224
9066,pushing wheelchair/_Eh9D3X6a9Q.mp4,pushing wheelchair,k400,0,32,224x224
9067,throwing discus/nw4Nsem2NLs.mp4,throwing discus,k400,0,32,224x224
9068,playing monopoly/k3KYpY6LTfc.mp4,playing monopoly,k400,0,32,224x224
9069,curling hair/VA2CGdYWeu0.mp4,curling hair,k400,0,32,224x224
9070,bandaging/53MYuHDbg5E.mp4,bandaging,k400,0,32,224x224
9071,windsurfing/-pET7QhvhV0.mp4,windsurfing,k400,0,32,224x224
9072,playing tennis/NTMuDZ65qBY.mp4,playing tennis,k400,0,32,224x224
9073,tobogganing/Zk92jHr2Yks.mp4,tobogganing,k400,0,32,224x224
9074,zumba/OkloeMzIsus.mp4,zumba,k400,0,32,224x224
9075,texting/9wSAJ7fAX2c.mp4,texting,k400,0,32,224x224
9076,stretching arm/CxG4Vffe-6s.mp4,stretching arm,k400,0,32,224x224
9077,driving car/C8fkoAkzCF0.mp4,driving car,k400,0,32,224x224
9078,beatboxing/52wT9kPLElI.mp4,beatboxing,k400,0,32,224x224
9079,driving car/X5QWRjFweCE.mp4,driving car,k400,0,32,224x224
9080,yoga/jyppenSMnZs.mp4,yoga,k400,0,32,224x224
9081,tango dancing/lSeL0azCdFg.mp4,tango dancing,k400,0,32,224x224
9082,squat/kJs6lmgZUG8.mp4,squat,k400,0,32,224x224
9083,surfing crowd/sv0X4HzDj-0.mp4,surfing crowd,k400,0,32,224x224
9084,golf driving/pxNO-lQJDJc.mp4,golf driving,k400,0,32,224x224
9085,shaving head/dAry8tI-DnY.mp4,shaving head,k400,0,32,224x224
9086,sword fighting/KUwyyTG2L2I.mp4,sword fighting,k400,0,32,224x224
9087,using segway/QsZY2aUPbHM.mp4,using segway,k400,0,32,224x224
9088,riding mountain bike/ba1VPsp1aSg.mp4,riding mountain bike,k400,0,32,224x224
9089,cleaning windows/RbqRKyJt3Uk.mp4,cleaning windows,k400,0,32,224x224
9090,mopping floor/TE49NdASxsE.mp4,mopping floor,k400,0,32,224x224
9091,shaking hands/_yp-UxN7rOY.mp4,shaking hands,k400,0,32,224x224
9092,playing chess/_Df2zX8TAbw.mp4,playing chess,k400,0,32,224x224
9093,contact juggling/tn07-FW2J6U.mp4,contact juggling,k400,0,32,224x224
9094,archery/Z2M8L7SuJUs.mp4,archery,k400,0,32,224x224
9095,biking through snow/5DTMeQudjaI.mp4,biking through snow,k400,0,32,224x224
9096,catching or throwing frisbee/Yh8VQYnlF9c.mp4,catching or throwing frisbee,k400,0,32,224x224
9097,playing guitar/blfWCzxO-wQ.mp4,playing guitar,k400,0,32,224x224
9098,driving car/zIgJAjuRgoY.mp4,driving car,k400,0,32,224x224
9099,ice skating/nlIfd7MfJA8.mp4,ice skating,k400,0,32,224x224
9100,climbing tree/AG6wUB_zFvI.mp4,climbing tree,k400,0,32,224x224
9101,ski jumping/UhL_BX1i1eQ.mp4,ski jumping,k400,0,32,224x224
9102,finger snapping/p4xg7_KTkhk.mp4,finger snapping,k400,0,32,224x224
9103,cleaning toilet/o3_W0UQM9Z0.mp4,cleaning toilet,k400,0,32,224x224
9104,skiing crosscountry/LtIyXmbyh3w.mp4,skiing crosscountry,k400,0,32,224x224
9105,air drumming/RTwMtp9y2Bk.mp4,air drumming,k400,0,32,224x224
9106,sweeping floor/VtGJipTpJIw.mp4,sweeping floor,k400,0,32,224x224
9107,diving cliff/dYmNkj40BIY.mp4,diving cliff,k400,0,32,224x224
9108,clapping/ntJP-ZVT0dA.mp4,clapping,k400,0,32,224x224
9109,playing trombone/BHl2GzzDOzc.mp4,playing trombone,k400,0,32,224x224
9110,playing trumpet/PSc21okftWU.mp4,playing trumpet,k400,0,32,224x224
9111,making snowman/XD5Yjg5gX3k.mp4,making snowman,k400,0,32,224x224
9112,ski jumping/01nnP6k_f_A.mp4,ski jumping,k400,0,32,224x224
9113,sailing/UhJ4bkF1y94.mp4,sailing,k400,0,32,224x224
9114,texting/5Ylqe-ZsbBc.mp4,texting,k400,0,32,224x224
9115,playing accordion/5u1CZZbvwfc.mp4,playing accordion,k400,0,32,224x224
9116,playing harmonica/BM19n3DzzIs.mp4,playing harmonica,k400,0,32,224x224
9117,grooming horse/S7bYp0EaDqU.mp4,grooming horse,k400,0,32,224x224
9118,making snowman/fVnqNuQZ27E.mp4,making snowman,k400,0,32,224x224
9119,stretching arm/3X1wXvQxgik.mp4,stretching arm,k400,0,32,224x224
9120,playing guitar/cEoxwZT5Qpk.mp4,playing guitar,k400,0,32,224x224
9121,dancing gangnam style/w-X4Z4YNkVI.mp4,dancing gangnam style,k400,0,32,224x224
9122,snorkeling/7r4HJs8sfkI.mp4,snorkeling,k400,0,32,224x224
9123,parasailing/OsvNgF79YhY.mp4,parasailing,k400,0,32,224x224
9124,triple jump/dXTB43gKE_w.mp4,triple jump,k400,0,32,224x224
9125,petting cat/SGDfM01XXMU.mp4,petting cat,k400,0,32,224x224
9126,doing laundry/sOasrb0nir4.mp4,doing laundry,k400,0,32,224x224
9127,hurling (sport)/x4Jp5ckwVBY.mp4,hurling (sport),k400,0,32,224x224
9128,playing trumpet/4rLiw2XWPIQ.mp4,playing trumpet,k400,0,32,224x224
9129,cooking egg/8rf5Bq6NrE4.mp4,cooking egg,k400,0,32,224x224
9130,passing American football (in game)/ytdFo9QVYn8.mp4,passing American football (in game),k400,0,32,224x224
9131,kitesurfing/MEoceECDEkk.mp4,kitesurfing,k400,0,32,224x224
9132,strumming guitar/dxDXxE4sWio.mp4,strumming guitar,k400,0,32,224x224
9133,shooting basketball/exktjBErGDs.mp4,shooting basketball,k400,0,32,224x224
9134,cutting nails/SnpehFtbC9Q.mp4,cutting nails,k400,0,32,224x224
9135,smoking/4eaqArKn8h0.mp4,smoking,k400,0,32,224x224
9136,belly dancing/PzakNhyFo00.mp4,belly dancing,k400,0,32,224x224
9137,golf driving/lCarpPF-LJQ.mp4,golf driving,k400,0,32,224x224
9138,tango dancing/g-YDlo0Kjb0.mp4,tango dancing,k400,0,32,224x224
9139,flipping pancake/FwUSUs7HOmw.mp4,flipping pancake,k400,0,32,224x224
9140,disc golfing/wyJUIhwNTKc.mp4,disc golfing,k400,0,32,224x224
9141,driving tractor/EOgA8jVWdQk.mp4,driving tractor,k400,0,32,224x224
9142,cutting watermelon/tG-IryuAEJI.mp4,cutting watermelon,k400,0,32,224x224
9143,sticking tongue out/v48XdcCPUwM.mp4,sticking tongue out,k400,0,32,224x224
9144,spinning poi/E3NsL7kSTDE.mp4,spinning poi,k400,0,32,224x224
9145,pull ups/fzPBhZBluR8.mp4,pull ups,k400,0,32,224x224
9146,cartwheeling/CMWvL0LAjUw.mp4,cartwheeling,k400,0,32,224x224
9147,capoeira/ynvkq0r2wQA.mp4,capoeira,k400,0,32,224x224
9148,rock climbing/9v9W8YwnW-c.mp4,rock climbing,k400,0,32,224x224
9149,tying knot (not on a tie)/q0z8PmdeNoI.mp4,tying knot (not on a tie),k400,0,32,224x224
9150,pumping gas/WO5vykvkT1k.mp4,pumping gas,k400,0,32,224x224
9151,bench pressing/AhyoWqf88AA.mp4,bench pressing,k400,0,32,224x224
9152,drinking shots/9PmhyX2rupY.mp4,drinking shots,k400,0,32,224x224
9153,playing bass guitar/U3FJq0tuU-s.mp4,playing bass guitar,k400,0,32,224x224
9154,climbing ladder/jpT_2tWKcwE.mp4,climbing ladder,k400,0,32,224x224
9155,crying/TmsZYVhiCNU.mp4,crying,k400,0,32,224x224
9156,curling hair/UqwxXI8wvFo.mp4,curling hair,k400,0,32,224x224
9157,playing accordion/bqNOUfmqz5A.mp4,playing accordion,k400,0,32,224x224
9158,flipping pancake/Y9-8oU-XloY.mp4,flipping pancake,k400,0,32,224x224
9159,playing flute/UwUA_hAuQ5g.mp4,playing flute,k400,0,32,224x224
9160,javelin throw/6qDrf8SXqPo.mp4,javelin throw,k400,0,32,224x224
9161,playing trumpet/tCjvrv9mO9g.mp4,playing trumpet,k400,0,32,224x224
9162,bending metal/CCLULrWe0ik.mp4,bending metal,k400,0,32,224x224
9163,punching bag/9WQ-ArrkExg.mp4,punching bag,k400,0,32,224x224
9164,squat/FIt5nw4H3Rc.mp4,squat,k400,0,32,224x224
9165,yoga/cGkE_XlPDq0.mp4,yoga,k400,0,32,224x224
9166,blowing glass/RL0Jhd1IEqo.mp4,blowing glass,k400,0,32,224x224
9167,playing harmonica/YbALYr-5WpM.mp4,playing harmonica,k400,0,32,224x224
9168,long jump/vw16tOFv2MQ.mp4,long jump,k400,0,32,224x224
9169,news anchoring/3FUreUTGmFY.mp4,news anchoring,k400,0,32,224x224
9170,texting/oMP1Hb3jhWE.mp4,texting,k400,0,32,224x224
9171,hula hooping/mnQePVXOK40.mp4,hula hooping,k400,0,32,224x224
9172,feeding birds/rwICGeWzZ-o.mp4,feeding birds,k400,0,32,224x224
9173,trapezing/OXi23HSXa74.mp4,trapezing,k400,0,32,224x224
9174,skiing slalom/u-VV_nTlzHE.mp4,skiing slalom,k400,0,32,224x224
9175,waxing legs/p7EBIArp_EE.mp4,waxing legs,k400,0,32,224x224
9176,swimming butterfly stroke/-oA1_QvwD1Y.mp4,swimming butterfly stroke,k400,0,32,224x224
9177,dancing charleston/vMXO6G5a9lA.mp4,dancing charleston,k400,0,32,224x224
9178,vault/MiTZwviysb0.mp4,vault,k400,0,32,224x224
9179,playing cricket/lifxne3o0a4.mp4,playing cricket,k400,0,32,224x224
9180,climbing tree/PPB4ss5EljM.mp4,climbing tree,k400,0,32,224x224
9181,sign language interpreting/CawNcr7LuGw.mp4,sign language interpreting,k400,0,32,224x224
9182,kicking field goal/b26wQZ6Dwfk.mp4,kicking field goal,k400,0,32,224x224
9183,doing nails/CQuVWoTk6qo.mp4,doing nails,k400,0,32,224x224
9184,playing ukulele/1PhWmc0-TpY.mp4,playing ukulele,k400,0,32,224x224
9185,salsa dancing/w-U81Vj6p-k.mp4,salsa dancing,k400,0,32,224x224
9186,petting animal (not cat)/lnhdXyUxkFo.mp4,petting animal (not cat),k400,0,32,224x224
9187,driving tractor/JQj3NxbhkA0.mp4,driving tractor,k400,0,32,224x224
9188,dribbling basketball/-FegJMpQ2DE.mp4,dribbling basketball,k400,0,32,224x224
9189,tying tie/U6-8oyuqRk4.mp4,tying tie,k400,0,32,224x224
9190,ripping paper/ANg26BZdVuk.mp4,ripping paper,k400,0,32,224x224
9191,cleaning shoes/_7YmmcNBeTU.mp4,cleaning shoes,k400,0,32,224x224
9192,punching bag/SQmGPJbMdEc.mp4,punching bag,k400,0,32,224x224
9193,playing piano/3D-RlDaCXBk.mp4,playing piano,k400,0,32,224x224
9194,pole vault/pfdgNADnH-k.mp4,pole vault,k400,0,32,224x224
9195,beatboxing/joE5yqOSC7U.mp4,beatboxing,k400,0,32,224x224
9196,playing paintball/skJPJH0QVlw.mp4,playing paintball,k400,0,32,224x224
9197,dancing gangnam style/nokw1_uFcqc.mp4,dancing gangnam style,k400,0,32,224x224
9198,bookbinding/DYRzPl6ZBNs.mp4,bookbinding,k400,0,32,224x224
9199,snorkeling/Twtj8Cx5QuM.mp4,snorkeling,k400,0,32,224x224
9200,cleaning toilet/gqQ0WJmGWYI.mp4,cleaning toilet,k400,0,32,224x224
9201,playing paintball/ApyUsj6dMHs.mp4,playing paintball,k400,0,32,224x224
9202,moving furniture/kYyfeDK_V7U.mp4,moving furniture,k400,0,32,224x224
9203,blowing glass/fGvPghq1Sp4.mp4,blowing glass,k400,0,32,224x224
9204,juggling balls/YjOBC9ryz44.mp4,juggling balls,k400,0,32,224x224
9205,gymnastics tumbling/UIqRAYT55t8.mp4,gymnastics tumbling,k400,0,32,224x224
9206,sanding floor/6b-Qg68b6bc.mp4,sanding floor,k400,0,32,224x224
9207,bandaging/p0mXX6ia-pQ.mp4,bandaging,k400,0,32,224x224
9208,somersaulting/H9zwjfasef0.mp4,somersaulting,k400,0,32,224x224
9209,triple jump/Y6uHDxZtTDQ.mp4,triple jump,k400,0,32,224x224
9210,smoking/r8MtM8uMsnQ.mp4,smoking,k400,0,32,224x224
9211,juggling balls/X_YhS9ytuUA.mp4,juggling balls,k400,0,32,224x224
9212,holding snake/Pez2rDOzX7M.mp4,holding snake,k400,0,32,224x224
9213,busking/8HfFBsCQBig.mp4,busking,k400,0,32,224x224
9214,playing recorder/bz0ZjSVcmSY.mp4,playing recorder,k400,0,32,224x224
9215,waxing back/joyyX-wIguU.mp4,waxing back,k400,0,32,224x224
9216,hammer throw/s77zQLNwA98.mp4,hammer throw,k400,0,32,224x224
9217,playing poker/7RYtLcxF5jc.mp4,playing poker,k400,0,32,224x224
9218,giving or receiving award/rxWhlANYIKs.mp4,giving or receiving award,k400,0,32,224x224
9219,playing harp/iEN1eRwIoHM.mp4,playing harp,k400,0,32,224x224
9220,sailing/QqG4JC11dVE.mp4,sailing,k400,0,32,224x224
9221,high jump/ln2BfER-nek.mp4,high jump,k400,0,32,224x224
9222,windsurfing/qgRKtdtFvXE.mp4,windsurfing,k400,0,32,224x224
9223,punching bag/D4rDmAgWFJs.mp4,punching bag,k400,0,32,224x224
9224,chopping wood/smbSm002Y7M.mp4,chopping wood,k400,0,32,224x224
9225,playing badminton/YydZWesmDh8.mp4,playing badminton,k400,0,32,224x224
9226,playing trombone/QldhKqSXvTE.mp4,playing trombone,k400,0,32,224x224
9227,crossing river/NDnxNqc3MKQ.mp4,crossing river,k400,0,32,224x224
9228,canoeing or kayaking/x4SrS9hEcAs.mp4,canoeing or kayaking,k400,0,32,224x224
9229,playing saxophone/qwISduAut3Q.mp4,playing saxophone,k400,0,32,224x224
9230,snorkeling/e4EaT87Gjd4.mp4,snorkeling,k400,0,32,224x224
9231,front raises/EpJCgC_R4Vs.mp4,front raises,k400,0,32,224x224
9232,skateboarding/KD-TMsXclNE.mp4,skateboarding,k400,0,32,224x224
9233,playing clarinet/89XR_p6V6XY.mp4,playing clarinet,k400,0,32,224x224
9234,cutting watermelon/gyl8xpupuUU.mp4,cutting watermelon,k400,0,32,224x224
9235,unboxing/GPR3HRRIBWs.mp4,unboxing,k400,0,32,224x224
9236,parkour/Qj4YL3h4sLE.mp4,parkour,k400,0,32,224x224
9237,pushing car/G3UslOf7ISo.mp4,pushing car,k400,0,32,224x224
9238,playing xylophone/fDRo-0jgZio.mp4,playing xylophone,k400,0,32,224x224
9239,beatboxing/FDq9jLeJdgg.mp4,beatboxing,k400,0,32,224x224
9240,playing harmonica/TkUNgoq3NQU.mp4,playing harmonica,k400,0,32,224x224
9241,disc golfing/yYFOoD98a3Y.mp4,disc golfing,k400,0,32,224x224
9242,deadlifting/fzZewlnlns8.mp4,deadlifting,k400,0,32,224x224
9243,climbing tree/jeqn-ONN9uM.mp4,climbing tree,k400,0,32,224x224
9244,bobsledding/cvkbk2iB718.mp4,bobsledding,k400,0,32,224x224
9245,walking the dog/QHhOp3jT0Xw.mp4,walking the dog,k400,0,32,224x224
9246,air drumming/ebYDs8g3n2Q.mp4,air drumming,k400,0,32,224x224
9247,skateboarding/FP3y6bOf7H8.mp4,skateboarding,k400,0,32,224x224
9248,mowing lawn/Lv-uPUFne2k.mp4,mowing lawn,k400,0,32,224x224
9249,bartending/GMbPJNkwxLs.mp4,bartending,k400,0,32,224x224
9250,balloon blowing/3Yi-dS2s2xY.mp4,balloon blowing,k400,0,32,224x224
9251,decorating the christmas tree/aKKNRI3PYYs.mp4,decorating the christmas tree,k400,0,32,224x224
9252,drop kicking/p52QP1Wx6zE.mp4,drop kicking,k400,0,32,224x224
9253,playing organ/TBW6d0dGfQM.mp4,playing organ,k400,0,32,224x224
9254,answering questions/7scGpjeIzk8.mp4,answering questions,k400,0,32,224x224
9255,dribbling basketball/CM-_H6puPKA.mp4,dribbling basketball,k400,0,32,224x224
9256,arranging flowers/C04ps6RvjyI.mp4,arranging flowers,k400,0,32,224x224
9257,swimming backstroke/Fli_JJieIsE.mp4,swimming backstroke,k400,0,32,224x224
9258,playing keyboard/WmBlaHwJPm4.mp4,playing keyboard,k400,0,32,224x224
9259,cutting watermelon/QNstXHa0fHs.mp4,cutting watermelon,k400,0,32,224x224
9260,playing chess/w8kLQ2m9UEQ.mp4,playing chess,k400,0,32,224x224
9261,robot dancing/SWGM0Chw3aE.mp4,robot dancing,k400,0,32,224x224
9262,pole vault/I461-pMZIUY.mp4,pole vault,k400,0,32,224x224
9263,drinking/5Y87AnawN_k.mp4,drinking,k400,0,32,224x224
9264,golf chipping/egJX7rkZvyA.mp4,golf chipping,k400,0,32,224x224
9265,tobogganing/mkwRwvC_URc.mp4,tobogganing,k400,0,32,224x224
9266,hammer throw/7E0_DaYIDBc.mp4,hammer throw,k400,0,32,224x224
9267,tapping guitar/LMPWfHqVj40.mp4,tapping guitar,k400,0,32,224x224
9268,opening present/X0omCR6ujm0.mp4,opening present,k400,0,32,224x224
9269,jumpstyle dancing/1Y4QTXAe-Ow.mp4,jumpstyle dancing,k400,0,32,224x224
9270,hammer throw/t8j_cjDxBRs.mp4,hammer throw,k400,0,32,224x224
9271,golf chipping/hcluQ4WTFio.mp4,golf chipping,k400,0,32,224x224
9272,swing dancing/b1YWPf9VZiI.mp4,swing dancing,k400,0,32,224x224
9273,taking a shower/-Uw4wvxhjqk.mp4,taking a shower,k400,0,32,224x224
9274,shaking head/KWwAv5GiOec.mp4,shaking head,k400,0,32,224x224
9275,barbequing/qTLso5Li5Pc.mp4,barbequing,k400,0,32,224x224
9276,opening present/Sfrkxz8NocU.mp4,opening present,k400,0,32,224x224
9277,headbanging/UkLNly6x5vU.mp4,headbanging,k400,0,32,224x224
9278,doing nails/55hlEhXApH0.mp4,doing nails,k400,0,32,224x224
9279,dunking basketball/moYqglwVenQ.mp4,dunking basketball,k400,0,32,224x224
9280,doing nails/ZVIWJBcZfmI.mp4,doing nails,k400,0,32,224x224
9281,dancing macarena/zLXzK1sz7HI.mp4,dancing macarena,k400,0,32,224x224
9282,spray painting/xZXUa6EffCk.mp4,spray painting,k400,0,32,224x224
9283,dodgeball/wvBhjJDiaUE.mp4,dodgeball,k400,0,32,224x224
9284,passing American football (not in game)/ZZTdkAP9H1c.mp4,passing American football (not in game),k400,0,32,224x224
9285,playing guitar/gfnCslJgMgk.mp4,playing guitar,k400,0,32,224x224
9286,abseiling/95Rc1DynjV0.mp4,abseiling,k400,0,32,224x224
9287,biking through snow/g7MYVr0APrk.mp4,biking through snow,k400,0,32,224x224
9288,washing dishes/woT1zf2Fke0.mp4,washing dishes,k400,0,32,224x224
9289,skiing (not slalom or crosscountry)/wCrUIu5fwPI.mp4,skiing (not slalom or crosscountry),k400,0,32,224x224
9290,diving cliff/gUH7kl3x0bw.mp4,diving cliff,k400,0,32,224x224
9291,bench pressing/Uy7TMzIceYs.mp4,bench pressing,k400,0,32,224x224
9292,tying tie/LWw7JA9xCOI.mp4,tying tie,k400,0,32,224x224
9293,clay pottery making/sCma7zm23GQ.mp4,clay pottery making,k400,0,32,224x224
9294,windsurfing/k3imdZhQyFw.mp4,windsurfing,k400,0,32,224x224
9295,passing American football (in game)/BeGnBT7ta2Q.mp4,passing American football (in game),k400,0,32,224x224
9296,tossing salad/GY3loR8nyp0.mp4,tossing salad,k400,0,32,224x224
9297,chopping wood/FAWbtJJiUNQ.mp4,chopping wood,k400,0,32,224x224
9298,skiing (not slalom or crosscountry)/Ob0S1gvD4rQ.mp4,skiing (not slalom or crosscountry),k400,0,32,224x224
9299,bee keeping/_jEYsDLpHwo.mp4,bee keeping,k400,0,32,224x224
9300,ice climbing/5IdYbr6U4YQ.mp4,ice climbing,k400,0,32,224x224
9301,playing squash or racquetball/GNEdCSaQlM4.mp4,playing squash or racquetball,k400,0,32,224x224
9302,snowboarding/6IwI0syA0P0.mp4,snowboarding,k400,0,32,224x224
9303,bouncing on trampoline/WWXut-paqTk.mp4,bouncing on trampoline,k400,0,32,224x224
9304,yoga/lhyZYrstlgg.mp4,yoga,k400,0,32,224x224
9305,writing/XaI3ouY8mSY.mp4,writing,k400,0,32,224x224
9306,tapping pen/nQMUjwuKG14.mp4,tapping pen,k400,0,32,224x224
9307,sticking tongue out/Wfsy3DrIm60.mp4,sticking tongue out,k400,0,32,224x224
9308,sword fighting/bn0XdvqC9AQ.mp4,sword fighting,k400,0,32,224x224
9309,mowing lawn/cjnvxstr9kc.mp4,mowing lawn,k400,0,32,224x224
9310,tap dancing/KX_wkn3-Agg.mp4,tap dancing,k400,0,32,224x224
9311,tapping pen/tHYBCtsGJls.mp4,tapping pen,k400,0,32,224x224
9312,dying hair/NBVlL3-jjaA.mp4,dying hair,k400,0,32,224x224
9313,bandaging/GjfvIgRnv58.mp4,bandaging,k400,0,32,224x224
9314,playing bagpipes/ajeL7G0Dcnc.mp4,playing bagpipes,k400,0,32,224x224
9315,beatboxing/bq6khd8dHic.mp4,beatboxing,k400,0,32,224x224
9316,country line dancing/HbZxBYFZyn4.mp4,country line dancing,k400,0,32,224x224
9317,chopping wood/P3M_tucxjWk.mp4,chopping wood,k400,0,32,224x224
9318,playing bass guitar/ZKMmaukuvoY.mp4,playing bass guitar,k400,0,32,224x224
9319,brushing teeth/URsizUEaEO8.mp4,brushing teeth,k400,0,32,224x224
9320,water skiing/kp6H0qcI_zQ.mp4,water skiing,k400,0,32,224x224
9321,exercising arm/CPwcMlFFUTg.mp4,exercising arm,k400,0,32,224x224
9322,ice fishing/br1hSeU1-cY.mp4,ice fishing,k400,0,32,224x224
9323,training dog/QbXH7sAY3_Y.mp4,training dog,k400,0,32,224x224
9324,belly dancing/ZBj3guTpfLU.mp4,belly dancing,k400,0,32,224x224
9325,eating chips/L8oNMsOgNCg.mp4,eating chips,k400,0,32,224x224
9326,playing ukulele/GAmVBcJ1-i8.mp4,playing ukulele,k400,0,32,224x224
9327,riding mule/F3eor21dqsI.mp4,riding mule,k400,0,32,224x224
9328,surfing water/Q6-lQLHi1E4.mp4,surfing water,k400,0,32,224x224
9329,marching/p7qNNYVsWUo.mp4,marching,k400,0,32,224x224
9330,hugging/xaBPKoZtfnI.mp4,hugging,k400,0,32,224x224
9331,playing basketball/y2fYofATpX4.mp4,playing basketball,k400,0,32,224x224
9332,pushing cart/XvQQq-lWwrI.mp4,pushing cart,k400,0,32,224x224
9333,bowling/SZtiHK-JNFE.mp4,bowling,k400,0,32,224x224
9334,playing trombone/Vh-XSIyJ5dA.mp4,playing trombone,k400,0,32,224x224
9335,cartwheeling/14RZeKXUlAs.mp4,cartwheeling,k400,0,32,224x224
9336,playing cards/5f8H-Pu8oXI.mp4,playing cards,k400,0,32,224x224
9337,driving car/XMS5-YuzmOY.mp4,driving car,k400,0,32,224x224
9338,bowling/BfVmOntBpPI.mp4,bowling,k400,0,32,224x224
9339,playing organ/NgdV_IZWPaY.mp4,playing organ,k400,0,32,224x224
9340,massaging back/fPgysir1EHM.mp4,massaging back,k400,0,32,224x224
9341,brushing teeth/9QQu4jRqFKY.mp4,brushing teeth,k400,0,32,224x224
9342,playing violin/8Gc6uqNNPa4.mp4,playing violin,k400,0,32,224x224
9343,blowing out candles/64Cypy_CpBQ.mp4,blowing out candles,k400,0,32,224x224
9344,faceplanting/JLPRN9CkszE.mp4,faceplanting,k400,0,32,224x224
9345,walking the dog/x06qoO04xY8.mp4,walking the dog,k400,0,32,224x224
9346,baking cookies/Zu50l83IQog.mp4,baking cookies,k400,0,32,224x224
9347,cracking neck/ErwWLLIMkvw.mp4,cracking neck,k400,0,32,224x224
9348,eating hotdog/cbrJ-4HifWw.mp4,eating hotdog,k400,0,32,224x224
9349,barbequing/dMPPk6hmkNI.mp4,barbequing,k400,0,32,224x224
9350,milking cow/QC3QHbn522A.mp4,milking cow,k400,0,32,224x224
9351,cutting pineapple/jFZ5TwPkLU4.mp4,cutting pineapple,k400,0,32,224x224
9352,cooking egg/GcfYJ7WvRVA.mp4,cooking egg,k400,0,32,224x224
9353,playing chess/5z0JbaxYSdo.mp4,playing chess,k400,0,32,224x224
9354,ski jumping/EeJR7FtpOrc.mp4,ski jumping,k400,0,32,224x224
9355,playing harmonica/2Ta1Iu-2jto.mp4,playing harmonica,k400,0,32,224x224
9356,passing American football (not in game)/8EopM5iwHZE.mp4,passing American football (not in game),k400,0,32,224x224
9357,riding mechanical bull/nWa4yAKLpso.mp4,riding mechanical bull,k400,0,32,224x224
9358,washing feet/E4ls1ClQ0O4.mp4,washing feet,k400,0,32,224x224
9359,playing bagpipes/Vre7Xp1-UKY.mp4,playing bagpipes,k400,0,32,224x224
9360,pumping fist/9513Y-fBDQ4.mp4,pumping fist,k400,0,32,224x224
9361,cleaning pool/-__F5CLvIlo.mp4,cleaning pool,k400,0,32,224x224
9362,catching fish/0yrOv3hhHDk.mp4,catching fish,k400,0,32,224x224
9363,abseiling/WpyltT2B6pM.mp4,abseiling,k400,0,32,224x224
9364,picking fruit/d6v_WBD8l64.mp4,picking fruit,k400,0,32,224x224
9365,skiing crosscountry/Xjq7PhbE0R8.mp4,skiing crosscountry,k400,0,32,224x224
9366,catching or throwing baseball/PWzXLzknWW8.mp4,catching or throwing baseball,k400,0,32,224x224
9367,tap dancing/qOP2DAHH860.mp4,tap dancing,k400,0,32,224x224
9368,breakdancing/73Kc7-yUdik.mp4,breakdancing,k400,0,32,224x224
9369,stretching arm/IjDD8rujz5c.mp4,stretching arm,k400,0,32,224x224
9370,scrambling eggs/IQNNW0GzIAM.mp4,scrambling eggs,k400,0,32,224x224
9371,welding/TgMWWQRI-C8.mp4,welding,k400,0,32,224x224
9372,passing American football (in game)/boIGRknTJcE.mp4,passing American football (in game),k400,0,32,224x224
9373,doing nails/e24qcnBlAao.mp4,doing nails,k400,0,32,224x224
9374,slacklining/x8JxKmDroSU.mp4,slacklining,k400,0,32,224x224
9375,waxing eyebrows/F2uebcZluts.mp4,waxing eyebrows,k400,0,32,224x224
9376,hammer throw/H0IMXkrqC1I.mp4,hammer throw,k400,0,32,224x224
9377,riding or walking with horse/t8_5b9Y-blU.mp4,riding or walking with horse,k400,0,32,224x224
9378,extinguishing fire/tA2bjmmeHmA.mp4,extinguishing fire,k400,0,32,224x224
9379,canoeing or kayaking/lkWJMLRJqZE.mp4,canoeing or kayaking,k400,0,32,224x224
9380,trimming or shaving beard/oNIL57JmOeE.mp4,trimming or shaving beard,k400,0,32,224x224
9381,bending back/FKUsHWv8rBY.mp4,bending back,k400,0,32,224x224
9382,ski jumping/aHCfLkU5CIc.mp4,ski jumping,k400,0,32,224x224
9383,dying hair/l5G1res9nXQ.mp4,dying hair,k400,0,32,224x224
9384,blasting sand/eqV4uQDy_HI.mp4,blasting sand,k400,0,32,224x224
9385,disc golfing/QmmrOtqfNyU.mp4,disc golfing,k400,0,32,224x224
9386,squat/zgW4OYyYeaY.mp4,squat,k400,0,32,224x224
9387,riding elephant/DocnDFFROTY.mp4,riding elephant,k400,0,32,224x224
9388,diving cliff/uQignU-8eVk.mp4,diving cliff,k400,0,32,224x224
9389,riding or walking with horse/t2M-lZfe9cM.mp4,riding or walking with horse,k400,0,32,224x224
9390,skiing crosscountry/qtrSDsGi8i8.mp4,skiing crosscountry,k400,0,32,224x224
9391,weaving basket/paqwQCTNMRo.mp4,weaving basket,k400,0,32,224x224
9392,hopscotch/sg1Y2xJV83A.mp4,hopscotch,k400,0,32,224x224
9393,welding/bQgM__H9UHo.mp4,welding,k400,0,32,224x224
9394,hurling (sport)/HmYKyVUwrJ4.mp4,hurling (sport),k400,0,32,224x224
9395,tossing salad/ahBUSr8sy_c.mp4,tossing salad,k400,0,32,224x224
9396,ice skating/__mMkGS_IMw.mp4,ice skating,k400,0,32,224x224
9397,dunking basketball/KNQMuh9ep9Q.mp4,dunking basketball,k400,0,32,224x224
9398,zumba/idpXbOCuur4.mp4,zumba,k400,0,32,224x224
9399,welding/d475Rjuw2fM.mp4,welding,k400,0,32,224x224
9400,catching or throwing baseball/uMTFmRq_7fA.mp4,catching or throwing baseball,k400,0,32,224x224
9401,planting trees/1067PLsb_s0.mp4,planting trees,k400,0,32,224x224
9402,eating chips/aL0I6E1D0Js.mp4,eating chips,k400,0,32,224x224
9403,playing kickball/n3IDBXplWGk.mp4,playing kickball,k400,0,32,224x224
9404,stomping grapes/JzEKL-DIQjg.mp4,stomping grapes,k400,0,32,224x224
9405,blowing nose/JBh97vIJ6fk.mp4,blowing nose,k400,0,32,224x224
9406,skipping rope/sN7Q_ovzkiY.mp4,skipping rope,k400,0,32,224x224
9407,blowing out candles/Yn-NT1owycM.mp4,blowing out candles,k400,0,32,224x224
9408,shaking hands/EPFRyQYRTMs.mp4,shaking hands,k400,0,32,224x224
9409,curling hair/RalGz_KdWoo.mp4,curling hair,k400,0,32,224x224
9410,cracking neck/UCuzb1HhOgw.mp4,cracking neck,k400,0,32,224x224
9411,dribbling basketball/uSMilNFMGTY.mp4,dribbling basketball,k400,0,32,224x224
9412,brushing hair/6-lUaTqETNI.mp4,brushing hair,k400,0,32,224x224
9413,skateboarding/ZVAmNSt3CLk.mp4,skateboarding,k400,0,32,224x224
9414,making snowman/VhV_A-o5d3k.mp4,making snowman,k400,0,32,224x224
9415,playing tennis/f-nCiq5C3ws.mp4,playing tennis,k400,0,32,224x224
9416,wrapping present/__v6rjNCasY.mp4,wrapping present,k400,0,32,224x224
9417,dancing charleston/IwB_bbJ1mJw.mp4,dancing charleston,k400,0,32,224x224
9418,playing trombone/BKAiNIw7Db4.mp4,playing trombone,k400,0,32,224x224
9419,juggling balls/cMZP98vo3s8.mp4,juggling balls,k400,0,32,224x224
9420,cracking neck/SjPKRVD10IA.mp4,cracking neck,k400,0,32,224x224
9421,playing paintball/WC4_LqfpFAU.mp4,playing paintball,k400,0,32,224x224
9422,massaging person's head/qttWGV84x3A.mp4,massaging person's head,k400,0,32,224x224
9423,bartending/o8iCCryOTbo.mp4,bartending,k400,0,32,224x224
9424,massaging person's head/MRrPfnCY2QU.mp4,massaging person's head,k400,0,32,224x224
9425,blowing nose/AnyEHBnVnOo.mp4,blowing nose,k400,0,32,224x224
9426,sailing/QD0QFeUzyW0.mp4,sailing,k400,0,32,224x224
9427,writing/qxsQNqhqMP4.mp4,writing,k400,0,32,224x224
9428,climbing tree/8-qCv3wfOx0.mp4,climbing tree,k400,0,32,224x224
9429,exercising arm/hp-iwhJ47wI.mp4,exercising arm,k400,0,32,224x224
9430,busking/Fg484O7LS_c.mp4,busking,k400,0,32,224x224
9431,air drumming/LhjIt9L6Dx4.mp4,air drumming,k400,0,32,224x224
9432,playing cello/m1HgY7QAqnk.mp4,playing cello,k400,0,32,224x224
9433,playing accordion/Ki80-MDDJCI.mp4,playing accordion,k400,0,32,224x224
9434,swimming backstroke/pGhFz7RAsrs.mp4,swimming backstroke,k400,0,32,224x224
9435,catching or throwing baseball/_HwnELEqr64.mp4,catching or throwing baseball,k400,0,32,224x224
9436,blowing glass/sIWS9hyZbH8.mp4,blowing glass,k400,0,32,224x224
9437,cutting nails/OhV8gc9hl9g.mp4,cutting nails,k400,0,32,224x224
9438,slacklining/o0Yon7eP7XM.mp4,slacklining,k400,0,32,224x224
9439,salsa dancing/RLyKZzm5y9A.mp4,salsa dancing,k400,0,32,224x224
9440,playing recorder/OT_uQqmNVK8.mp4,playing recorder,k400,0,32,224x224
9441,barbequing/XRoocV_j4nQ.mp4,barbequing,k400,0,32,224x224
9442,opening present/qIRy1t3H_MA.mp4,opening present,k400,0,32,224x224
9443,juggling soccer ball/iRYgJIWeJy0.mp4,juggling soccer ball,k400,0,32,224x224
9444,swimming backstroke/5Jy9RZKAhbo.mp4,swimming backstroke,k400,0,32,224x224
9445,crawling baby/Fo6f_phIPsE.mp4,crawling baby,k400,0,32,224x224
9446,swimming breast stroke/zqy79-BNFyg.mp4,swimming breast stroke,k400,0,32,224x224
9447,using computer/7fgSQBl6X74.mp4,using computer,k400,0,32,224x224
9448,rock climbing/PM4qE8xKREw.mp4,rock climbing,k400,0,32,224x224
9449,blasting sand/dWHllLOATdU.mp4,blasting sand,k400,0,32,224x224
9450,playing organ/h8mJxCcMc5k.mp4,playing organ,k400,0,32,224x224
9451,pushing car/3T388Rrr_Y8.mp4,pushing car,k400,0,32,224x224
9452,playing kickball/41YxghjkouA.mp4,playing kickball,k400,0,32,224x224
9453,playing recorder/O6PktaKHzZ0.mp4,playing recorder,k400,0,32,224x224
9454,filling eyebrows/UwY6glS5Gjc.mp4,filling eyebrows,k400,0,32,224x224
9455,hitting baseball/SgQfPw_IGJE.mp4,hitting baseball,k400,0,32,224x224
9456,arm wrestling/axQXoqXdxyo.mp4,arm wrestling,k400,0,32,224x224
9457,shining shoes/WxcSHna_lgk.mp4,shining shoes,k400,0,32,224x224
9458,waiting in line/1CcqbTFMwm0.mp4,waiting in line,k400,0,32,224x224
9459,making sushi/T9iqyM6KOcY.mp4,making sushi,k400,0,32,224x224
9460,changing wheel/kfVubVtGYvU.mp4,changing wheel,k400,0,32,224x224
9461,opening present/LB3YMGkR4TM.mp4,opening present,k400,0,32,224x224
9462,playing bass guitar/JgsdTBbjRsw.mp4,playing bass guitar,k400,0,32,224x224
9463,pushing car/NUu-VLoTbGA.mp4,pushing car,k400,0,32,224x224
9464,hopscotch/4YK9k1RSCzY.mp4,hopscotch,k400,0,32,224x224
9465,jetskiing/FcYg98Z9fD0.mp4,jetskiing,k400,0,32,224x224
9466,playing poker/3IrD6XBxcXk.mp4,playing poker,k400,0,32,224x224
9467,pull ups/vhKGSOC-rF8.mp4,pull ups,k400,0,32,224x224
9468,building cabinet/tmhNrYfSXEs.mp4,building cabinet,k400,0,32,224x224
9469,pushing cart/UP4aRedOKBU.mp4,pushing cart,k400,0,32,224x224
9470,drinking/TYNTynhMnCo.mp4,drinking,k400,0,32,224x224
9471,eating spaghetti/yIGn8p9wFHU.mp4,eating spaghetti,k400,0,32,224x224
9472,clean and jerk/vg6MFiMHJ6s.mp4,clean and jerk,k400,0,32,224x224
9473,skateboarding/-DsEjAY4MHY.mp4,skateboarding,k400,0,32,224x224
9474,riding elephant/qttaQEUq6fM.mp4,riding elephant,k400,0,32,224x224
9475,gymnastics tumbling/OY4UHTFNWZA.mp4,gymnastics tumbling,k400,0,32,224x224
9476,welding/1cwuV69Mx4w.mp4,welding,k400,0,32,224x224
9477,sword fighting/62JoqgOLjlU.mp4,sword fighting,k400,0,32,224x224
9478,using computer/mdwpOJmhEX0.mp4,using computer,k400,0,32,224x224
9479,pole vault/2j4hpmUO5TE.mp4,pole vault,k400,0,32,224x224
9480,eating ice cream/Nm3VZPYeqKU.mp4,eating ice cream,k400,0,32,224x224
9481,juggling balls/acgR27C81yg.mp4,juggling balls,k400,0,32,224x224
9482,yawning/QRoJL5Mm5eg.mp4,yawning,k400,0,32,224x224
9483,swinging legs/LhWUEm-0Nwc.mp4,swinging legs,k400,0,32,224x224
9484,hitting baseball/attm14Ssbzk.mp4,hitting baseball,k400,0,32,224x224
9485,baking cookies/zDGb9iQfSTo.mp4,baking cookies,k400,0,32,224x224
9486,shoveling snow/14LcHlZSgqA.mp4,shoveling snow,k400,0,32,224x224
9487,playing basketball/r7UGrPXW9No.mp4,playing basketball,k400,0,32,224x224
9488,feeding birds/A0RC3xiJ5rg.mp4,feeding birds,k400,0,32,224x224
9489,doing laundry/Y8m6jltCtC8.mp4,doing laundry,k400,0,32,224x224
9490,snatch weight lifting/3H7Wx0vm4pw.mp4,snatch weight lifting,k400,0,32,224x224
9491,using remote controller (not gaming)/V2VoCoD56VY.mp4,using remote controller (not gaming),k400,0,32,224x224
9492,auctioning/IMJ1Pn-pkQc.mp4,auctioning,k400,0,32,224x224
9493,golf driving/lHh8Em2MohI.mp4,golf driving,k400,0,32,224x224
9494,playing ukulele/AYoqgGYudd0.mp4,playing ukulele,k400,0,32,224x224
9495,surfing water/BIMJ8_AqMLY.mp4,surfing water,k400,0,32,224x224
9496,tasting food/pnl3fDsgcWg.mp4,tasting food,k400,0,32,224x224
9497,rock climbing/hxIc88YgPZI.mp4,rock climbing,k400,0,32,224x224
9498,waxing chest/HfpSpp-T0LU.mp4,waxing chest,k400,0,32,224x224
9499,trimming or shaving beard/xiJjrWnjExY.mp4,trimming or shaving beard,k400,0,32,224x224
9500,sweeping floor/7vcsqzS3EZU.mp4,sweeping floor,k400,0,32,224x224
9501,diving cliff/uSk1QxTmrm8.mp4,diving cliff,k400,0,32,224x224
9502,skateboarding/WK4iVu_0wIk.mp4,skateboarding,k400,0,32,224x224
9503,answering questions/j6ogVLOLQug.mp4,answering questions,k400,0,32,224x224
9504,dancing charleston/DmpXKBH6_0g.mp4,dancing charleston,k400,0,32,224x224
9505,punching bag/EDhY2MDqQK4.mp4,punching bag,k400,0,32,224x224
9506,egg hunting/OdZCAb7fl-U.mp4,egg hunting,k400,0,32,224x224
9507,petting cat/oaYvdNs76o0.mp4,petting cat,k400,0,32,224x224
9508,mopping floor/MfUdgO6Crlw.mp4,mopping floor,k400,0,32,224x224
9509,stomping grapes/5buTKoaekyI.mp4,stomping grapes,k400,0,32,224x224
9510,smoking hookah/6sxc-4hAFMg.mp4,smoking hookah,k400,0,32,224x224
9511,snowkiting/C8_iuV94gog.mp4,snowkiting,k400,0,32,224x224
9512,using remote controller (not gaming)/Yse_U9nY-q4.mp4,using remote controller (not gaming),k400,0,32,224x224
9513,jumping into pool/MdgT4fZwyd8.mp4,jumping into pool,k400,0,32,224x224
9514,pumping fist/fTjJcPWNQq4.mp4,pumping fist,k400,0,32,224x224
9515,arranging flowers/kr_sikOpip4.mp4,arranging flowers,k400,0,32,224x224
9516,kicking soccer ball/25RDbdOQWUE.mp4,kicking soccer ball,k400,0,32,224x224
9517,massaging back/hexthue-KoA.mp4,massaging back,k400,0,32,224x224
9518,ice skating/C9aR8Pq2MHg.mp4,ice skating,k400,0,32,224x224
9519,push up/HC0Zfmb0BaA.mp4,push up,k400,0,32,224x224
9520,tickling/Kb95q6Spfpw.mp4,tickling,k400,0,32,224x224
9521,somersaulting/YIHR4b60DWo.mp4,somersaulting,k400,0,32,224x224
9522,sign language interpreting/qMN8XAlc-F0.mp4,sign language interpreting,k400,0,32,224x224
9523,climbing ladder/GqpIh0zkTdo.mp4,climbing ladder,k400,0,32,224x224
9524,writing/HBs-ymi9scI.mp4,writing,k400,0,32,224x224
9525,doing aerobics/lFx2hqTKV_c.mp4,doing aerobics,k400,0,32,224x224
9526,brushing teeth/LvXUe96aPGY.mp4,brushing teeth,k400,0,32,224x224
9527,driving tractor/M77FIQU5rsQ.mp4,driving tractor,k400,0,32,224x224
9528,snatch weight lifting/fi9GDDxHblg.mp4,snatch weight lifting,k400,0,32,224x224
9529,dunking basketball/E_C8GgCTPlg.mp4,dunking basketball,k400,0,32,224x224
9530,juggling soccer ball/RKhswT6eEcg.mp4,juggling soccer ball,k400,0,32,224x224
9531,presenting weather forecast/onKtXABpqTo.mp4,presenting weather forecast,k400,0,32,224x224
9532,spraying/nUSmg9ET5U0.mp4,spraying,k400,0,32,224x224
9533,busking/SVd2fwOXjTI.mp4,busking,k400,0,32,224x224
9534,eating spaghetti/senYMUH3Ldo.mp4,eating spaghetti,k400,0,32,224x224
9535,hula hooping/MAgrl2Egpz4.mp4,hula hooping,k400,0,32,224x224
9536,setting table/ZK0ubrqQCnc.mp4,setting table,k400,0,32,224x224
9537,archery/lw9OfrqPupw.mp4,archery,k400,0,32,224x224
9538,petting cat/11fx7kNit2M.mp4,petting cat,k400,0,32,224x224
9539,crawling baby/4ruSJHzskrQ.mp4,crawling baby,k400,0,32,224x224
9540,reading book/8sFK0UzoOKY.mp4,reading book,k400,0,32,224x224
9541,blowing nose/l0lnLDjQkFY.mp4,blowing nose,k400,0,32,224x224
9542,swimming breast stroke/XQwOKqOP3xY.mp4,swimming breast stroke,k400,0,32,224x224
9543,dancing ballet/Saj-fX1d0Js.mp4,dancing ballet,k400,0,32,224x224
9544,abseiling/FHOszybReO8.mp4,abseiling,k400,0,32,224x224
9545,driving tractor/nQNemGQh0pU.mp4,driving tractor,k400,0,32,224x224
9546,punching bag/4QyhLYasQj8.mp4,punching bag,k400,0,32,224x224
9547,playing tennis/54UD5ZS0AV4.mp4,playing tennis,k400,0,32,224x224
9548,shot put/9hnUsvhaLuY.mp4,shot put,k400,0,32,224x224
9549,mowing lawn/FevCQTxejXk.mp4,mowing lawn,k400,0,32,224x224
9550,waxing chest/CmEPUK8fA8Q.mp4,waxing chest,k400,0,32,224x224
9551,krumping/mkcO-PZEJVk.mp4,krumping,k400,0,32,224x224
9552,playing chess/uvCvnvTNmho.mp4,playing chess,k400,0,32,224x224
9553,picking fruit/wnu4Vhyd61g.mp4,picking fruit,k400,0,32,224x224
9554,waiting in line/d_P2hbAb2b0.mp4,waiting in line,k400,0,32,224x224
9555,swimming backstroke/FHgaXxRyFHE.mp4,swimming backstroke,k400,0,32,224x224
9556,bouncing on trampoline/oqF-EqYEi5o.mp4,bouncing on trampoline,k400,0,32,224x224
9557,archery/J6YU92u-Dxs.mp4,archery,k400,0,32,224x224
9558,parasailing/6mYd8I_514s.mp4,parasailing,k400,0,32,224x224
9559,disc golfing/X3pLNHB1i_4.mp4,disc golfing,k400,0,32,224x224
9560,dribbling basketball/MYnBPRGfuEI.mp4,dribbling basketball,k400,0,32,224x224
9561,playing basketball/eiNzsp6ior0.mp4,playing basketball,k400,0,32,224x224
9562,snorkeling/1U0x3QuX8m4.mp4,snorkeling,k400,0,32,224x224
9563,headbanging/vC0mhhz3j-g.mp4,headbanging,k400,0,32,224x224
9564,paragliding/DnSCNrcJkq0.mp4,paragliding,k400,0,32,224x224
9565,walking the dog/5am3t5QMRlE.mp4,walking the dog,k400,0,32,224x224
9566,waxing back/7fV8aavq0_E.mp4,waxing back,k400,0,32,224x224
9567,flying kite/Ffa7racAamE.mp4,flying kite,k400,0,32,224x224
9568,hitting baseball/u6zlz1RDUsY.mp4,hitting baseball,k400,0,32,224x224
9569,playing keyboard/MZyh8RAnUaw.mp4,playing keyboard,k400,0,32,224x224
9570,petting animal (not cat)/jUb-0MLXuP4.mp4,petting animal (not cat),k400,0,32,224x224
9571,skiing (not slalom or crosscountry)/smtPYTRl9T4.mp4,skiing (not slalom or crosscountry),k400,0,32,224x224
9572,snatch weight lifting/Bh0TNG4MO-8.mp4,snatch weight lifting,k400,0,32,224x224
9573,flipping pancake/e7BIVsr2Vpw.mp4,flipping pancake,k400,0,32,224x224
9574,knitting/oRl_KK_tZTc.mp4,knitting,k400,0,32,224x224
9575,tapping guitar/9375CFtXu6E.mp4,tapping guitar,k400,0,32,224x224
9576,hopscotch/skfg5sNIFvk.mp4,hopscotch,k400,0,32,224x224
9577,bending back/MPQnKTgq-wA.mp4,bending back,k400,0,32,224x224
9578,jetskiing/Koft1g3v5IE.mp4,jetskiing,k400,0,32,224x224
9579,balloon blowing/v4aBke1vHeA.mp4,balloon blowing,k400,0,32,224x224
9580,bouncing on trampoline/oA5BhkioUjY.mp4,bouncing on trampoline,k400,0,32,224x224
9581,shot put/PZSNn4FMLgk.mp4,shot put,k400,0,32,224x224
9582,playing accordion/8A2GbNyp_Fw.mp4,playing accordion,k400,0,32,224x224
9583,playing tennis/9tXQJZS9APU.mp4,playing tennis,k400,0,32,224x224
9584,cooking on campfire/OsCiSXF_H6s.mp4,cooking on campfire,k400,0,32,224x224
9585,playing poker/cwKdi9q5tO8.mp4,playing poker,k400,0,32,224x224
9586,riding or walking with horse/PV7j8pvtux4.mp4,riding or walking with horse,k400,0,32,224x224
9587,throwing ball/3EGoTtL_zRI.mp4,throwing ball,k400,0,32,224x224
9588,ice climbing/_mON4dx4W8A.mp4,ice climbing,k400,0,32,224x224
9589,squat/QETKfuz6PpY.mp4,squat,k400,0,32,224x224
9590,swing dancing/Cole3CffD1Y.mp4,swing dancing,k400,0,32,224x224
9591,sneezing/L2psoSsZF0k.mp4,sneezing,k400,0,32,224x224
9592,bending metal/dHxOi2ntKaU.mp4,bending metal,k400,0,32,224x224
9593,squat/8uO_gaIy5d8.mp4,squat,k400,0,32,224x224
9594,kitesurfing/ocTSRiw2kkI.mp4,kitesurfing,k400,0,32,224x224
9595,snatch weight lifting/T2_174sZdXY.mp4,snatch weight lifting,k400,0,32,224x224
9596,massaging back/6k7KIREx0Tc.mp4,massaging back,k400,0,32,224x224
9597,assembling computer/PCgs7tUMpZs.mp4,assembling computer,k400,0,32,224x224
9598,playing paintball/vqj25MWKwP0.mp4,playing paintball,k400,0,32,224x224
9599,shining shoes/oH6ZbpTqPuk.mp4,shining shoes,k400,0,32,224x224
9600,javelin throw/imZxxximci0_raw.f135.mp4,javelin throw,k400,0,32,224x224
9601,passing American football (not in game)/zrhhvyXzk4o.mp4,passing American football (not in game),k400,0,32,224x224
9602,playing tennis/mlBwlAcSfuA.mp4,playing tennis,k400,0,32,224x224
9603,dribbling basketball/CNwVgnR9VgE.mp4,dribbling basketball,k400,0,32,224x224
9604,playing bass guitar/G_JwGk1_jfg.mp4,playing bass guitar,k400,0,32,224x224
9605,situp/dhi1DumAA90.mp4,situp,k400,0,32,224x224
9606,gymnastics tumbling/JgwR6qKptVY.mp4,gymnastics tumbling,k400,0,32,224x224
9607,riding scooter/wEYhM9CTfFw.mp4,riding scooter,k400,0,32,224x224
9608,dining/7Nel1ITkXOE.mp4,dining,k400,0,32,224x224
9609,laughing/KTwhrDmDX3U.mp4,laughing,k400,0,32,224x224
9610,playing cards/l-P4pLwk4hw.mp4,playing cards,k400,0,32,224x224
9611,changing oil/MdcGzhgavNE.mp4,changing oil,k400,0,32,224x224
9612,shot put/UN__A_NPr0M.mp4,shot put,k400,0,32,224x224
9613,biking through snow/cpx_F0nshmQ.mp4,biking through snow,k400,0,32,224x224
9614,beatboxing/U-ObtNm56zg.mp4,beatboxing,k400,0,32,224x224
9615,playing guitar/F0KmQQbc4Z4.mp4,playing guitar,k400,0,32,224x224
9616,washing hands/QFSoCBiTc5g.mp4,washing hands,k400,0,32,224x224
9617,holding snake/xvVOj1TplmM.mp4,holding snake,k400,0,32,224x224
9618,blowing glass/cNVVGu3nBDE.mp4,blowing glass,k400,0,32,224x224
9619,digging/4JFvxM6Y_QY.mp4,digging,k400,0,32,224x224
9620,riding scooter/i1eeG3nJNxY.mp4,riding scooter,k400,0,32,224x224
9621,cleaning gutters/P_Ii5T2cy2c.mp4,cleaning gutters,k400,0,32,224x224
9622,pull ups/ZRj5b7Or-as.mp4,pull ups,k400,0,32,224x224
9623,cartwheeling/QTiX7MBHiB4.mp4,cartwheeling,k400,0,32,224x224
9624,driving car/Y2lDWmy5vOU.mp4,driving car,k400,0,32,224x224
9625,weaving basket/nntkNBU8ytA.mp4,weaving basket,k400,0,32,224x224
9626,driving tractor/_1TqqoB1c54.mp4,driving tractor,k400,0,32,224x224
9627,throwing axe/P80KyqQygws.mp4,throwing axe,k400,0,32,224x224
9628,high kick/1b_Dqog5AQM.mp4,high kick,k400,0,32,224x224
9629,dying hair/FGcC-XzwH_4.mp4,dying hair,k400,0,32,224x224
9630,gymnastics tumbling/XWvug_jLZQw.mp4,gymnastics tumbling,k400,0,32,224x224
9631,paragliding/IvWPuO5vtn4.mp4,paragliding,k400,0,32,224x224
9632,carving pumpkin/tAsDSVMV5s8.mp4,carving pumpkin,k400,0,32,224x224
9633,deadlifting/oxGsPlkZwFc.mp4,deadlifting,k400,0,32,224x224
9634,ski jumping/yjCz2MW01PM.mp4,ski jumping,k400,0,32,224x224
9635,cutting watermelon/t6nMnHwSsLk.mp4,cutting watermelon,k400,0,32,224x224
9636,shuffling cards/oyOKza6bXLw.mp4,shuffling cards,k400,0,32,224x224
9637,air drumming/5vsvvC3URCI.mp4,air drumming,k400,0,32,224x224
9638,drop kicking/iZjzxQmlk-Y.mp4,drop kicking,k400,0,32,224x224
9639,playing paintball/1-Yezrc1Yig.mp4,playing paintball,k400,0,32,224x224
9640,playing trumpet/7MA-1bL2-28.mp4,playing trumpet,k400,0,32,224x224
9641,country line dancing/4OJUnV3ioqI.mp4,country line dancing,k400,0,32,224x224
9642,swimming backstroke/bji7HtgM_WQ.mp4,swimming backstroke,k400,0,32,224x224
9643,blowing glass/WJJg6wOpXTQ.mp4,blowing glass,k400,0,32,224x224
9644,robot dancing/pH6tDZRthQk.mp4,robot dancing,k400,0,32,224x224
9645,sneezing/7_F4tbYzkxE.mp4,sneezing,k400,0,32,224x224
9646,snorkeling/FHyh-yY9NvY.mp4,snorkeling,k400,0,32,224x224
9647,ice climbing/vjkn1jNLtRk.mp4,ice climbing,k400,0,32,224x224
9648,playing trumpet/DKBcVDFnlAU.mp4,playing trumpet,k400,0,32,224x224
9649,archery/QIZMlGZzqPE.mp4,archery,k400,0,32,224x224
9650,playing harp/rGSLQU5k96s.mp4,playing harp,k400,0,32,224x224
9651,playing trombone/ZSpYbU95VUw.mp4,playing trombone,k400,0,32,224x224
9652,paragliding/2C0wN5CtIX4.mp4,paragliding,k400,0,32,224x224
9653,dying hair/kXeBEHDgfEg.mp4,dying hair,k400,0,32,224x224
9654,massaging back/qKR4MkpAfTA.mp4,massaging back,k400,0,32,224x224
9655,zumba/rTMwZzwJjs4.mp4,zumba,k400,0,32,224x224
9656,dancing charleston/iF4EPTMD5f4.mp4,dancing charleston,k400,0,32,224x224
9657,push up/UDt92_bblCo.mp4,push up,k400,0,32,224x224
9658,riding elephant/f-U2IXL3uk0.mp4,riding elephant,k400,0,32,224x224
9659,front raises/Byv-X565ifQ.mp4,front raises,k400,0,32,224x224
9660,cutting pineapple/7KKcHvHkQLw.mp4,cutting pineapple,k400,0,32,224x224
9661,presenting weather forecast/BgHkh3rq-SU.mp4,presenting weather forecast,k400,0,32,224x224
9662,planting trees/djHx2iFsFEk.mp4,planting trees,k400,0,32,224x224
9663,brushing teeth/CFY6fupMo1Y.mp4,brushing teeth,k400,0,32,224x224
9664,bungee jumping/CbPy2hZiw3Y.mp4,bungee jumping,k400,0,32,224x224
9665,opening bottle/yuMA0kzPPyA.mp4,opening bottle,k400,0,32,224x224
9666,golf chipping/3N1GwK8oadI.mp4,golf chipping,k400,0,32,224x224
9667,whistling/kHaTl3UD1Xo.mp4,whistling,k400,0,32,224x224
9668,blowing out candles/exllQTI_mnM.mp4,blowing out candles,k400,0,32,224x224
9669,headbanging/H3TXWJPwsfQ.mp4,headbanging,k400,0,32,224x224
9670,bartending/3JKOc-rtfYA.mp4,bartending,k400,0,32,224x224
9671,brushing hair/qZhMFJh1fFU.mp4,brushing hair,k400,0,32,224x224
9672,shearing sheep/UoCEgTVlxuE.mp4,shearing sheep,k400,0,32,224x224
9673,bandaging/y2UIUcN8fcs.mp4,bandaging,k400,0,32,224x224
9674,playing basketball/fR2IO4bIdMM.mp4,playing basketball,k400,0,32,224x224
9675,dining/iaVV1WWhfhg.mp4,dining,k400,0,32,224x224
9676,breakdancing/Rwlhjk5ChpM.mp4,breakdancing,k400,0,32,224x224
9677,snowkiting/UHPOPHy7o5Q.mp4,snowkiting,k400,0,32,224x224
9678,sword fighting/S3a3YGHC-Rw.mp4,sword fighting,k400,0,32,224x224
9679,playing bass guitar/k0IZbBzIqCM.mp4,playing bass guitar,k400,0,32,224x224
9680,baby waking up/o3CiPw-AeB0.mp4,baby waking up,k400,0,32,224x224
9681,making snowman/84ntPxqCuqY.mp4,making snowman,k400,0,32,224x224
9682,dribbling basketball/HYGtQCYPQOA.mp4,dribbling basketball,k400,0,32,224x224
9683,picking fruit/PsTrykLjBY0.mp4,picking fruit,k400,0,32,224x224
9684,hurling (sport)/7vl7Ee-1ShM.mp4,hurling (sport),k400,0,32,224x224
9685,golf chipping/5cG327ltjpk.mp4,golf chipping,k400,0,32,224x224
9686,pushing wheelchair/kefsLchor_g.mp4,pushing wheelchair,k400,0,32,224x224
9687,picking fruit/_OXBD0qzT7M.mp4,picking fruit,k400,0,32,224x224
9688,hitting baseball/HApgL_PjTsw.mp4,hitting baseball,k400,0,32,224x224
9689,milking cow/1E-twOFAPfw.mp4,milking cow,k400,0,32,224x224
9690,blasting sand/ACbTezZB6QU.mp4,blasting sand,k400,0,32,224x224
9691,flying kite/5z7YSq1OMeE.mp4,flying kite,k400,0,32,224x224
9692,brush painting/gU-Dj4b2048.mp4,brush painting,k400,0,32,224x224
9693,playing ice hockey/ku_64CkGd8E.mp4,playing ice hockey,k400,0,32,224x224
9694,laughing/0GsiopyhDgI.mp4,laughing,k400,0,32,224x224
9695,milking cow/m2dL8FqWdgI.mp4,milking cow,k400,0,32,224x224
9696,yoga/sskng5LcHEY.mp4,yoga,k400,0,32,224x224
9697,waxing legs/vUnJ3wRK40o.mp4,waxing legs,k400,0,32,224x224
9698,cutting watermelon/AszfX-qQx9Y.mp4,cutting watermelon,k400,0,32,224x224
9699,hurdling/EXL3ivuaup8.mp4,hurdling,k400,0,32,224x224
9700,carving pumpkin/3eWEVyoHmmc.mp4,carving pumpkin,k400,0,32,224x224
9701,massaging person's head/20qbGMYV5yo.mp4,massaging person's head,k400,0,32,224x224
9702,spinning poi/sEmuN_JKJXg.mp4,spinning poi,k400,0,32,224x224
9703,shaking hands/g2CA-OD-wMU.mp4,shaking hands,k400,0,32,224x224
9704,shot put/8m5f7SFVbIQ.mp4,shot put,k400,0,32,224x224
9705,dribbling basketball/VBPfUVqRYFY.mp4,dribbling basketball,k400,0,32,224x224
9706,stretching arm/4GCqMDuChoA.mp4,stretching arm,k400,0,32,224x224
9707,tobogganing/nJ1SsD1-8k4.mp4,tobogganing,k400,0,32,224x224
9708,arm wrestling/U67C-ys5FKU.mp4,arm wrestling,k400,0,32,224x224
9709,marching/cz6gn73TOQE.mp4,marching,k400,0,32,224x224
9710,riding or walking with horse/LTiXyAznJss.mp4,riding or walking with horse,k400,0,32,224x224
9711,shearing sheep/03idfoav5Zk.mp4,shearing sheep,k400,0,32,224x224
9712,playing cards/ncjb-7OZrnk.mp4,playing cards,k400,0,32,224x224
9713,smoking/N4hyenLJ3FY.mp4,smoking,k400,0,32,224x224
9714,beatboxing/9vX3KnnOIFI.mp4,beatboxing,k400,0,32,224x224
9715,cleaning windows/l1UNDuQTYUs.mp4,cleaning windows,k400,0,32,224x224
9716,washing hands/wnWTnKUMrHY.mp4,washing hands,k400,0,32,224x224
9717,crying/WyaOhPmgi40.mp4,crying,k400,0,32,224x224
9718,triple jump/s2al2aNE1Hk.mp4,triple jump,k400,0,32,224x224
9719,playing basketball/G-Jh69ocZjM.mp4,playing basketball,k400,0,32,224x224
9720,playing ice hockey/qZgPTOk4hH4.mp4,playing ice hockey,k400,0,32,224x224
9721,grooming dog/zzYfRO1JA4M.mp4,grooming dog,k400,0,32,224x224
9722,crying/tkGAMSVaEAU.mp4,crying,k400,0,32,224x224
9723,gymnastics tumbling/7luAo431oXQ.mp4,gymnastics tumbling,k400,0,32,224x224
9724,tobogganing/SJar2GBlLuY.mp4,tobogganing,k400,0,32,224x224
9725,swimming butterfly stroke/mDFLSB-yd2g.mp4,swimming butterfly stroke,k400,0,32,224x224
9726,shot put/YZUaBkFeDts.mp4,shot put,k400,0,32,224x224
9727,fixing hair/Vw2O5tnqrFY.mp4,fixing hair,k400,0,32,224x224
9728,cutting nails/Z2RdFZBl5ek.mp4,cutting nails,k400,0,32,224x224
9729,carrying baby/FeG8hDfjKKQ.mp4,carrying baby,k400,0,32,224x224
9730,skateboarding/myVbSFoA9wE.mp4,skateboarding,k400,0,32,224x224
9731,dying hair/JBrFzbwuPbU.mp4,dying hair,k400,0,32,224x224
9732,diving cliff/uSJz5QKnd3c.mp4,diving cliff,k400,0,32,224x224
9733,playing poker/i_Ohws7lDZI.mp4,playing poker,k400,0,32,224x224
9734,crossing river/nG4pIm6uaFc.mp4,crossing river,k400,0,32,224x224
9735,bartending/IEhU63CR8Wg.mp4,bartending,k400,0,32,224x224
9736,tasting beer/eH-9lLDQxgY.mp4,tasting beer,k400,0,32,224x224
9737,playing controller/Lh9KJlyQAI8.mp4,playing controller,k400,0,32,224x224
9738,opening present/LWyLKjtGUR4.mp4,opening present,k400,0,32,224x224
9739,singing/8Omi5OKO2h0.mp4,singing,k400,0,32,224x224
9740,sticking tongue out/69ch3X6Frpg.mp4,sticking tongue out,k400,0,32,224x224
9741,auctioning/dlKUBhtBfsQ.mp4,auctioning,k400,0,32,224x224
9742,cutting watermelon/4gPqRXhy4tQ.mp4,cutting watermelon,k400,0,32,224x224
9743,drop kicking/JM38ZO5GzJk.mp4,drop kicking,k400,0,32,224x224
9744,tapping guitar/ALkjr58zwFI.mp4,tapping guitar,k400,0,32,224x224
9745,kissing/uEbzD1bBlTQ.mp4,kissing,k400,0,32,224x224
9746,setting table/TB1zmZbwfVg.mp4,setting table,k400,0,32,224x224
9747,playing drums/iSq7nKD06oE.mp4,playing drums,k400,0,32,224x224
9748,grooming dog/YEPpu2CEaYo.mp4,grooming dog,k400,0,32,224x224
9749,opening present/CnUwWn8vLAc.mp4,opening present,k400,0,32,224x224
9750,making tea/TqIJqw6nCmk.mp4,making tea,k400,0,32,224x224
9751,skiing slalom/IBCURidZXB8.mp4,skiing slalom,k400,0,32,224x224
9752,building cabinet/DNWCjFUE75s.mp4,building cabinet,k400,0,32,224x224
9753,welding/S6MZRfug-lk.mp4,welding,k400,0,32,224x224
9754,getting a haircut/rJIseYuU7mU.mp4,getting a haircut,k400,0,32,224x224
9755,jumpstyle dancing/j3s5s46NTT8.mp4,jumpstyle dancing,k400,0,32,224x224
9756,spray painting/3qa1Nxnhrv8.mp4,spray painting,k400,0,32,224x224
9757,golf putting/cRaHeLgW1-o.mp4,golf putting,k400,0,32,224x224
9758,playing cards/ReS7qdXtdvs.mp4,playing cards,k400,0,32,224x224
9759,swimming backstroke/BC0CHSppjhA.mp4,swimming backstroke,k400,0,32,224x224
9760,cooking chicken/xn79mRcmtxI.mp4,cooking chicken,k400,0,32,224x224
9761,jetskiing/JwjgsJ0NLzE.mp4,jetskiing,k400,0,32,224x224
9762,tossing coin/UrWU_52LNFg.mp4,tossing coin,k400,0,32,224x224
9763,counting money/Jdw-TGtR8ck.mp4,counting money,k400,0,32,224x224
9764,trimming or shaving beard/by41MAITMJc.mp4,trimming or shaving beard,k400,0,32,224x224
9765,pumping fist/eAwxlPnBVto.mp4,pumping fist,k400,0,32,224x224
9766,skiing (not slalom or crosscountry)/DmIGwaH73TY.mp4,skiing (not slalom or crosscountry),k400,0,32,224x224
9767,snowboarding/6F_kjT3o6Q4.mp4,snowboarding,k400,0,32,224x224
9768,trimming trees/Lz6wsgOfivI.mp4,trimming trees,k400,0,32,224x224
9769,kicking field goal/VOOqKFwyOoM.mp4,kicking field goal,k400,0,32,224x224
9770,frying vegetables/0EISyzfzELo.mp4,frying vegetables,k400,0,32,224x224
9771,hitting baseball/4H6WHejKrKA.mp4,hitting baseball,k400,0,32,224x224
9772,playing violin/g8wj7AWZHLk.mp4,playing violin,k400,0,32,224x224
9773,drumming fingers/dU_V0l1SzPE.mp4,drumming fingers,k400,0,32,224x224
9774,clean and jerk/7xC4DIyF5-8.mp4,clean and jerk,k400,0,32,224x224
9775,cooking egg/g1qK78kdWgA.mp4,cooking egg,k400,0,32,224x224
9776,baby waking up/fXWa3S1ZIHw.mp4,baby waking up,k400,0,32,224x224
9777,golf putting/ZcvvMI8jM7Y.mp4,golf putting,k400,0,32,224x224
9778,jetskiing/k6wKoUdoosw.mp4,jetskiing,k400,0,32,224x224
9779,hurling (sport)/JWtyzgIv2hQ.mp4,hurling (sport),k400,0,32,224x224
9780,snowboarding/Dxh8u-stXhY.mp4,snowboarding,k400,0,32,224x224
9781,robot dancing/Hq4t87jJBt4.mp4,robot dancing,k400,0,32,224x224
9782,ski jumping/z-LwKDKxPM4.mp4,ski jumping,k400,0,32,224x224
9783,reading book/8saTq9UE7M0.mp4,reading book,k400,0,32,224x224
9784,lunge/DXs7YSDsbf4.mp4,lunge,k400,0,32,224x224
9785,feeding goats/ZR3wbkTuuFE.mp4,feeding goats,k400,0,32,224x224
9786,snowmobiling/x5mKeyVVtN4.mp4,snowmobiling,k400,0,32,224x224
9787,kicking soccer ball/ma2bBeefIQQ.mp4,kicking soccer ball,k400,0,32,224x224
9788,stretching leg/7WFl898NF2Q.mp4,stretching leg,k400,0,32,224x224
9789,cleaning windows/alnSuLlHrjk.mp4,cleaning windows,k400,0,32,224x224
9790,push up/oFx4E85VLW0.mp4,push up,k400,0,32,224x224
9791,motorcycling/jbHs7RWNwzE.mp4,motorcycling,k400,0,32,224x224
9792,playing bagpipes/rp7LCEEDOBA.mp4,playing bagpipes,k400,0,32,224x224
9793,jumping into pool/1nrWw2FN-F4.mp4,jumping into pool,k400,0,32,224x224
9794,crawling baby/XIr-UhIIhRU.mp4,crawling baby,k400,0,32,224x224
9795,gargling/CAbsylhtHz8.mp4,gargling,k400,0,32,224x224
9796,shearing sheep/F1Uvk6QqcdE.mp4,shearing sheep,k400,0,32,224x224
9797,hitting baseball/KRUSNOCP1bI.mp4,hitting baseball,k400,0,32,224x224
9798,eating chips/cluEHmPhMAI.mp4,eating chips,k400,0,32,224x224
9799,blasting sand/V28EVp693_4.mp4,blasting sand,k400,0,32,224x224
9800,playing poker/1HVttZ6r_7E.mp4,playing poker,k400,0,32,224x224
9801,strumming guitar/pN5l8Nw90-o.mp4,strumming guitar,k400,0,32,224x224
9802,pull ups/Xcr5cGfRlrs.mp4,pull ups,k400,0,32,224x224
9803,carrying baby/VsBBBpmayz4.mp4,carrying baby,k400,0,32,224x224
9804,pushing cart/wXAKJberHgA.mp4,pushing cart,k400,0,32,224x224
9805,folding napkins/T-aiv4aGycI.mp4,folding napkins,k400,0,32,224x224
9806,playing violin/9_nM6d1Z2Oo.mp4,playing violin,k400,0,32,224x224
9807,diving cliff/C_V-KEoVPjU.mp4,diving cliff,k400,0,32,224x224
9808,clean and jerk/00hZ1kuCj4U.mp4,clean and jerk,k400,0,32,224x224
9809,headbanging/BuJ9uHLwQ24.mp4,headbanging,k400,0,32,224x224
9810,catching or throwing baseball/_DnTTEBEWD8.mp4,catching or throwing baseball,k400,0,32,224x224
9811,training dog/IXsMZPqgCc4.mp4,training dog,k400,0,32,224x224
9812,cooking chicken/VvC4jKzTwWk.mp4,cooking chicken,k400,0,32,224x224
9813,pushing cart/od27S05gvok.mp4,pushing cart,k400,0,32,224x224
9814,ripping paper/9zldxYuusdQ.mp4,ripping paper,k400,0,32,224x224
9815,yoga/vrBEJhM3n-U.mp4,yoga,k400,0,32,224x224
9816,playing ukulele/g0DcSWH2O5E.mp4,playing ukulele,k400,0,32,224x224
9817,bobsledding/IBbdl5BnZOU.mp4,bobsledding,k400,0,32,224x224
9818,pushing cart/5BmQZmSNpvk.mp4,pushing cart,k400,0,32,224x224
9819,shot put/gY_K4BbQUKg.mp4,shot put,k400,0,32,224x224
9820,trimming or shaving beard/zYSwmjm0pbk.mp4,trimming or shaving beard,k400,0,32,224x224
9821,archery/L1O7YhSOnhQ.mp4,archery,k400,0,32,224x224
9822,canoeing or kayaking/PUZrlE2ctiY.mp4,canoeing or kayaking,k400,0,32,224x224
9823,making snowman/NAnGYU6RWf8.mp4,making snowman,k400,0,32,224x224
9824,blowing out candles/AFAGB0KL38s.mp4,blowing out candles,k400,0,32,224x224
9825,hammer throw/rvs9rzBp05U.mp4,hammer throw,k400,0,32,224x224
9826,picking fruit/mITkRygpcrE.mp4,picking fruit,k400,0,32,224x224
9827,shaking head/6H0Sr0iHlQE.mp4,shaking head,k400,0,32,224x224
9828,hoverboarding/QvSthbwUfKI.mp4,hoverboarding,k400,0,32,224x224
9829,playing ice hockey/tSGDhMjim_Q.mp4,playing ice hockey,k400,0,32,224x224
9830,skiing crosscountry/ATW4JOcUHV8.mp4,skiing crosscountry,k400,0,32,224x224
9831,massaging back/UzJLTaY_JcU.mp4,massaging back,k400,0,32,224x224
9832,making jewelry/jzaVQH2zyu0.mp4,making jewelry,k400,0,32,224x224
9833,hockey stop/b7c-TYeG2dE.mp4,hockey stop,k400,0,32,224x224
9834,filling eyebrows/LbCmqSzUsDM.mp4,filling eyebrows,k400,0,32,224x224
9835,eating spaghetti/TjYj4DKfeWQ.mp4,eating spaghetti,k400,0,32,224x224
9836,plastering/1ZK9jgKCXJo.mp4,plastering,k400,0,32,224x224
9837,sled dog racing/Sog86Bb8NNU.mp4,sled dog racing,k400,0,32,224x224
9838,flying kite/iwGl2QXfCj4.mp4,flying kite,k400,0,32,224x224
9839,catching fish/3ex52ecRQAg.mp4,catching fish,k400,0,32,224x224
9840,playing cricket/RnFNgjWRT2s.mp4,playing cricket,k400,0,32,224x224
9841,egg hunting/rxOkWuoR1k0.mp4,egg hunting,k400,0,32,224x224
9842,blowing out candles/6SvQVtZTItA.mp4,blowing out candles,k400,0,32,224x224
9843,slacklining/ufQ18pq2ACQ.mp4,slacklining,k400,0,32,224x224
9844,belly dancing/8Qx3_zuVuOY.mp4,belly dancing,k400,0,32,224x224
9845,hugging/lk5J3xMukxY.mp4,hugging,k400,0,32,224x224
9846,news anchoring/xzfZSf-Mjp0.mp4,news anchoring,k400,0,32,224x224
9847,riding or walking with horse/O8sDmzAT7xA.mp4,riding or walking with horse,k400,0,32,224x224
9848,snowboarding/ak9h2BttJlA.mp4,snowboarding,k400,0,32,224x224
9849,mowing lawn/EygIfACQYUc.mp4,mowing lawn,k400,0,32,224x224
9850,motorcycling/besA6Cs79U8.mp4,motorcycling,k400,0,32,224x224
9851,catching or throwing softball/1WobX0iH64I.mp4,catching or throwing softball,k400,0,32,224x224
9852,cleaning floor/sg1UBLA8Ea0.mp4,cleaning floor,k400,0,32,224x224
9853,peeling potatoes/ymlV2OXPmgY.mp4,peeling potatoes,k400,0,32,224x224
9854,extinguishing fire/SCiuS8pD6NM.mp4,extinguishing fire,k400,0,32,224x224
9855,riding mule/F3gyM4V0ObE.mp4,riding mule,k400,0,32,224x224
9856,getting a haircut/bzwt1-d7oNI.mp4,getting a haircut,k400,0,32,224x224
9857,stretching leg/qJ_kx4E4xXQ.mp4,stretching leg,k400,0,32,224x224
9858,playing recorder/-Fsgg1b70d0.mp4,playing recorder,k400,0,32,224x224
9859,getting a tattoo/35_SZi2Zjec.mp4,getting a tattoo,k400,0,32,224x224
9860,pumping fist/_IEXmtwnL1Y.mp4,pumping fist,k400,0,32,224x224
9861,brushing teeth/P9FhpVlHLNc.mp4,brushing teeth,k400,0,32,224x224
9862,dancing ballet/l_KfB4H8otg.mp4,dancing ballet,k400,0,32,224x224
9863,applying cream/lhrIyHSvaMA.mp4,applying cream,k400,0,32,224x224
9864,watering plants/DBAgTm3mv_I.mp4,watering plants,k400,0,32,224x224
9865,air drumming/gFI4lkq3rqk.mp4,air drumming,k400,0,32,224x224
9866,playing badminton/oTCyC7czSTI.mp4,playing badminton,k400,0,32,224x224
9867,dribbling basketball/uMLQJfBRE40.mp4,dribbling basketball,k400,0,32,224x224
9868,bowling/dU3-oh0im4Y.mp4,bowling,k400,0,32,224x224
9869,blowing nose/N7uZBVuXbhQ.mp4,blowing nose,k400,0,32,224x224
9870,blowing glass/z2NqQdoT4xQ.mp4,blowing glass,k400,0,32,224x224
9871,ice skating/gwb9c5mRoWk.mp4,ice skating,k400,0,32,224x224
9872,passing American football (not in game)/sqkui19lLiw.mp4,passing American football (not in game),k400,0,32,224x224
9873,folding paper/uGgG97-6h4s.mp4,folding paper,k400,0,32,224x224
9874,scrambling eggs/9ibfI_K5nJU.mp4,scrambling eggs,k400,0,32,224x224
9875,hoverboarding/RVkof6bxvg0.mp4,hoverboarding,k400,0,32,224x224
9876,shearing sheep/i6cVA9oL5VQ.mp4,shearing sheep,k400,0,32,224x224
9877,riding or walking with horse/7jpU-fjBxi8.mp4,riding or walking with horse,k400,0,32,224x224
9878,tap dancing/MwjgBiY23Hs.mp4,tap dancing,k400,0,32,224x224
9879,pumping gas/WXiuwMcXH1Q.mp4,pumping gas,k400,0,32,224x224
9880,yoga/41zpj3qs_3M.mp4,yoga,k400,0,32,224x224
9881,skiing (not slalom or crosscountry)/RlHfAJbc98k.mp4,skiing (not slalom or crosscountry),k400,0,32,224x224
9882,bowling/shs0FJTFRwk.mp4,bowling,k400,0,32,224x224
9883,riding scooter/yUvHf0m3M3Q.mp4,riding scooter,k400,0,32,224x224
9884,playing ukulele/6QLA8R6MdNk.mp4,playing ukulele,k400,0,32,224x224
9885,playing basketball/BmU_IqdKvFk.mp4,playing basketball,k400,0,32,224x224
9886,kicking field goal/RwWP5jqvMm4.mp4,kicking field goal,k400,0,32,224x224
9887,ski jumping/7So39YSJxVY.mp4,ski jumping,k400,0,32,224x224
9888,catching or throwing softball/skJ8JLW2vwY.mp4,catching or throwing softball,k400,0,32,224x224
9889,lunge/TIleV8XT-BE.mp4,lunge,k400,0,32,224x224
9890,grooming dog/KKwPbb1DtLc.mp4,grooming dog,k400,0,32,224x224
9891,dunking basketball/3u4CbKIXxnU.mp4,dunking basketball,k400,0,32,224x224
9892,breakdancing/5L07zF0-J4M.mp4,breakdancing,k400,0,32,224x224
9893,playing chess/YC2WuWdUS2w.mp4,playing chess,k400,0,32,224x224
9894,yawning/Ej2erNXiNoI.mp4,yawning,k400,0,32,224x224
9895,watering plants/sf68MtDfwIQ.mp4,watering plants,k400,0,32,224x224
9896,grooming horse/HCutc1vB4uw.mp4,grooming horse,k400,0,32,224x224
9897,bench pressing/Xelxozo6MUU.mp4,bench pressing,k400,0,32,224x224
9898,playing monopoly/rr0370MA-9s.mp4,playing monopoly,k400,0,32,224x224
9899,bookbinding/rlDxalPZJf8.mp4,bookbinding,k400,0,32,224x224
9900,tasting food/bDEK1rsX2BA.mp4,tasting food,k400,0,32,224x224
9901,finger snapping/DHeTkv-f8kg.mp4,finger snapping,k400,0,32,224x224
9902,pushing cart/ekjCdtGcZeM.mp4,pushing cart,k400,0,32,224x224
9903,feeding birds/zBvCrWDsarw.mp4,feeding birds,k400,0,32,224x224
9904,gargling/kLe6fepnigI.mp4,gargling,k400,0,32,224x224
9905,playing organ/NgiN-oQWikA.mp4,playing organ,k400,0,32,224x224
9906,shining shoes/BshSmo_rRII.mp4,shining shoes,k400,0,32,224x224
9907,pumping fist/02rbpktoyRU.mp4,pumping fist,k400,0,32,224x224
9908,playing organ/2jvQOQ4mZIw.mp4,playing organ,k400,0,32,224x224
9909,playing badminton/aBh5HKyi3Jg.mp4,playing badminton,k400,0,32,224x224
9910,reading book/XA_xOpFOLOg.mp4,reading book,k400,0,32,224x224
9911,eating spaghetti/hwVLSBNVoh8.mp4,eating spaghetti,k400,0,32,224x224
9912,flying kite/Drp2aQ6bMRA.mp4,flying kite,k400,0,32,224x224
9913,crossing river/d_nFWLLR_oM.mp4,crossing river,k400,0,32,224x224
9914,milking cow/hbndP8yYwc0.mp4,milking cow,k400,0,32,224x224
9915,sled dog racing/M5eJMS0jgAg.mp4,sled dog racing,k400,0,32,224x224
9916,deadlifting/DXo98HMtgEY.mp4,deadlifting,k400,0,32,224x224
9917,riding camel/eZ1EC7hkYZI.mp4,riding camel,k400,0,32,224x224
9918,deadlifting/oxC6QFzV_jQ.mp4,deadlifting,k400,0,32,224x224
9919,push up/YAD22zlGTRA.mp4,push up,k400,0,32,224x224
9920,unboxing/kvGdzTQiUfI.mp4,unboxing,k400,0,32,224x224
9921,parasailing/82qTCpjSZnM.mp4,parasailing,k400,0,32,224x224
9922,driving car/xQ3KrAFzmV0.mp4,driving car,k400,0,32,224x224
9923,playing ice hockey/KuH1tDuRvXE.mp4,playing ice hockey,k400,0,32,224x224
9924,zumba/jPykdB6Y96g.mp4,zumba,k400,0,32,224x224
9925,ripping paper/KuyeYZd2vHk.mp4,ripping paper,k400,0,32,224x224
9926,punching person (boxing)/rPd5DM-hwhs.mp4,punching person (boxing),k400,0,32,224x224
9927,cleaning shoes/GevJ-1ldEGg.mp4,cleaning shoes,k400,0,32,224x224
9928,exercising with an exercise ball/3xte815Hisc.mp4,exercising with an exercise ball,k400,0,32,224x224
9929,kitesurfing/jjN7vMUn7Uc.mp4,kitesurfing,k400,0,32,224x224
9930,swinging on something/V-hRb93T9sE.mp4,swinging on something,k400,0,32,224x224
9931,dancing ballet/q_xVdWqlBvU.mp4,dancing ballet,k400,0,32,224x224
9932,golf chipping/p_btV2sjCEo.mp4,golf chipping,k400,0,32,224x224
9933,laughing/hlOEa0Z-YLQ.mp4,laughing,k400,0,32,224x224
9934,javelin throw/PJgN24x-wUY.mp4,javelin throw,k400,0,32,224x224
9935,air drumming/ETlP-ui-WuE.mp4,air drumming,k400,0,32,224x224
9936,cooking chicken/4IJorho8zGc.mp4,cooking chicken,k400,0,32,224x224
9937,blowing glass/MYkcQsKEKUg.mp4,blowing glass,k400,0,32,224x224
9938,playing cello/q0cobtyY3yU.mp4,playing cello,k400,0,32,224x224
9939,applauding/fdmxXGW7TRk.mp4,applauding,k400,0,32,224x224
9940,playing poker/DrzelmWLS74.mp4,playing poker,k400,0,32,224x224
9941,catching or throwing baseball/37V1uQa2am4.mp4,catching or throwing baseball,k400,0,32,224x224
9942,bungee jumping/b4SLwzHVSTs.mp4,bungee jumping,k400,0,32,224x224
9943,smoking/TQoK1RxA6bs.mp4,smoking,k400,0,32,224x224
9944,archery/YL12nq8OMps.mp4,archery,k400,0,32,224x224
9945,playing paintball/bvEE31WqWgU.mp4,playing paintball,k400,0,32,224x224
9946,sailing/Ykk-5hNW0kQ.mp4,sailing,k400,0,32,224x224
9947,unboxing/b7s5ZPXJK2w.mp4,unboxing,k400,0,32,224x224
9948,bartending/tPTlpmx8U9o.mp4,bartending,k400,0,32,224x224
9949,folding paper/YVkRF0je-NU.mp4,folding paper,k400,0,32,224x224
9950,bowling/DBeZOQX9miA.mp4,bowling,k400,0,32,224x224
9951,shot put/MapEXqewO6M.mp4,shot put,k400,0,32,224x224
9952,dancing charleston/Y-ROETZPL38.mp4,dancing charleston,k400,0,32,224x224
9953,making bed/T4Kr78S3-Lg.mp4,making bed,k400,0,32,224x224
9954,reading book/V_m7LJdw5-s.mp4,reading book,k400,0,32,224x224
9955,brushing hair/axkjZnYw32o.mp4,brushing hair,k400,0,32,224x224
9956,shining shoes/zLfJP1X9rOE.mp4,shining shoes,k400,0,32,224x224
9957,washing hands/pITy_x-UyrE.mp4,washing hands,k400,0,32,224x224
9958,side kick/_w7AtUyXXSE.mp4,side kick,k400,0,32,224x224
9959,shaving legs/QYTWd1F0H7A.mp4,shaving legs,k400,0,32,224x224
9960,using segway/-A8RA9dZi4Y.mp4,using segway,k400,0,32,224x224
9961,front raises/zdgwxWK0YI8.mp4,front raises,k400,0,32,224x224
9962,weaving basket/75vr3M-00RE.mp4,weaving basket,k400,0,32,224x224
9963,salsa dancing/aXO21jpedV8.mp4,salsa dancing,k400,0,32,224x224
9964,playing basketball/LF-KBqNgVdw.mp4,playing basketball,k400,0,32,224x224
9965,making a sandwich/GH4XCTFp4jY.mp4,making a sandwich,k400,0,32,224x224
9966,surfing crowd/9wLs7T_HtA8.mp4,surfing crowd,k400,0,32,224x224
9967,dancing ballet/EaobS0zIleE.mp4,dancing ballet,k400,0,32,224x224
9968,roller skating/fqd3Jhr9D_0.mp4,roller skating,k400,0,32,224x224
9969,throwing axe/V-khEHWkNEI.mp4,throwing axe,k400,0,32,224x224
9970,playing squash or racquetball/3fGA6DXyzGE.mp4,playing squash or racquetball,k400,0,32,224x224
9971,playing harp/GFVEI6IgcH0.mp4,playing harp,k400,0,32,224x224
9972,cooking sausages/DEqCw2RsNow.mp4,cooking sausages,k400,0,32,224x224
9973,country line dancing/gLKzVblYnoo.mp4,country line dancing,k400,0,32,224x224
9974,doing aerobics/1tTnlpftRRY.mp4,doing aerobics,k400,0,32,224x224
9975,cutting watermelon/Fw-VFwm3Xd4.mp4,cutting watermelon,k400,0,32,224x224
9976,swimming breast stroke/s-QM71MTBdM.mp4,swimming breast stroke,k400,0,32,224x224
9977,playing didgeridoo/sddYAUiNPtg.mp4,playing didgeridoo,k400,0,32,224x224
9978,reading book/EWK1q7U8U-g.mp4,reading book,k400,0,32,224x224
9979,laughing/coPV2ZlqZMo.mp4,laughing,k400,0,32,224x224
9980,juggling soccer ball/pav_iHwOUxI.mp4,juggling soccer ball,k400,0,32,224x224
9981,playing tennis/-yizn6XeHmc.mp4,playing tennis,k400,0,32,224x224
9982,somersaulting/zspBgEDa8pM.mp4,somersaulting,k400,0,32,224x224
9983,playing trumpet/WpucfDGQi0U.mp4,playing trumpet,k400,0,32,224x224
9984,washing dishes/aRjw4MiL268.mp4,washing dishes,k400,0,32,224x224
9985,sneezing/a994DZ3BSGQ.mp4,sneezing,k400,0,32,224x224
9986,flying kite/U9-6EDto73w.mp4,flying kite,k400,0,32,224x224
9987,waxing chest/-JO6FkpvG-o.mp4,waxing chest,k400,0,32,224x224
9988,tai chi/9cbVog9nzd0.mp4,tai chi,k400,0,32,224x224
9989,curling hair/yDQ7Yaw_Sn0.mp4,curling hair,k400,0,32,224x224
9990,skydiving/5AJD8gGi8HA.mp4,skydiving,k400,0,32,224x224
9991,jumpstyle dancing/TqXKVVGSoGM.mp4,jumpstyle dancing,k400,0,32,224x224
9992,knitting/KsDgihgzcE4.mp4,knitting,k400,0,32,224x224
9993,playing violin/hA0NT_uR7CE.mp4,playing violin,k400,0,32,224x224
9994,bungee jumping/qZDnMYmbagw.mp4,bungee jumping,k400,0,32,224x224
9995,drinking/16PHEw_PsSk.mp4,drinking,k400,0,32,224x224
9996,hitting baseball/8H6nQo2-k1o.mp4,hitting baseball,k400,0,32,224x224
9997,snatch weight lifting/Q-_JoG-FtNs.mp4,snatch weight lifting,k400,0,32,224x224
9998,cooking chicken/xajfJ93QoGc.mp4,cooking chicken,k400,0,32,224x224
9999,petting animal (not cat)/_VHEVxVbk5A.mp4,petting animal (not cat),k400,0,32,224x224
10000,snorkeling/fCPST9GUQF8.mp4,snorkeling,k400,0,32,224x224
10001,making snowman/LwoT7J0T18c.mp4,making snowman,k400,0,32,224x224
10002,ice climbing/_yPKYRr9wSg.mp4,ice climbing,k400,0,32,224x224
10003,busking/UybMMj7Hfxg.mp4,busking,k400,0,32,224x224
10004,biking through snow/-YtMJtz0C0Y.mp4,biking through snow,k400,0,32,224x224
10005,catching or throwing frisbee/WUPGYa5e4PE.mp4,catching or throwing frisbee,k400,0,32,224x224
10006,throwing discus/VI8I0eLhvZw.mp4,throwing discus,k400,0,32,224x224
10007,feeding birds/UXLn4wyE47c.mp4,feeding birds,k400,0,32,224x224
10008,kicking field goal/7kwwUKll0FQ.mp4,kicking field goal,k400,0,32,224x224
10009,playing basketball/JUismpF88V0.mp4,playing basketball,k400,0,32,224x224
10010,waxing chest/rqJZh4LlT-w.mp4,waxing chest,k400,0,32,224x224
10011,cleaning floor/MGPl8wzmYCg.mp4,cleaning floor,k400,0,32,224x224
10012,reading newspaper/DIc8LTDTxiQ.mp4,reading newspaper,k400,0,32,224x224
10013,playing poker/TQruyvK3wBg.mp4,playing poker,k400,0,32,224x224
10014,tap dancing/YxkwUBfecNU.mp4,tap dancing,k400,0,32,224x224
10015,smoking/ir-VELos3y8.mp4,smoking,k400,0,32,224x224
10016,playing recorder/RflUu4YP-D4.mp4,playing recorder,k400,0,32,224x224
10017,hula hooping/a2d7P1G1DIE.mp4,hula hooping,k400,0,32,224x224
10018,abseiling/51taNPfG89o.mp4,abseiling,k400,0,32,224x224
10019,blowing glass/if6sXEaj4uM.mp4,blowing glass,k400,0,32,224x224
10020,javelin throw/LUnT1gGk6xU.mp4,javelin throw,k400,0,32,224x224
10021,cooking sausages/uP7xHhLtqEU.mp4,cooking sausages,k400,0,32,224x224
10022,wrapping present/4rdkh2RfNPQ.mp4,wrapping present,k400,0,32,224x224
10023,jumping into pool/eOK4_sYnM-k.mp4,jumping into pool,k400,0,32,224x224
10024,playing tennis/sh3sHBVYkb0.mp4,playing tennis,k400,0,32,224x224
10025,spinning poi/0qDgcLkW3ug.mp4,spinning poi,k400,0,32,224x224
10026,grinding meat/nttG8Vj5zUs.mp4,grinding meat,k400,0,32,224x224
10027,shoveling snow/FFWOLu6bGos.mp4,shoveling snow,k400,0,32,224x224
10028,cheerleading/3ldX2Ax7E_0.mp4,cheerleading,k400,0,32,224x224
10029,sailing/WDHeqJpXULM.mp4,sailing,k400,0,32,224x224
10030,presenting weather forecast/rTgSLZjSz1Y.mp4,presenting weather forecast,k400,0,32,224x224
10031,dodgeball/MWDdaZcocsw.mp4,dodgeball,k400,0,32,224x224
10032,triple jump/XkfxWHYgLTk.mp4,triple jump,k400,0,32,224x224
10033,spinning poi/heERcsh_h3U.mp4,spinning poi,k400,0,32,224x224
10034,making jewelry/DfhwmcVqCP8.mp4,making jewelry,k400,0,32,224x224
10035,contact juggling/hql6OsNQqIE.mp4,contact juggling,k400,0,32,224x224
10036,making a cake/rCOj5UrXkco.mp4,making a cake,k400,0,32,224x224
10037,frying vegetables/kObfYtwoyeM.mp4,frying vegetables,k400,0,32,224x224
10038,archery/01kR4-7DbN8.mp4,archery,k400,0,32,224x224
10039,robot dancing/f6obVb0LK18.mp4,robot dancing,k400,0,32,224x224
10040,riding elephant/hmpy48w42tY.mp4,riding elephant,k400,0,32,224x224
10041,abseiling/Pd8qpaC18BI.mp4,abseiling,k400,0,32,224x224
10042,long jump/C-DmTdINda8.mp4,long jump,k400,0,32,224x224
10043,finger snapping/7Hl_FsxiB7M.mp4,finger snapping,k400,0,32,224x224
10044,shaking head/rDbYGwFTjq0.mp4,shaking head,k400,0,32,224x224
10045,catching or throwing softball/QmQxDmA6_s4.mp4,catching or throwing softball,k400,0,32,224x224
10046,robot dancing/N3u6SswgmIA.mp4,robot dancing,k400,0,32,224x224
10047,playing bass guitar/2LGdG2GDVjY.mp4,playing bass guitar,k400,0,32,224x224
10048,dancing charleston/TXbXIJ7RgxA.mp4,dancing charleston,k400,0,32,224x224
10049,sled dog racing/349r_iVGS6k.mp4,sled dog racing,k400,0,32,224x224
10050,petting animal (not cat)/JZpUzVK-o7o.mp4,petting animal (not cat),k400,0,32,224x224
10051,riding mule/9wMObO56yiw.mp4,riding mule,k400,0,32,224x224
10052,high kick/oSP5tapw8_M.mp4,high kick,k400,0,32,224x224
10053,dunking basketball/nsQY2YL9-ww.mp4,dunking basketball,k400,0,32,224x224
10054,punching bag/ExsTfkJ6Y8Y.mp4,punching bag,k400,0,32,224x224
10055,pole vault/yjP6Nvs8YIU.mp4,pole vault,k400,0,32,224x224
10056,eating ice cream/UQFSnNjnkWU.mp4,eating ice cream,k400,0,32,224x224
10057,playing recorder/x85g9RTJEPc.mp4,playing recorder,k400,0,32,224x224
10058,riding a bike/D8wdDwEsWkE.mp4,riding a bike,k400,0,32,224x224
10059,diving cliff/dqwlHG5hUnQ.mp4,diving cliff,k400,0,32,224x224
10060,trimming or shaving beard/QOGF1swwByE.mp4,trimming or shaving beard,k400,0,32,224x224
10061,stretching leg/vBBs9q_o7K0.mp4,stretching leg,k400,0,32,224x224
10062,climbing tree/k7jH58mHFdo.mp4,climbing tree,k400,0,32,224x224
10063,juggling fire/eqegNXj85Bc.mp4,juggling fire,k400,0,32,224x224
10064,climbing a rope/6G_zxtQYubc.mp4,climbing a rope,k400,0,32,224x224
10065,eating ice cream/W94n9W4a1MU.mp4,eating ice cream,k400,0,32,224x224
10066,changing wheel/w9Xt4IWKy5A.mp4,changing wheel,k400,0,32,224x224
10067,washing dishes/ILsq5K0nSSQ.mp4,washing dishes,k400,0,32,224x224
10068,laughing/yBISaiEMzto.mp4,laughing,k400,0,32,224x224
10069,playing didgeridoo/OJ6VRXqb0q4.mp4,playing didgeridoo,k400,0,32,224x224
10070,finger snapping/a0KnR3jHuPg.mp4,finger snapping,k400,0,32,224x224
10071,pushing wheelchair/Nq0E0jeSzkc.mp4,pushing wheelchair,k400,0,32,224x224
10072,motorcycling/uoWrAudoFsI.mp4,motorcycling,k400,0,32,224x224
10073,playing volleyball/fSis0LAlJeU.mp4,playing volleyball,k400,0,32,224x224
10074,archery/_jmZMoD03o0.mp4,archery,k400,0,32,224x224
10075,playing trombone/ytLYmhON5K0.mp4,playing trombone,k400,0,32,224x224
10076,playing guitar/doo3dz3qCfs.mp4,playing guitar,k400,0,32,224x224
10077,breakdancing/MYUgsMlKFNU.mp4,breakdancing,k400,0,32,224x224
10078,snatch weight lifting/92UKCs47KBY.mp4,snatch weight lifting,k400,0,32,224x224
10079,playing cymbals/AaqiXvw2ALE.mp4,playing cymbals,k400,0,32,224x224
10080,reading newspaper/f8R9F1t4jnQ.mp4,reading newspaper,k400,0,32,224x224
10081,high kick/Po6-_wWFu98.mp4,high kick,k400,0,32,224x224
10082,catching or throwing frisbee/lOpXJRQ6WYs.mp4,catching or throwing frisbee,k400,0,32,224x224
10083,playing basketball/s5N2Z9Ve-hg.mp4,playing basketball,k400,0,32,224x224
10084,making a cake/CjgqtKy4jGc.mp4,making a cake,k400,0,32,224x224
10085,presenting weather forecast/795783tftow.mp4,presenting weather forecast,k400,0,32,224x224
10086,throwing axe/W7kI78EClwY.mp4,throwing axe,k400,0,32,224x224
10087,dancing charleston/Ktf8MExLh8A.mp4,dancing charleston,k400,0,32,224x224
10088,playing volleyball/7aQEdpowV3M.mp4,playing volleyball,k400,0,32,224x224
10089,squat/AfWQIkRZBYk.mp4,squat,k400,0,32,224x224
10090,making bed/3wHaxp4tAvE.mp4,making bed,k400,0,32,224x224
10091,pole vault/a10BVm2LTcM.mp4,pole vault,k400,0,32,224x224
10092,crying/sYrFQzmlE60.mp4,crying,k400,0,32,224x224
10093,canoeing or kayaking/YkM_aKGcnpU.mp4,canoeing or kayaking,k400,0,32,224x224
10094,cartwheeling/d31tO8zaqRY.mp4,cartwheeling,k400,0,32,224x224
10095,watering plants/jQp-7bxfqiw.mp4,watering plants,k400,0,32,224x224
10096,balloon blowing/Rty_0u3-kic.mp4,balloon blowing,k400,0,32,224x224
10097,training dog/-qC7E3t6smU.mp4,training dog,k400,0,32,224x224
10098,crying/tvvMDShjkc8.mp4,crying,k400,0,32,224x224
10099,blowing out candles/TZ6SISlCDAw.mp4,blowing out candles,k400,0,32,224x224
10100,pole vault/-dRAaQs6Qg4.mp4,pole vault,k400,0,32,224x224
10101,waxing eyebrows/dCmo0F8uUZs.mp4,waxing eyebrows,k400,0,32,224x224
10102,waxing eyebrows/6BkGl8a13Io.mp4,waxing eyebrows,k400,0,32,224x224
10103,eating ice cream/9-hyEb26hwU.mp4,eating ice cream,k400,0,32,224x224
10104,gymnastics tumbling/OWVPNBH00qw.mp4,gymnastics tumbling,k400,0,32,224x224
10105,headbanging/wgkGxj-yLcE.mp4,headbanging,k400,0,32,224x224
10106,situp/ThNGYGtzdTY.mp4,situp,k400,0,32,224x224
10107,milking cow/eGV57INqRNA.mp4,milking cow,k400,0,32,224x224
10108,getting a tattoo/j2lEU-fVxN8.mp4,getting a tattoo,k400,0,32,224x224
10109,cracking neck/M6y00QezNvA.mp4,cracking neck,k400,0,32,224x224
10110,zumba/n7j19ab8A6E.mp4,zumba,k400,0,32,224x224
10111,playing guitar/G373nt2anik.mp4,playing guitar,k400,0,32,224x224
10112,dodgeball/pmB8_7_oRzs.mp4,dodgeball,k400,0,32,224x224
10113,making tea/Yw_xO85YHz8.mp4,making tea,k400,0,32,224x224
10114,tap dancing/KoryxHEds58.mp4,tap dancing,k400,0,32,224x224
10115,snorkeling/cMUeyueGFqU.mp4,snorkeling,k400,0,32,224x224
10116,cleaning floor/xKn47OrYqnQ.mp4,cleaning floor,k400,0,32,224x224
10117,catching fish/JcwS9u1FYo0.mp4,catching fish,k400,0,32,224x224
10118,throwing discus/4o1wFi07NS8.mp4,throwing discus,k400,0,32,224x224
10119,eating ice cream/9Zxa59CT-vw.mp4,eating ice cream,k400,0,32,224x224
10120,opening present/8CLd_NeaLhw.mp4,opening present,k400,0,32,224x224
10121,sticking tongue out/6Fog7RPS6g0.mp4,sticking tongue out,k400,0,32,224x224
10122,walking the dog/wbvBVI3svm0.mp4,walking the dog,k400,0,32,224x224
10123,laughing/iq50BTjtQjM.mp4,laughing,k400,0,32,224x224
10124,salsa dancing/KwOxD1CRYFo.mp4,salsa dancing,k400,0,32,224x224
10125,passing American football (in game)/vREvF62Qd1A.mp4,passing American football (in game),k400,0,32,224x224
10126,playing chess/bswEJBQQG7U.mp4,playing chess,k400,0,32,224x224
10127,flipping pancake/Y8jV0GKTVHY.mp4,flipping pancake,k400,0,32,224x224
10128,bee keeping/CRkgy266nVA.mp4,bee keeping,k400,0,32,224x224
10129,crossing river/RjgUTxXkypo.mp4,crossing river,k400,0,32,224x224
10130,hula hooping/UNEdOMqCP5w.mp4,hula hooping,k400,0,32,224x224
10131,picking fruit/tgq8LMKprDQ.mp4,picking fruit,k400,0,32,224x224
10132,scrambling eggs/LhJzDndXAww.mp4,scrambling eggs,k400,0,32,224x224
10133,climbing tree/nbBfSzYy1lU.mp4,climbing tree,k400,0,32,224x224
10134,riding mule/w2rcufziZjM.mp4,riding mule,k400,0,32,224x224
10135,eating spaghetti/jNZaAbyWL1M.mp4,eating spaghetti,k400,0,32,224x224
10136,dancing charleston/gVCcvNi9IIA.mp4,dancing charleston,k400,0,32,224x224
10137,grooming dog/Ii-evkUQetg.mp4,grooming dog,k400,0,32,224x224
10138,trimming or shaving beard/h4dsqOQNrQ4.mp4,trimming or shaving beard,k400,0,32,224x224
10139,bartending/5RGy0hid9EY.mp4,bartending,k400,0,32,224x224
10140,playing cymbals/8_qLcgeTcEM.mp4,playing cymbals,k400,0,32,224x224
10141,laughing/XWvUYNHdNNA.mp4,laughing,k400,0,32,224x224
10142,applying cream/MIeir8eca0g.mp4,applying cream,k400,0,32,224x224
10143,country line dancing/E6c_EpmBm3c.mp4,country line dancing,k400,0,32,224x224
10144,finger snapping/otCc2l0Grmk.mp4,finger snapping,k400,0,32,224x224
10145,air drumming/_9SlRyQ2Aio.mp4,air drumming,k400,0,32,224x224
10146,flipping pancake/XVV_ovOK1Mc.mp4,flipping pancake,k400,0,32,224x224
10147,dancing gangnam style/B_Qd1F-hCDk.mp4,dancing gangnam style,k400,0,32,224x224
10148,tickling/WtW6XTSWvPc.mp4,tickling,k400,0,32,224x224
10149,busking/VjwWs4J-Eh4.mp4,busking,k400,0,32,224x224
10150,playing clarinet/srhyr4NrrJg.mp4,playing clarinet,k400,0,32,224x224
10151,golf putting/NJp9ccN6g6w.mp4,golf putting,k400,0,32,224x224
10152,archery/wVQqcz4JfvY.mp4,archery,k400,0,32,224x224
10153,eating burger/yaVN5BAdQFY.mp4,eating burger,k400,0,32,224x224
10154,playing accordion/q_A_7gEpF-Y.mp4,playing accordion,k400,0,32,224x224
10155,planting trees/n_8Djt2kMU4.mp4,planting trees,k400,0,32,224x224
10156,belly dancing/I5i6wbqjOkc.mp4,belly dancing,k400,0,32,224x224
10157,playing cards/YX7gU-Kumzo.mp4,playing cards,k400,0,32,224x224
10158,counting money/AnqMg8ljZdo.mp4,counting money,k400,0,32,224x224
10159,busking/tjuoTHo7xpg.mp4,busking,k400,0,32,224x224
10160,playing bagpipes/X5l_elzG2a4.mp4,playing bagpipes,k400,0,32,224x224
10161,cartwheeling/Z0Qc99vfTSs.mp4,cartwheeling,k400,0,32,224x224
10162,holding snake/zblXozrgWPc.mp4,holding snake,k400,0,32,224x224
10163,mowing lawn/WYWvv5erEg0.mp4,mowing lawn,k400,0,32,224x224
10164,shot put/xvdlBHQkw-s.mp4,shot put,k400,0,32,224x224
10165,belly dancing/SkB06xareqg.mp4,belly dancing,k400,0,32,224x224
10166,playing volleyball/Bc3avrX2OI4.mp4,playing volleyball,k400,0,32,224x224
10167,punching bag/8kpHbh-nXmQ.mp4,punching bag,k400,0,32,224x224
10168,riding camel/3usr-OQ59fM.mp4,riding camel,k400,0,32,224x224
10169,belly dancing/ZHrD0K0ZhUI.mp4,belly dancing,k400,0,32,224x224
10170,dodgeball/mQv7zsXeK-s.mp4,dodgeball,k400,0,32,224x224
10171,playing violin/mghq8L1m-bw.mp4,playing violin,k400,0,32,224x224
10172,clean and jerk/_Xlei2ZDvTU.mp4,clean and jerk,k400,0,32,224x224
10173,brushing teeth/hxIRMZQtryE.mp4,brushing teeth,k400,0,32,224x224
10174,playing violin/nK3GSdwMkwU.mp4,playing violin,k400,0,32,224x224
10175,water skiing/_itVTfOxER4.mp4,water skiing,k400,0,32,224x224
10176,catching or throwing frisbee/EiBmckJ4BKQ.mp4,catching or throwing frisbee,k400,0,32,224x224
10177,pole vault/ZMj4pny5FJM.mp4,pole vault,k400,0,32,224x224
10178,swimming backstroke/PYxR3QAMUBs.mp4,swimming backstroke,k400,0,32,224x224
10179,pull ups/NEYzcVnLP3w.mp4,pull ups,k400,0,32,224x224
10180,dancing macarena/DuSaXICcmf4.mp4,dancing macarena,k400,0,32,224x224
10181,contact juggling/0eqsuf2-Y6E.mp4,contact juggling,k400,0,32,224x224
10182,making snowman/HnkP5S8LAZs.mp4,making snowman,k400,0,32,224x224
10183,situp/7AJTJkbyWLs.mp4,situp,k400,0,32,224x224
10184,pole vault/9khfPOQrBE0.mp4,pole vault,k400,0,32,224x224
10185,sled dog racing/fqn3Ds4n6PU.mp4,sled dog racing,k400,0,32,224x224
10186,washing hair/3v14QopvKto.mp4,washing hair,k400,0,32,224x224
10187,cheerleading/gXXdNX0sqUQ.mp4,cheerleading,k400,0,32,224x224
10188,golf putting/DJ-r7jxvz1s.mp4,golf putting,k400,0,32,224x224
10189,front raises/6Q-P0jc4_58.mp4,front raises,k400,0,32,224x224
10190,swinging legs/s0v42-dlYtQ.mp4,swinging legs,k400,0,32,224x224
10191,swimming butterfly stroke/ChSzYY2R3tk.mp4,swimming butterfly stroke,k400,0,32,224x224
10192,skydiving/br8tGRi6U4g.mp4,skydiving,k400,0,32,224x224
10193,beatboxing/IPQktJWcx0E.mp4,beatboxing,k400,0,32,224x224
10194,hugging/hN8CKwdosjE.mp4,hugging,k400,0,32,224x224
10195,shaving head/0W79UM3_bEE.mp4,shaving head,k400,0,32,224x224
10196,blowing glass/c1hRHRo0uFM.mp4,blowing glass,k400,0,32,224x224
10197,blowing out candles/CZxOIIB6YuU.mp4,blowing out candles,k400,0,32,224x224
10198,capoeira/txo2N8DnP3U.mp4,capoeira,k400,0,32,224x224
10199,playing bass guitar/m3zjLEzQBuQ.mp4,playing bass guitar,k400,0,32,224x224
10200,riding or walking with horse/Knk1mZeIWrg.mp4,riding or walking with horse,k400,0,32,224x224
10201,zumba/DOLHTH97EKI.mp4,zumba,k400,0,32,224x224
10202,playing didgeridoo/n8H1wkidsNs.mp4,playing didgeridoo,k400,0,32,224x224
10203,reading newspaper/Dh_1WmuYIRM.mp4,reading newspaper,k400,0,32,224x224
10204,playing paintball/NIWUXu5dCzk.mp4,playing paintball,k400,0,32,224x224
10205,blasting sand/8jX3GX998OM.mp4,blasting sand,k400,0,32,224x224
10206,eating watermelon/IB6iiJHZj2o.mp4,eating watermelon,k400,0,32,224x224
10207,watering plants/h-od0VR3qdc.mp4,watering plants,k400,0,32,224x224
10208,counting money/d35AVX6S2ts.mp4,counting money,k400,0,32,224x224
10209,laying bricks/CgRB3pywWt0.mp4,laying bricks,k400,0,32,224x224
10210,playing monopoly/3M6wcDdewek.mp4,playing monopoly,k400,0,32,224x224
10211,crawling baby/ItUSqXkjR4o.mp4,crawling baby,k400,0,32,224x224
10212,lunge/7eSCzoAtbpM.mp4,lunge,k400,0,32,224x224
10213,walking the dog/CP2NCQ00qnY.mp4,walking the dog,k400,0,32,224x224
10214,waxing back/FGoLNv59dsE.mp4,waxing back,k400,0,32,224x224
10215,peeling apples/e9sZVBYNAto.mp4,peeling apples,k400,0,32,224x224
10216,unboxing/QD4O4eLSoI4.mp4,unboxing,k400,0,32,224x224
10217,roller skating/_ekbg55c1Cw.mp4,roller skating,k400,0,32,224x224
10218,welding/owwm_AjyZTQ.mp4,welding,k400,0,32,224x224
10219,brushing hair/apxbkRgcya0.mp4,brushing hair,k400,0,32,224x224
10220,climbing tree/8Sszxu2zRws.mp4,climbing tree,k400,0,32,224x224
10221,shearing sheep/iFwtZfko9QE.mp4,shearing sheep,k400,0,32,224x224
10222,playing ice hockey/bYmk7ndPhsw.mp4,playing ice hockey,k400,0,32,224x224
10223,feeding birds/KlMB4ceKNqk.mp4,feeding birds,k400,0,32,224x224
10224,playing accordion/8AfiSowtuiA.mp4,playing accordion,k400,0,32,224x224
10225,spraying/uuzD8C9i_qY.mp4,spraying,k400,0,32,224x224
10226,cleaning shoes/g80T9MuVJ5I.mp4,cleaning shoes,k400,0,32,224x224
10227,mowing lawn/Rw6talXkc2I.mp4,mowing lawn,k400,0,32,224x224
10228,crying/YvTummLzLGw.mp4,crying,k400,0,32,224x224
10229,using computer/yz7AjUgefjQ.mp4,using computer,k400,0,32,224x224
10230,tobogganing/PmnBTPOgaiw.mp4,tobogganing,k400,0,32,224x224
10231,bench pressing/oI_mMj-AEq4.mp4,bench pressing,k400,0,32,224x224
10232,balloon blowing/inx5TP2Qq0o.mp4,balloon blowing,k400,0,32,224x224
10233,washing dishes/oUeQU-Ls23E.mp4,washing dishes,k400,0,32,224x224
10234,sailing/nEjhR4tSMOg.mp4,sailing,k400,0,32,224x224
10235,windsurfing/vYYcf8q6G8s.mp4,windsurfing,k400,0,32,224x224
10236,bobsledding/7t_Awu2UWzg.mp4,bobsledding,k400,0,32,224x224
10237,riding unicycle/D3oaPHzfBD0.mp4,riding unicycle,k400,0,32,224x224
10238,playing kickball/AxIzT1shn14.mp4,playing kickball,k400,0,32,224x224
10239,rock scissors paper/CM0MzhHq6O8.mp4,rock scissors paper,k400,0,32,224x224
10240,tying tie/1ofynNksJRU.mp4,tying tie,k400,0,32,224x224
10241,bending metal/pvxQ8c9YC7E.mp4,bending metal,k400,0,32,224x224
10242,playing ukulele/4dlmi1DfaqA.mp4,playing ukulele,k400,0,32,224x224
10243,playing basketball/3QHVZIhtd-Q.mp4,playing basketball,k400,0,32,224x224
10244,dining/PScubgW1aYA.mp4,dining,k400,0,32,224x224
10245,catching or throwing baseball/cE21jjS0tpg.mp4,catching or throwing baseball,k400,0,32,224x224
10246,training dog/XrW9GCqXVSk.mp4,training dog,k400,0,32,224x224
10247,shining shoes/7tCXJXb01cA.mp4,shining shoes,k400,0,32,224x224
10248,dancing ballet/SI8pdrVhcUE.mp4,dancing ballet,k400,0,32,224x224
10249,playing volleyball/Q74cF225GnY.mp4,playing volleyball,k400,0,32,224x224
10250,shaking hands/lzZm13o2gPY.mp4,shaking hands,k400,0,32,224x224
10251,biking through snow/3-RGVms1jaM.mp4,biking through snow,k400,0,32,224x224
10252,braiding hair/uLOz5D7T5s0.mp4,braiding hair,k400,0,32,224x224
10253,passing American football (in game)/HSFrzirKP2s.mp4,passing American football (in game),k400,0,32,224x224
10254,kitesurfing/_vygs5LyM-s.mp4,kitesurfing,k400,0,32,224x224
10255,hammer throw/IjvfwQe3LuQ.mp4,hammer throw,k400,0,32,224x224
10256,crawling baby/kqIisP4waS4.mp4,crawling baby,k400,0,32,224x224
10257,drinking/8L4qees9J1s.mp4,drinking,k400,0,32,224x224
10258,zumba/2PNJOlqkG9s.mp4,zumba,k400,0,32,224x224
10259,playing ice hockey/GUpr-QSMZFs.mp4,playing ice hockey,k400,0,32,224x224
10260,playing ice hockey/KZJGmLysXKI.mp4,playing ice hockey,k400,0,32,224x224
10261,playing trombone/uiEid6SosC8.mp4,playing trombone,k400,0,32,224x224
10262,making pizza/FBJLfvlQUHQ.mp4,making pizza,k400,0,32,224x224
10263,hurling (sport)/ZvhDfYi_0lI.mp4,hurling (sport),k400,0,32,224x224
10264,shooting basketball/QV3Jou7kAJM.mp4,shooting basketball,k400,0,32,224x224
10265,building shed/kaVdjlhyTrs.mp4,building shed,k400,0,32,224x224
10266,parkour/HIsWL5n1mvI.mp4,parkour,k400,0,32,224x224
10267,hoverboarding/F1qF6tpEi2c.mp4,hoverboarding,k400,0,32,224x224
10268,swimming butterfly stroke/zofDdDi2Uuk.mp4,swimming butterfly stroke,k400,0,32,224x224
10269,singing/Wm_ipxestXc.mp4,singing,k400,0,32,224x224
10270,making pizza/C3M9xClRuXI.mp4,making pizza,k400,0,32,224x224
10271,eating doughnuts/MbvLHgxuE4g.mp4,eating doughnuts,k400,0,32,224x224
10272,abseiling/51GJ2uVXjvM.mp4,abseiling,k400,0,32,224x224
10273,balloon blowing/PJtkzuVzUnQ.mp4,balloon blowing,k400,0,32,224x224
10274,grooming dog/y8DfRBtTDMQ.mp4,grooming dog,k400,0,32,224x224
10275,tasting food/9obmKszXaCM.mp4,tasting food,k400,0,32,224x224
10276,trimming trees/wKZ9bOaZpmY.mp4,trimming trees,k400,0,32,224x224
10277,playing monopoly/SnnQkd2YYG8.mp4,playing monopoly,k400,0,32,224x224
10278,shaking head/9jlq4Zo41Fw.mp4,shaking head,k400,0,32,224x224
10279,playing volleyball/P1A388vhJhw.mp4,playing volleyball,k400,0,32,224x224
10280,tobogganing/rkwuuY0TeVk.mp4,tobogganing,k400,0,32,224x224
10281,snowboarding/4nxGSTvoghk.mp4,snowboarding,k400,0,32,224x224
10282,knitting/JWGU40tAjf4.mp4,knitting,k400,0,32,224x224
10283,fixing hair/K_A_12lxDJ4.mp4,fixing hair,k400,0,32,224x224
10284,pull ups/s92LydA1M68.mp4,pull ups,k400,0,32,224x224
10285,carrying baby/cO5L3smVGb8.mp4,carrying baby,k400,0,32,224x224
10286,tossing coin/ukSiZoRjC44.mp4,tossing coin,k400,0,32,224x224
10287,skiing slalom/_RowPnwaq7I.mp4,skiing slalom,k400,0,32,224x224
10288,changing wheel/N38JQw0ejsc.mp4,changing wheel,k400,0,32,224x224
10289,wrapping present/UkpxNrwX2vE.mp4,wrapping present,k400,0,32,224x224
10290,bending back/_hAsfdBEFyk.mp4,bending back,k400,0,32,224x224
10291,side kick/lILvnsXhZGI.mp4,side kick,k400,0,32,224x224
10292,snatch weight lifting/JQy4zMQEGww.mp4,snatch weight lifting,k400,0,32,224x224
10293,playing harp/nAT3grD013Y.mp4,playing harp,k400,0,32,224x224
10294,singing/arCGR8QnSxU.mp4,singing,k400,0,32,224x224
10295,playing didgeridoo/hB0QNj7gH2w.mp4,playing didgeridoo,k400,0,32,224x224
10296,ripping paper/c5wpVGWSXL4.mp4,ripping paper,k400,0,32,224x224
10297,decorating the christmas tree/3xZvYLCa5Vs.mp4,decorating the christmas tree,k400,0,32,224x224
10298,drawing/2wBwYulzpqo.mp4,drawing,k400,0,32,224x224
10299,parasailing/2tkUTtleTUU.mp4,parasailing,k400,0,32,224x224
10300,riding elephant/8DqP0yiiszU.mp4,riding elephant,k400,0,32,224x224
10301,auctioning/9I48x3cuCL8.mp4,auctioning,k400,0,32,224x224
10302,making bed/YuVh7SzyLtc.mp4,making bed,k400,0,32,224x224
10303,blowing glass/ihxXKfwdFg4.mp4,blowing glass,k400,0,32,224x224
10304,waxing legs/YvQRRyvxWLI.mp4,waxing legs,k400,0,32,224x224
10305,giving or receiving award/s_ywnZcYoS4.mp4,giving or receiving award,k400,0,32,224x224
10306,washing hands/9tX19TR5t2s.mp4,washing hands,k400,0,32,224x224
10307,windsurfing/OnwR4p9uXw4.mp4,windsurfing,k400,0,32,224x224
10308,skiing (not slalom or crosscountry)/VrOuZ8OjB_g.mp4,skiing (not slalom or crosscountry),k400,0,32,224x224
10309,catching or throwing frisbee/Mpf6Yzf9cRo.mp4,catching or throwing frisbee,k400,0,32,224x224
10310,bungee jumping/b320GwMSaao.mp4,bungee jumping,k400,0,32,224x224
10311,sailing/gYpnqYodXgg.mp4,sailing,k400,0,32,224x224
10312,long jump/5PTU11p4WQM.mp4,long jump,k400,0,32,224x224
10313,tapping guitar/Pmv3HyVUi7k.mp4,tapping guitar,k400,0,32,224x224
10314,playing harmonica/FlSLi5YEExw.mp4,playing harmonica,k400,0,32,224x224
10315,dodgeball/7gk2ky99gtA.mp4,dodgeball,k400,0,32,224x224
10316,trapezing/cEAmdBsxyCY.mp4,trapezing,k400,0,32,224x224
10317,hula hooping/cPtESpxZoQM.mp4,hula hooping,k400,0,32,224x224
10318,deadlifting/U9qhJ93JPm0.mp4,deadlifting,k400,0,32,224x224
10319,smoking/-N4zRqR3Gqo.mp4,smoking,k400,0,32,224x224
10320,biking through snow/-ZNy_J85TTc.mp4,biking through snow,k400,0,32,224x224
10321,moving furniture/XmidJsOfzLE.mp4,moving furniture,k400,0,32,224x224
10322,mopping floor/S5HA0cKdHHA.mp4,mopping floor,k400,0,32,224x224
10323,petting animal (not cat)/IJtIOTXvLZg.mp4,petting animal (not cat),k400,0,32,224x224
10324,archery/TCrvq_j4ZlE.mp4,archery,k400,0,32,224x224
10325,wrapping present/WVB7Az9b7eA.mp4,wrapping present,k400,0,32,224x224
10326,tying bow tie/jQTcSbc4OSA.mp4,tying bow tie,k400,0,32,224x224
10327,somersaulting/nhZcFKQh6-I.mp4,somersaulting,k400,0,32,224x224
10328,filling eyebrows/Ov8RKaN3qjA.mp4,filling eyebrows,k400,0,32,224x224
10329,shoveling snow/Xv3iXwQl0nY.mp4,shoveling snow,k400,0,32,224x224
10330,shoveling snow/ve9YWUv7aRU.mp4,shoveling snow,k400,0,32,224x224
10331,mowing lawn/Bb-3cMIwPiU.mp4,mowing lawn,k400,0,32,224x224
10332,shot put/hmA5YVXigOY.mp4,shot put,k400,0,32,224x224
10333,slacklining/aw20zJlbxkM.mp4,slacklining,k400,0,32,224x224
10334,presenting weather forecast/g_oxF3Ffxlo.mp4,presenting weather forecast,k400,0,32,224x224
10335,playing tennis/zk88K6i7WEY.mp4,playing tennis,k400,0,32,224x224
10336,sweeping floor/nsK1S-asBGQ.mp4,sweeping floor,k400,0,32,224x224
10337,deadlifting/UP3l7bV0vZ8.mp4,deadlifting,k400,0,32,224x224
10338,shaving head/X4sw-m0peKI.mp4,shaving head,k400,0,32,224x224
10339,tickling/nUYU7TuJr6o.mp4,tickling,k400,0,32,224x224
10340,cleaning shoes/9iOU6DllPK0.mp4,cleaning shoes,k400,0,32,224x224
10341,dining/ouR5f8Z87ME.mp4,dining,k400,0,32,224x224
10342,spray painting/-Ce6Imxcch8.mp4,spray painting,k400,0,32,224x224
10343,playing cello/we6ofDEo0kk.mp4,playing cello,k400,0,32,224x224
10344,playing harmonica/1IAqWTOdBHw.mp4,playing harmonica,k400,0,32,224x224
10345,riding unicycle/8HMbBqewtW4.mp4,riding unicycle,k400,0,32,224x224
10346,feeding fish/REC91kKYNyg.mp4,feeding fish,k400,0,32,224x224
10347,cleaning pool/wcwf3wM2djc.mp4,cleaning pool,k400,0,32,224x224
10348,wrapping present/WviDVDVq16s.mp4,wrapping present,k400,0,32,224x224
10349,walking the dog/uw_MUhiXDSQ.mp4,walking the dog,k400,0,32,224x224
10350,front raises/4rTZpQQt14I.mp4,front raises,k400,0,32,224x224
10351,blowing glass/Y32jVuxUqgc.mp4,blowing glass,k400,0,32,224x224
10352,flipping pancake/eEwH14Yu5Bk.mp4,flipping pancake,k400,0,32,224x224
10353,waxing legs/b2rOfTC5Iko.mp4,waxing legs,k400,0,32,224x224
10354,playing recorder/o8-23JpJeJc.mp4,playing recorder,k400,0,32,224x224
10355,shoveling snow/4-9mOAMyBaU.mp4,shoveling snow,k400,0,32,224x224
10356,waxing legs/p812YGYkmYM.mp4,waxing legs,k400,0,32,224x224
10357,filling eyebrows/LCaADoP6EKA.mp4,filling eyebrows,k400,0,32,224x224
10358,riding mechanical bull/Olfle8zXf94.mp4,riding mechanical bull,k400,0,32,224x224
10359,smoking/bE919YDmfL8.mp4,smoking,k400,0,32,224x224
10360,beatboxing/Zm0jzuCtqwI.mp4,beatboxing,k400,0,32,224x224
10361,weaving basket/QFy4YH5ypeE.mp4,weaving basket,k400,0,32,224x224
10362,contact juggling/LpzOh_Wsl14.mp4,contact juggling,k400,0,32,224x224
10363,playing cards/MQ-HYYJHjW4.mp4,playing cards,k400,0,32,224x224
10364,extinguishing fire/1adWmAnjKR8.mp4,extinguishing fire,k400,0,32,224x224
10365,punching bag/A34YoXnySvI.mp4,punching bag,k400,0,32,224x224
10366,driving car/4kucheWTE8c.mp4,driving car,k400,0,32,224x224
10367,tasting beer/7EVeEf9dYrc.mp4,tasting beer,k400,0,32,224x224
10368,hurling (sport)/H1_fivUFHnw.mp4,hurling (sport),k400,0,32,224x224
10369,gargling/CcF8z-nxXU8.mp4,gargling,k400,0,32,224x224
10370,playing cricket/LiZ9dDryWZs.mp4,playing cricket,k400,0,32,224x224
10371,catching or throwing frisbee/apz9RlQ2wQ0.mp4,catching or throwing frisbee,k400,0,32,224x224
10372,presenting weather forecast/fNuMS9zz2Cw.mp4,presenting weather forecast,k400,0,32,224x224
10373,front raises/QeldHqaX8UU.mp4,front raises,k400,0,32,224x224
10374,tapping pen/Mx1jQd5eKX8.mp4,tapping pen,k400,0,32,224x224
10375,shaving legs/l7iav317Ucw.mp4,shaving legs,k400,0,32,224x224
10376,riding elephant/7Nhl6BvyrGY.mp4,riding elephant,k400,0,32,224x224
10377,knitting/otEVO1ZbzWY.mp4,knitting,k400,0,32,224x224
10378,skipping rope/AKoregkLJgc.mp4,skipping rope,k400,0,32,224x224
10379,stretching arm/v2Of62-iaCk.mp4,stretching arm,k400,0,32,224x224
10380,playing piano/p2P04JsL5O0.mp4,playing piano,k400,0,32,224x224
10381,clay pottery making/12wNKw8Q-aI.mp4,clay pottery making,k400,0,32,224x224
10382,archery/03K5DawMTgg.mp4,archery,k400,0,32,224x224
10383,playing ice hockey/WPn3kz3fxvY.mp4,playing ice hockey,k400,0,32,224x224
10384,brushing hair/PLHyyqm3hIc.mp4,brushing hair,k400,0,32,224x224
10385,getting a haircut/DVfLVHvMclo.mp4,getting a haircut,k400,0,32,224x224
10386,feeding fish/RI574A3a5PY.mp4,feeding fish,k400,0,32,224x224
10387,catching or throwing frisbee/oIR-RU11v5o.mp4,catching or throwing frisbee,k400,0,32,224x224
10388,building shed/n-6rCkgs5OM.mp4,building shed,k400,0,32,224x224
10389,catching or throwing softball/ww-W6m1wz0Y.mp4,catching or throwing softball,k400,0,32,224x224
10390,waxing eyebrows/_2zJFg19kHo.mp4,waxing eyebrows,k400,0,32,224x224
10391,swimming backstroke/_33ta6queqQ.mp4,swimming backstroke,k400,0,32,224x224
10392,washing feet/a739cm17Mw8.mp4,washing feet,k400,0,32,224x224
10393,driving car/3KzNcY8vJQs.mp4,driving car,k400,0,32,224x224
10394,diving cliff/xKy_QjZcUrE.mp4,diving cliff,k400,0,32,224x224
10395,passing American football (in game)/WVMjg8cMwbc.mp4,passing American football (in game),k400,0,32,224x224
10396,making jewelry/Us0WKGW3fG0.mp4,making jewelry,k400,0,32,224x224
10397,biking through snow/ux6KVB0KgOE.mp4,biking through snow,k400,0,32,224x224
10398,pull ups/TNuOCGOnKTw.mp4,pull ups,k400,0,32,224x224
10399,shoveling snow/FW6S8ntEOx8.mp4,shoveling snow,k400,0,32,224x224
10400,contact juggling/ZN7Ehy3xui4.mp4,contact juggling,k400,0,32,224x224
10401,scuba diving/QibTyEML7po.mp4,scuba diving,k400,0,32,224x224
10402,country line dancing/sg2OIHAjjV8.mp4,country line dancing,k400,0,32,224x224
10403,picking fruit/ghKzyNWc0oo.mp4,picking fruit,k400,0,32,224x224
10404,passing American football (not in game)/scJXd9zWpsc.mp4,passing American football (not in game),k400,0,32,224x224
10405,salsa dancing/vnDuLOikyMw.mp4,salsa dancing,k400,0,32,224x224
10406,shaking hands/JM6-YY_GkvY.mp4,shaking hands,k400,0,32,224x224
10407,surfing crowd/UHF4Zax9z7g.mp4,surfing crowd,k400,0,32,224x224
10408,clean and jerk/cHKIpkW1lDI.mp4,clean and jerk,k400,0,32,224x224
10409,climbing a rope/72AMAiJl1I8.mp4,climbing a rope,k400,0,32,224x224
10410,playing violin/gLa3EUTcCsQ.mp4,playing violin,k400,0,32,224x224
10411,making a sandwich/MgkCdNXcbCY.mp4,making a sandwich,k400,0,32,224x224
10412,opening present/WRdar7NS5Yc.mp4,opening present,k400,0,32,224x224
10413,playing squash or racquetball/xP5tu5oWZaI.mp4,playing squash or racquetball,k400,0,32,224x224
10414,making pizza/dz0hRB7nPxU.mp4,making pizza,k400,0,32,224x224
10415,canoeing or kayaking/9O-ML2cuM8E.mp4,canoeing or kayaking,k400,0,32,224x224
10416,slapping/xqxGsRaJaq8.mp4,slapping,k400,0,32,224x224
10417,eating carrots/SwTyDc2U6oA.mp4,eating carrots,k400,0,32,224x224
10418,marching/1msUutQMZyM.mp4,marching,k400,0,32,224x224
10419,bookbinding/0UuzBKzUQw8.mp4,bookbinding,k400,0,32,224x224
10420,hammer throw/r3JqUQR3M-I.mp4,hammer throw,k400,0,32,224x224
10421,scuba diving/b62DICn8RLg.mp4,scuba diving,k400,0,32,224x224
10422,contact juggling/k9RBOlkAeqQ.mp4,contact juggling,k400,0,32,224x224
10423,laughing/YPaacAZJN1s.mp4,laughing,k400,0,32,224x224
10424,crossing river/LNAlfyR1FME.mp4,crossing river,k400,0,32,224x224
10425,spraying/_jFAUWZwEUk.mp4,spraying,k400,0,32,224x224
10426,playing poker/6RSTkR1_uuA.mp4,playing poker,k400,0,32,224x224
10427,playing cello/LSI1JfaJoYI.mp4,playing cello,k400,0,32,224x224
10428,knitting/J0kG10YbKh4.mp4,knitting,k400,0,32,224x224
10429,tapping guitar/WqHGzJp_9Vw.mp4,tapping guitar,k400,0,32,224x224
10430,decorating the christmas tree/s2jhdEqFVS0.mp4,decorating the christmas tree,k400,0,32,224x224
10431,drinking/BwNUu8AC_po.mp4,drinking,k400,0,32,224x224
10432,javelin throw/FYq5Bqfh7LM.mp4,javelin throw,k400,0,32,224x224
10433,blowing glass/o74ls2hQ2B4.mp4,blowing glass,k400,0,32,224x224
10434,biking through snow/2tyGGHiBsAQ.mp4,biking through snow,k400,0,32,224x224
10435,waiting in line/-P3Xo6aOe_c.mp4,waiting in line,k400,0,32,224x224
10436,peeling apples/jbwFZaBwux0.mp4,peeling apples,k400,0,32,224x224
10437,cheerleading/lORQwIv276w.mp4,cheerleading,k400,0,32,224x224
10438,playing cricket/1MK0zk3Uwf0.mp4,playing cricket,k400,0,32,224x224
10439,passing American football (not in game)/vSEfBi8zqvI.mp4,passing American football (not in game),k400,0,32,224x224
10440,passing American football (in game)/9x6C8idOSMI.mp4,passing American football (in game),k400,0,32,224x224
10441,jetskiing/AX-xbT1ShQk.mp4,jetskiing,k400,0,32,224x224
10442,dining/c76rzlzspAc.mp4,dining,k400,0,32,224x224
10443,cutting watermelon/v-fF4-8L8oM.mp4,cutting watermelon,k400,0,32,224x224
10444,archery/CukaHTiUEoU.mp4,archery,k400,0,32,224x224
10445,krumping/Kw-8WEx5LUY.mp4,krumping,k400,0,32,224x224
10446,tasting food/rbHnzpzAkJM.mp4,tasting food,k400,0,32,224x224
10447,playing guitar/AomvEquCagM.mp4,playing guitar,k400,0,32,224x224
10448,flipping pancake/X1Seq1fepuA.mp4,flipping pancake,k400,0,32,224x224
10449,eating cake/eh77wUmFIIU.mp4,eating cake,k400,0,32,224x224
10450,snowkiting/cnfn7pxhdxc.mp4,snowkiting,k400,0,32,224x224
10451,playing drums/4TqcIXT9Brg.mp4,playing drums,k400,0,32,224x224
10452,pushing car/0qDLiShAXOY.mp4,pushing car,k400,0,32,224x224
10453,riding unicycle/aUMRJDBGjwY.mp4,riding unicycle,k400,0,32,224x224
10454,shot put/-4_M902vHy8.mp4,shot put,k400,0,32,224x224
10455,triple jump/0D5EtIJEakA.mp4,triple jump,k400,0,32,224x224
10456,blowing glass/WJW4WDbKIzc.mp4,blowing glass,k400,0,32,224x224
10457,weaving basket/u8EpCC80gMg.mp4,weaving basket,k400,0,32,224x224
10458,playing controller/LDDgU6U4y94.mp4,playing controller,k400,0,32,224x224
10459,massaging person's head/Q6JR1b6SNeg.mp4,massaging person's head,k400,0,32,224x224
10460,stretching leg/xFKvLMwvYJA.mp4,stretching leg,k400,0,32,224x224
10461,hurdling/RNaxgxr4wGo.mp4,hurdling,k400,0,32,224x224
10462,fixing hair/Cq5V3kpwedk.mp4,fixing hair,k400,0,32,224x224
10463,blowing glass/ii7TKC6_gBM.mp4,blowing glass,k400,0,32,224x224
10464,blowing leaves/16a65wnUux0.mp4,blowing leaves,k400,0,32,224x224
10465,baking cookies/PLfrD6gX0pQ.mp4,baking cookies,k400,0,32,224x224
10466,juggling soccer ball/JoHKbd5YG80.mp4,juggling soccer ball,k400,0,32,224x224
10467,diving cliff/hIkOu0MBfqA.mp4,diving cliff,k400,0,32,224x224
10468,contact juggling/n7Czjn-f-Ns.mp4,contact juggling,k400,0,32,224x224
10469,playing accordion/dt1WhxqhHys.mp4,playing accordion,k400,0,32,224x224
10470,slacklining/5nQ72tk45qs.mp4,slacklining,k400,0,32,224x224
10471,curling hair/gkecTSUbY8c.mp4,curling hair,k400,0,32,224x224
10472,hula hooping/_jUdcIhVtuQ.mp4,hula hooping,k400,0,32,224x224
10473,contact juggling/XsIEJxGBn9k.mp4,contact juggling,k400,0,32,224x224
10474,riding mountain bike/LaEaKWkXxUY.mp4,riding mountain bike,k400,0,32,224x224
10475,juggling balls/bfSwBZ9fDp8.mp4,juggling balls,k400,0,32,224x224
10476,bandaging/stdt0_P2xfw.mp4,bandaging,k400,0,32,224x224
10477,catching or throwing baseball/-jIBrJAYBeg.mp4,catching or throwing baseball,k400,0,32,224x224
10478,washing feet/NN27JZr0DH4.mp4,washing feet,k400,0,32,224x224
10479,playing recorder/2aI2O382nvI.mp4,playing recorder,k400,0,32,224x224
10480,sanding floor/z858Iwa3Fq8.mp4,sanding floor,k400,0,32,224x224
10481,clean and jerk/OgyVtM3RoY0.mp4,clean and jerk,k400,0,32,224x224
10482,eating doughnuts/uLCPgKlZ6tU.mp4,eating doughnuts,k400,0,32,224x224
10483,jumping into pool/Dj4tVZq4rX4.mp4,jumping into pool,k400,0,32,224x224
10484,making pizza/As1nwvN6RcY.mp4,making pizza,k400,0,32,224x224
10485,feeding fish/w0D06Exh4qA.mp4,feeding fish,k400,0,32,224x224
10486,triple jump/K3VSMeJEBu8.mp4,triple jump,k400,0,32,224x224
10487,cooking egg/hRWxY4jx-P4.mp4,cooking egg,k400,0,32,224x224
10488,egg hunting/Zmr0Lq6q6rI.mp4,egg hunting,k400,0,32,224x224
10489,clapping/XbVXO7pht_E.mp4,clapping,k400,0,32,224x224
10490,tying tie/F3CbcJPMLAk.mp4,tying tie,k400,0,32,224x224
10491,smoking hookah/NV6FdQRerHs.mp4,smoking hookah,k400,0,32,224x224
10492,abseiling/UP6kAnZLET8.mp4,abseiling,k400,0,32,224x224
10493,assembling computer/5diChJFerXo.mp4,assembling computer,k400,0,32,224x224
10494,folding napkins/U7B280EOCEw.mp4,folding napkins,k400,0,32,224x224
10495,air drumming/CD1DwNuzStM.mp4,air drumming,k400,0,32,224x224
10496,zumba/E2W2LejTYsk.mp4,zumba,k400,0,32,224x224
10497,playing volleyball/hupq6xSIFQw.mp4,playing volleyball,k400,0,32,224x224
10498,playing squash or racquetball/fDkxEFhhd7U.mp4,playing squash or racquetball,k400,0,32,224x224
10499,assembling computer/mNpNRFJZEU0.mp4,assembling computer,k400,0,32,224x224
10500,crossing river/Yn5s56qbZPE.mp4,crossing river,k400,0,32,224x224
10501,catching or throwing frisbee/_7N6JW6pyJE.mp4,catching or throwing frisbee,k400,0,32,224x224
10502,water sliding/IpJXOAfBnRY.mp4,water sliding,k400,0,32,224x224
10503,spraying/coSzzKdb8uU.mp4,spraying,k400,0,32,224x224
10504,eating spaghetti/UH4orxXuoHI.mp4,eating spaghetti,k400,0,32,224x224
10505,playing violin/L2S1MwmffuA.mp4,playing violin,k400,0,32,224x224
10506,bookbinding/rlFZQm5VDW4.mp4,bookbinding,k400,0,32,224x224
10507,roller skating/1RTeI7qLCNA.mp4,roller skating,k400,0,32,224x224
10508,massaging back/rXr-RXBN0m0.mp4,massaging back,k400,0,32,224x224
10509,opening bottle/lKy0A2mUWLE.mp4,opening bottle,k400,0,32,224x224
10510,shot put/3nueqqrGfJg.mp4,shot put,k400,0,32,224x224
10511,blasting sand/KhW_6Iq8_Ao.mp4,blasting sand,k400,0,32,224x224
10512,abseiling/03NbvjuSoxk.mp4,abseiling,k400,0,32,224x224
10513,trimming or shaving beard/4MrBPSs0GTY.mp4,trimming or shaving beard,k400,0,32,224x224
10514,surfing water/7P70jpqLTfU.mp4,surfing water,k400,0,32,224x224
10515,shaving head/NQ5i2Hd-anM.mp4,shaving head,k400,0,32,224x224
10516,smoking hookah/eGr_Z3zsrKk.mp4,smoking hookah,k400,0,32,224x224
10517,riding a bike/QkRGMYXL24c.mp4,riding a bike,k400,0,32,224x224
10518,doing aerobics/v4d9aFOLqWo.mp4,doing aerobics,k400,0,32,224x224
10519,hurdling/EYqHdHtMGDk.mp4,hurdling,k400,0,32,224x224
10520,brushing teeth/rrfajLIhHA8.mp4,brushing teeth,k400,0,32,224x224
10521,recording music/Cb4nWjjiLq0.mp4,recording music,k400,0,32,224x224
10522,drinking beer/vYMIJudp6sw.mp4,drinking beer,k400,0,32,224x224
10523,blowing out candles/Yoq4anORRrM.mp4,blowing out candles,k400,0,32,224x224
10524,playing xylophone/_Wv9RcXNSYM.mp4,playing xylophone,k400,0,32,224x224
10525,swimming breast stroke/Fksmj2HH-MQ.mp4,swimming breast stroke,k400,0,32,224x224
10526,playing squash or racquetball/JAKOknkAq_M.mp4,playing squash or racquetball,k400,0,32,224x224
10527,bench pressing/DiiAjEcHLg4.mp4,bench pressing,k400,0,32,224x224
10528,welding/DRCwZAt59FI.mp4,welding,k400,0,32,224x224
10529,swimming breast stroke/Rq_zTRykP-8.mp4,swimming breast stroke,k400,0,32,224x224
10530,playing harmonica/bpHdHkhHFMc.mp4,playing harmonica,k400,0,32,224x224
10531,riding camel/ZgfbjhasMbw.mp4,riding camel,k400,0,32,224x224
10532,waxing chest/x7lRfx3eios.mp4,waxing chest,k400,0,32,224x224
10533,getting a tattoo/oZ1a30X1xi8.mp4,getting a tattoo,k400,0,32,224x224
10534,hammer throw/Onu4Foidjw4.mp4,hammer throw,k400,0,32,224x224
10535,doing nails/OFyANM01a3Y.mp4,doing nails,k400,0,32,224x224
10536,passing American football (in game)/OldRXKGKvHk.mp4,passing American football (in game),k400,0,32,224x224
10537,extinguishing fire/eLk9PTvOfvY.mp4,extinguishing fire,k400,0,32,224x224
10538,throwing discus/MJoJtaqK3Bc.mp4,throwing discus,k400,0,32,224x224
10539,abseiling/kGomAlkQook.mp4,abseiling,k400,0,32,224x224
10540,catching fish/iTLQpPM0Zhw.mp4,catching fish,k400,0,32,224x224
10541,playing violin/DCSPU2-MmYY.mp4,playing violin,k400,0,32,224x224
10542,playing monopoly/HfMnqi-mdg4.mp4,playing monopoly,k400,0,32,224x224
10543,marching/UgVxRb6bOTc.mp4,marching,k400,0,32,224x224
10544,crying/udoIXoAWLfk.mp4,crying,k400,0,32,224x224
10545,waiting in line/D_WXcJqsSnk.mp4,waiting in line,k400,0,32,224x224
10546,watering plants/IUebDDqcmnY.mp4,watering plants,k400,0,32,224x224
10547,throwing axe/kyFku1dl7u4.mp4,throwing axe,k400,0,32,224x224
10548,playing cards/yjZzdKpCf-Y.mp4,playing cards,k400,0,32,224x224
10549,kitesurfing/jjfAtkcCcII.mp4,kitesurfing,k400,0,32,224x224
10550,tying knot (not on a tie)/6P_ESBr3ais.mp4,tying knot (not on a tie),k400,0,32,224x224
10551,playing bagpipes/Saz5YNGkEf8.mp4,playing bagpipes,k400,0,32,224x224
10552,shaking head/2aH6jpDi7sw.mp4,shaking head,k400,0,32,224x224
10553,hammer throw/SxKaDPQmvQk.mp4,hammer throw,k400,0,32,224x224
10554,cutting nails/b1Y3WVrSpd8.mp4,cutting nails,k400,0,32,224x224
10555,jumping into pool/Qgf7ZQGUJ6U.mp4,jumping into pool,k400,0,32,224x224
10556,spinning poi/9l9xc6OnQ1A.mp4,spinning poi,k400,0,32,224x224
10557,blowing out candles/KmfKzl0o-GA.mp4,blowing out candles,k400,0,32,224x224
10558,passing American football (not in game)/AEHbFBQcBLE.mp4,passing American football (not in game),k400,0,32,224x224
10559,carving pumpkin/eyfxehS8glA.mp4,carving pumpkin,k400,0,32,224x224
10560,riding scooter/TYF_ycd1uvA.mp4,riding scooter,k400,0,32,224x224
10561,arm wrestling/PHHxF9znKOw.mp4,arm wrestling,k400,0,32,224x224
10562,surfing crowd/st2PRn2c6Bs.mp4,surfing crowd,k400,0,32,224x224
10563,diving cliff/84pQBmfgN34.mp4,diving cliff,k400,0,32,224x224
10564,hitting baseball/y4x9_Jmo6ts.mp4,hitting baseball,k400,0,32,224x224
10565,playing monopoly/wOCI9cla-Gk.mp4,playing monopoly,k400,0,32,224x224
10566,playing bass guitar/W1mn9_TpduU.mp4,playing bass guitar,k400,0,32,224x224
10567,massaging back/Hvp_hmrgvMc.mp4,massaging back,k400,0,32,224x224
10568,situp/wDwoaYkccwg.mp4,situp,k400,0,32,224x224
10569,swimming butterfly stroke/7WyR8V1QPAE.mp4,swimming butterfly stroke,k400,0,32,224x224
10570,playing trumpet/mXciEdR9F0c.mp4,playing trumpet,k400,0,32,224x224
10571,sailing/yY7QaLdNQuM.mp4,sailing,k400,0,32,224x224
10572,arranging flowers/3sAMBPrSw-A.mp4,arranging flowers,k400,0,32,224x224
10573,dunking basketball/RdgatNOSSYc.mp4,dunking basketball,k400,0,32,224x224
10574,reading book/EicHnDpddaA.mp4,reading book,k400,0,32,224x224
10575,tobogganing/5L0D4OBMwn8.mp4,tobogganing,k400,0,32,224x224
10576,cooking chicken/jzOlND5SU5k.mp4,cooking chicken,k400,0,32,224x224
10577,hitting baseball/u7Ccz8M1ey4.mp4,hitting baseball,k400,0,32,224x224
10578,snatch weight lifting/FhjsezRLJSk.mp4,snatch weight lifting,k400,0,32,224x224
10579,petting cat/Qbfkq7lwXwA.mp4,petting cat,k400,0,32,224x224
10580,dribbling basketball/a7Qqp0TIQYQ.mp4,dribbling basketball,k400,0,32,224x224
10581,doing laundry/mZ9GscUVbt0.mp4,doing laundry,k400,0,32,224x224
10582,breakdancing/PLx5KIHF31Q.mp4,breakdancing,k400,0,32,224x224
10583,filling eyebrows/XVM3RH5xZqM.mp4,filling eyebrows,k400,0,32,224x224
10584,driving tractor/gMstqIpqXMM.mp4,driving tractor,k400,0,32,224x224
10585,swimming butterfly stroke/vDrc5meBNxc.mp4,swimming butterfly stroke,k400,0,32,224x224
10586,sailing/bNGuGvAvr7Y.mp4,sailing,k400,0,32,224x224
10587,playing cards/mVwwAEcn8xw.mp4,playing cards,k400,0,32,224x224
10588,hurling (sport)/89S-sQUWIcg.mp4,hurling (sport),k400,0,32,224x224
10589,feeding goats/e-IKpUhwUcA.mp4,feeding goats,k400,0,32,224x224
10590,writing/png34PYKWno.mp4,writing,k400,0,32,224x224
10591,cleaning floor/168M5NZnVQ0.mp4,cleaning floor,k400,0,32,224x224
10592,tickling/reQF4tpDFrw.mp4,tickling,k400,0,32,224x224
10593,blasting sand/V7rPO_Gl0hE.mp4,blasting sand,k400,0,32,224x224
10594,roller skating/829zOrUNRKM.mp4,roller skating,k400,0,32,224x224
10595,sign language interpreting/eYs0mEZurWg.mp4,sign language interpreting,k400,0,32,224x224
10596,windsurfing/ZVeyiYGKozM.mp4,windsurfing,k400,0,32,224x224
10597,eating chips/C6Ei8HR2hjI.mp4,eating chips,k400,0,32,224x224
10598,pushing car/eTi-9NMRINQ.mp4,pushing car,k400,0,32,224x224
10599,playing badminton/wCg0r5UVqTQ.mp4,playing badminton,k400,0,32,224x224
10600,making jewelry/BR6pdYib6B4.mp4,making jewelry,k400,0,32,224x224
10601,windsurfing/PYHpHgYOYHU.mp4,windsurfing,k400,0,32,224x224
10602,canoeing or kayaking/oUYAZzqNMLA.mp4,canoeing or kayaking,k400,0,32,224x224
10603,getting a haircut/8pnWBOsyZFo.mp4,getting a haircut,k400,0,32,224x224
10604,busking/oeVe0nEMGAY.mp4,busking,k400,0,32,224x224
10605,hurdling/uYrh8ifFUpA.mp4,hurdling,k400,0,32,224x224
10606,cleaning floor/E40Hx-6lmd8.mp4,cleaning floor,k400,0,32,224x224
10607,waiting in line/01ZUyG4ka7k.mp4,waiting in line,k400,0,32,224x224
10608,pull ups/I9f8Bm3kitk.mp4,pull ups,k400,0,32,224x224
10609,spinning poi/6Nemhace6r8.mp4,spinning poi,k400,0,32,224x224
10610,barbequing/e2kt5yZxr4g.mp4,barbequing,k400,0,32,224x224
10611,brushing hair/odqCV7uHIXk.mp4,brushing hair,k400,0,32,224x224
10612,flying kite/Xwgx_ZC-6AQ.mp4,flying kite,k400,0,32,224x224
10613,scuba diving/uyTO9zKaJWs.mp4,scuba diving,k400,0,32,224x224
10614,country line dancing/LsLceO1pC4M.mp4,country line dancing,k400,0,32,224x224
10615,eating ice cream/M2-hPLA9JWU.mp4,eating ice cream,k400,0,32,224x224
10616,feeding birds/DoQujIxtCpg.mp4,feeding birds,k400,0,32,224x224
10617,bandaging/oIaVJsvcOd0.mp4,bandaging,k400,0,32,224x224
10618,trimming or shaving beard/q17TzrCRM34.mp4,trimming or shaving beard,k400,0,32,224x224
10619,biking through snow/cqXT4MVmojI.mp4,biking through snow,k400,0,32,224x224
10620,contact juggling/zOo8ap9vH7s.mp4,contact juggling,k400,0,32,224x224
10621,playing cymbals/VwmBbW2ScTQ.mp4,playing cymbals,k400,0,32,224x224
10622,checking tires/Hm4R2WSbaiM.mp4,checking tires,k400,0,32,224x224
10623,playing paintball/f0GGM3mqtRo.mp4,playing paintball,k400,0,32,224x224
10624,cooking on campfire/AzxYTNWxEd0.mp4,cooking on campfire,k400,0,32,224x224
10625,tai chi/w4JN369Dagk.mp4,tai chi,k400,0,32,224x224
10626,trimming trees/e-Hh1uWRap0.mp4,trimming trees,k400,0,32,224x224
10627,eating watermelon/07dNCmvxNIg.mp4,eating watermelon,k400,0,32,224x224
10628,waxing back/0Skfa-DRW30.mp4,waxing back,k400,0,32,224x224
10629,country line dancing/u4ELYn4ERcY.mp4,country line dancing,k400,0,32,224x224
10630,beatboxing/Jkr-0lv_E0E.mp4,beatboxing,k400,0,32,224x224
10631,capoeira/4k3iDiSIPMo.mp4,capoeira,k400,0,32,224x224
10632,trapezing/3h0rIJJmSF4.mp4,trapezing,k400,0,32,224x224
10633,snorkeling/MxSLOKvll3I.mp4,snorkeling,k400,0,32,224x224
10634,watering plants/RWilw4T-GKc.mp4,watering plants,k400,0,32,224x224
10635,tai chi/25y5bG_4bv8.mp4,tai chi,k400,0,32,224x224
10636,blowing out candles/HjjsVmLOdBU.mp4,blowing out candles,k400,0,32,224x224
10637,frying vegetables/kOjoXnSoOi8.mp4,frying vegetables,k400,0,32,224x224
10638,dancing macarena/QvpRvPPEIyg.mp4,dancing macarena,k400,0,32,224x224
10639,clean and jerk/vpF9yBpR414.mp4,clean and jerk,k400,0,32,224x224
10640,brushing teeth/aaYhFjh7oUY.mp4,brushing teeth,k400,0,32,224x224
10641,pull ups/oZCmVZ2wtpc.mp4,pull ups,k400,0,32,224x224
10642,parkour/DGNGXr9nUH4.mp4,parkour,k400,0,32,224x224
10643,driving tractor/VpuXPRzIIhM.mp4,driving tractor,k400,0,32,224x224
10644,playing didgeridoo/uPlrgOyqPEk.mp4,playing didgeridoo,k400,0,32,224x224
10645,gargling/UXQj7IGs2NQ.mp4,gargling,k400,0,32,224x224
10646,cooking chicken/Ig6WjHtjeIA.mp4,cooking chicken,k400,0,32,224x224
10647,jetskiing/9zpEwD38lL8.mp4,jetskiing,k400,0,32,224x224
10648,baby waking up/38QWS2QcC5M.mp4,baby waking up,k400,0,32,224x224
10649,headbanging/yknGIs4MtzQ.mp4,headbanging,k400,0,32,224x224
10650,egg hunting/Xx3a72onAhA.mp4,egg hunting,k400,0,32,224x224
10651,passing American football (in game)/ZVRrnRKKKBs.mp4,passing American football (in game),k400,0,32,224x224
10652,washing hands/p2usJHNp28c.mp4,washing hands,k400,0,32,224x224
10653,tasting food/qdemVBFxngU.mp4,tasting food,k400,0,32,224x224
10654,shaving head/bQLo1-dY6N4.mp4,shaving head,k400,0,32,224x224
10655,contact juggling/T4Jt7MsjhEM.mp4,contact juggling,k400,0,32,224x224
10656,yawning/bTshWMdIhL4.mp4,yawning,k400,0,32,224x224
10657,mowing lawn/W_RQuKH6e90.mp4,mowing lawn,k400,0,32,224x224
10658,catching or throwing baseball/NoL6tnkyjtY.mp4,catching or throwing baseball,k400,0,32,224x224
10659,playing bass guitar/ysCNJRxbqtQ.mp4,playing bass guitar,k400,0,32,224x224
10660,weaving basket/17jSrwPw5tY.mp4,weaving basket,k400,0,32,224x224
10661,shining shoes/zgH9WmNmKk0.mp4,shining shoes,k400,0,32,224x224
10662,riding elephant/YIGyuTkOlYc.mp4,riding elephant,k400,0,32,224x224
10663,juggling balls/cqd5z6wV5Iw.mp4,juggling balls,k400,0,32,224x224
10664,tap dancing/0w2gF3RahO8.mp4,tap dancing,k400,0,32,224x224
10665,playing xylophone/RLTfUZrrgEw.mp4,playing xylophone,k400,0,32,224x224
10666,throwing axe/5fPFWil1ctU.mp4,throwing axe,k400,0,32,224x224
10667,folding paper/SeYIiR9Qluw.mp4,folding paper,k400,0,32,224x224
10668,gymnastics tumbling/9ltQQk3-Rds.mp4,gymnastics tumbling,k400,0,32,224x224
10669,slacklining/oLiIKdyFjf0.mp4,slacklining,k400,0,32,224x224
10670,juggling balls/detPoIkRxKk.mp4,juggling balls,k400,0,32,224x224
10671,sled dog racing/sWK7rQ1SlsE.mp4,sled dog racing,k400,0,32,224x224
10672,playing paintball/gHHH4hIQ3l4.mp4,playing paintball,k400,0,32,224x224
10673,snowmobiling/OFhRP55QQQE.mp4,snowmobiling,k400,0,32,224x224
10674,catching fish/AIuWwyX_2fc.mp4,catching fish,k400,0,32,224x224
10675,blasting sand/fpZDSV8VieM.mp4,blasting sand,k400,0,32,224x224
10676,decorating the christmas tree/t7jyidxrIeI.mp4,decorating the christmas tree,k400,0,32,224x224
10677,crossing river/SUV2kon5_fg.mp4,crossing river,k400,0,32,224x224
10678,changing oil/nbcm4CdT2qQ.mp4,changing oil,k400,0,32,224x224
10679,busking/_OjqKPf3544.mp4,busking,k400,0,32,224x224
10680,scrambling eggs/IRyXx2GUA8U.mp4,scrambling eggs,k400,0,32,224x224
10681,hurdling/XmCaHrYLYzE.mp4,hurdling,k400,0,32,224x224
10682,tying tie/QE4kU7JxKPg.mp4,tying tie,k400,0,32,224x224
10683,bench pressing/UoNIkXQ3xpw.mp4,bench pressing,k400,0,32,224x224
10684,eating spaghetti/GlLlqiBMLx8.mp4,eating spaghetti,k400,0,32,224x224
10685,eating watermelon/MuW4_D2f5rg.mp4,eating watermelon,k400,0,32,224x224
10686,eating ice cream/6aAm7nqzC9k.mp4,eating ice cream,k400,0,32,224x224
10687,krumping/5c-3plrssnw.mp4,krumping,k400,0,32,224x224
10688,headbanging/NN49kTDHvtU.mp4,headbanging,k400,0,32,224x224
10689,tai chi/Urbue6RpzEM.mp4,tai chi,k400,0,32,224x224
10690,milking cow/RFzNwsHeB3g.mp4,milking cow,k400,0,32,224x224
10691,playing ice hockey/XXTUgpz_On0.mp4,playing ice hockey,k400,0,32,224x224
10692,tickling/NYeesDBku1U.mp4,tickling,k400,0,32,224x224
10693,checking tires/Naskpf_DsQA.mp4,checking tires,k400,0,32,224x224
10694,reading newspaper/uAyu24gTFY8.mp4,reading newspaper,k400,0,32,224x224
10695,kitesurfing/EWN8mm5R31I.mp4,kitesurfing,k400,0,32,224x224
10696,testifying/LurWKxXsvYI.mp4,testifying,k400,0,32,224x224
10697,spray painting/igEVncRSElw.mp4,spray painting,k400,0,32,224x224
10698,trapezing/K_-9j8Eb77U.mp4,trapezing,k400,0,32,224x224
10699,filling eyebrows/X6oc-KBjSKc.mp4,filling eyebrows,k400,0,32,224x224
10700,snowmobiling/CFK2hjamGTA.mp4,snowmobiling,k400,0,32,224x224
10701,parkour/IJxSUtpQSdU.mp4,parkour,k400,0,32,224x224
10702,spray painting/lpmgJ1-kiw8.mp4,spray painting,k400,0,32,224x224
10703,country line dancing/Yh_z442YkE4.mp4,country line dancing,k400,0,32,224x224
10704,krumping/M8T2611pg1U.mp4,krumping,k400,0,32,224x224
10705,squat/ercLsrQEs7c.mp4,squat,k400,0,32,224x224
10706,making jewelry/mOI1ERdZgMg.mp4,making jewelry,k400,0,32,224x224
10707,climbing a rope/ksJhB3x52Ac.mp4,climbing a rope,k400,0,32,224x224
10708,shearing sheep/53KoRxxr1jc.mp4,shearing sheep,k400,0,32,224x224
10709,situp/LDEAB4cWirU.mp4,situp,k400,0,32,224x224
10710,motorcycling/LIslIeWmxsE.mp4,motorcycling,k400,0,32,224x224
10711,catching fish/H6o9wADsZds.mp4,catching fish,k400,0,32,224x224
10712,checking tires/5dfoQp0b7xU.mp4,checking tires,k400,0,32,224x224
10713,riding camel/WDXhQi4EnMQ.mp4,riding camel,k400,0,32,224x224
10714,somersaulting/RLOyEaga3w0.mp4,somersaulting,k400,0,32,224x224
10715,dancing charleston/s9rcheMwvrA.mp4,dancing charleston,k400,0,32,224x224
10716,hammer throw/G2GQu2Y2NZQ.mp4,hammer throw,k400,0,32,224x224
10717,getting a haircut/WcslreG27Tk.mp4,getting a haircut,k400,0,32,224x224
10718,swimming breast stroke/GbkvoIHnW1I.mp4,swimming breast stroke,k400,0,32,224x224
10719,exercising arm/xtyHh9-GeRc.mp4,exercising arm,k400,0,32,224x224
10720,brushing teeth/Ia3Aa4AO-_E.mp4,brushing teeth,k400,0,32,224x224
10721,news anchoring/ytQ-NuRPA7A.mp4,news anchoring,k400,0,32,224x224
10722,headbutting/RcXj6GqUyfc.mp4,headbutting,k400,0,32,224x224
10723,parkour/zyOjt5wzsIY.mp4,parkour,k400,0,32,224x224
10724,shooting basketball/RCSa4U_-AEI.mp4,shooting basketball,k400,0,32,224x224
10725,tying tie/8QC25kvqCxo.mp4,tying tie,k400,0,32,224x224
10726,abseiling/fxIfAQKF-5E.mp4,abseiling,k400,0,32,224x224
10727,washing dishes/mvrtikcTvhc.mp4,washing dishes,k400,0,32,224x224
10728,playing recorder/y-ixJPtxCHE.mp4,playing recorder,k400,0,32,224x224
10729,cheerleading/EFGYFzNEW8g.mp4,cheerleading,k400,0,32,224x224
10730,arranging flowers/wcb5vJAwz6o.mp4,arranging flowers,k400,0,32,224x224
10731,spraying/JdzeuQS8aBk.mp4,spraying,k400,0,32,224x224
10732,brushing teeth/aVban8bLL2U.mp4,brushing teeth,k400,0,32,224x224
10733,hurling (sport)/bS2shxhKm68.mp4,hurling (sport),k400,0,32,224x224
10734,slacklining/E1TFgzfEUwk.mp4,slacklining,k400,0,32,224x224
10735,reading book/Gkid2lJaSEU.mp4,reading book,k400,0,32,224x224
10736,scrambling eggs/s65GEgCm4JA.mp4,scrambling eggs,k400,0,32,224x224
10737,squat/wr_0qIjSHNU.mp4,squat,k400,0,32,224x224
10738,finger snapping/jOO_rN-T2to.mp4,finger snapping,k400,0,32,224x224
10739,waxing legs/pJtXxfOyX4U.mp4,waxing legs,k400,0,32,224x224
10740,tying knot (not on a tie)/kSPO_YR_EWE.mp4,tying knot (not on a tie),k400,0,32,224x224
10741,milking cow/INnDQhUhYS4.mp4,milking cow,k400,0,32,224x224
10742,push up/3ND3t_F_Qn4.mp4,push up,k400,0,32,224x224
10743,playing basketball/iHaGM7PZ5hg.mp4,playing basketball,k400,0,32,224x224
10744,clean and jerk/yej5pM4U-0Q.mp4,clean and jerk,k400,0,32,224x224
10745,surfing crowd/EFJnZj4g_M4.mp4,surfing crowd,k400,0,32,224x224
10746,salsa dancing/2RZk57LWN0A.mp4,salsa dancing,k400,0,32,224x224
10747,paragliding/JzRX5mRgw-s.mp4,paragliding,k400,0,32,224x224
10748,capoeira/2FK9owo2y1s.mp4,capoeira,k400,0,32,224x224
10749,clean and jerk/04aZ_Pkwut8.mp4,clean and jerk,k400,0,32,224x224
10750,marching/u8D1EhUhb78.mp4,marching,k400,0,32,224x224
10751,dancing macarena/zom4NcrmzyA.mp4,dancing macarena,k400,0,32,224x224
10752,training dog/VOUMmWXQ0B0.mp4,training dog,k400,0,32,224x224
10753,sniffing/VUfsIUAO3uM.mp4,sniffing,k400,0,32,224x224
10754,hitting baseball/SduvPZodFOQ.mp4,hitting baseball,k400,0,32,224x224
10755,using remote controller (not gaming)/wC4QVsspiok.mp4,using remote controller (not gaming),k400,0,32,224x224
10756,cheerleading/YOGf6SYlIHw.mp4,cheerleading,k400,0,32,224x224
10757,dancing ballet/fMSC9RMd8Ng.mp4,dancing ballet,k400,0,32,224x224
10758,jumpstyle dancing/EIRIJPcmif0.mp4,jumpstyle dancing,k400,0,32,224x224
10759,dancing ballet/ATdFkrMcnO4.mp4,dancing ballet,k400,0,32,224x224
10760,singing/6Q1ZIKYpb2w.mp4,singing,k400,0,32,224x224
10761,frying vegetables/HvMACdKztlU.mp4,frying vegetables,k400,0,32,224x224
10762,tapping guitar/WPzZDyaIsn0.mp4,tapping guitar,k400,0,32,224x224
10763,playing cards/fQ5PVvJAJM0.mp4,playing cards,k400,0,32,224x224
10764,scrambling eggs/kp83gpPEAO0.mp4,scrambling eggs,k400,0,32,224x224
10765,making pizza/lE8xlA6Z_fM.mp4,making pizza,k400,0,32,224x224
10766,playing tennis/nofkztEpnB8.mp4,playing tennis,k400,0,32,224x224
10767,sharpening pencil/SwMqT5EHV4o.mp4,sharpening pencil,k400,0,32,224x224
10768,skateboarding/wIyQVtG0-1I.mp4,skateboarding,k400,0,32,224x224
10769,hurdling/A3BKEuGEfBM.mp4,hurdling,k400,0,32,224x224
10770,blowing glass/gs4M2vBtUns.mp4,blowing glass,k400,0,32,224x224
10771,pole vault/eq3bMihiYo0.mp4,pole vault,k400,0,32,224x224
10772,playing keyboard/_KO7xYXL7O0.mp4,playing keyboard,k400,0,32,224x224
